:020000040800F2
:10780000A82E0020D5780008BDF40008CDCD0008D2
:107810000000000000000000000000000000000068
:10782000000000000000000000000000BDF700089C
:107830000000000000000000B1F6000809F8000890
:10784000E7780008E7780008A9F70008E77800085B
:10785000E778000815960008E77800081F960008EA
:10786000E7780008E7780008C98E0008E778000884
:10787000E7780008E7780008E7780008E77800086C
:10788000E7780008E7780008E778000800000000C3
:10789000E7780008E7780008E7780008E77800084C
:1078A000E7780008E7780008E7780008C1080108D1
:1078B000D108010839F7000800000000E778000847
:1078C0000348854600F0BEFF00480047AD3F010871
:1078D000A82E00200448804704480047FEE7FEE742
:1078E000FEE7FEE7FEE7FEE765FA0008C17800085C
:1078F00030B50B46014600202022012409E00D4648
:10790000D5409D4205D31D469540491B25469540CF
:1079100040191546521E002DF1DC30BD70B5002413
:107920002546002801DA01244042002901DA012518
:107930004942FFF7DDFFAC4200D04042002C00D0AE
:10794000494270BDF0B51FB40646002082B005461E
:107950004024019100901BE0019922460F463046D9
:1079600000F0FDFD049A059B801A994110D3104642
:107970001946224600F0E3FD361A8F410197224650
:1079800001200021009F00F0DAFD38184D410090E1
:107990002046641E0028DFDC019B00982946324601
:1079A00007B0F0BDF0B51FB486B000200090019084
:1079B00002900698069980B204900798090C020478
:1079C0000014114307900027089D099806913E4630
:1079D0003C4603900398A9B20204000C039004985B
:1079E0002D0C154348430021224600F0A8FDC7197D
:1079F000714110340E46402CECDB3846029A00F000
:107A00009EFD009A019B80180090594102980191B7
:107A1000103002904028CCDB00980BB0F0BD000085
:107A2000004870471CD7010801466139192900D860
:107A30002038704738B50446C0681821401E4843B6
:107A4000A16840183C214843616840183C214843E4
:107A50002168451860690C21484321694018692153
:107A6000C900401A3021FFF759FF114A504342190B
:107A7000084600921A2902DB0E49511800910C2188
:107A8000FFF74CFF0C4A5043009A801800900B48B7
:107A900006E0491E425C074B5A43009BD2180092F5
:107AA0000029F6DC2146684600F086FD009838BDC6
:107AB000801F8607805101008033E10120D7010833
:107AC00070B50546002900D10721541AFF206E30F9
:107AD000241D844209DB286800F03DF9A04204DC43
:107AE0002868401C2860012070BD002C05DA286839
:107AF000401E286000F02FF9041907212046FFF7E7
:107B00000DFF401C70BDFFB589B009981D460024CB
:107B100002920890A20002AB99580878491C99502B
:107B200000280DD0252810D00A9901290AD90999D1
:107B300008700998401C09900A98401E0A90F6E0C7
:107B4000641EF4E000200DB0F0BD0878491C995087
:107B50000028F5D03021022607915A28EFD020DCEA
:107B60004D287BD014DC442842D008DC2528DBD00B
:107B700041282AD042282ED04328E0D130E04628A0
:107B80003DD047284ED0482857D04928D7D156E075
:107B90005238030009F083F8087779A1838693A10E
:107BA000A3CB6138030009F07AF8190E14192125C6
:107BB000C22F14C253C2C2565BC261C26CC272747D
:107BC000C287969BC2006FA000E075A0A9690691CC
:107BD000BCE082A000E08D482969F8E78CA140E074
:107BE00064216869FFF79AFE13307CE0E8687AE068
:107BF0008BA105E0E86806902020079074E08BA137
:107C0000641CA200995092E08B486969081806909C
:107C100006A8EA69A969FFF753FF64210698FFF7F0
:107C20007DFE12E08448696904260818069006A8BB
:107C3000EA69A969FFF744FF56E0A86853E0A8681D
:107C40000C211730FFF76AFE491C06914CE005E055
:107C50000326E86900E02869401C44E0686842E0C7
:107C600076A1641CA20002A8815060E0A8680C28DC
:107C700001DA73A000E073A0641CA20002A988507E
:107C800055E071A1EDE773A1EBE728682BE073A144
:107C9000E7E7A8690126002825D1072023E0A96984
:107CA000E86912E0644869690818069006A8EA695C
:107CB000A969FFF705FF16E00126A86913E0A86986
:107CC0000721801DFFF72AFEE869401A0721C01D21
:107CD000FFF724FE07E052A1C3E761A1C1E7042634
:107CE000554869690818069000206946087101AF77
:107CF00015E00A210698FFF711FE30317F1E39701A
:107D00000A210698FFF70AFE0690002807D102E034
:107D10007F1E079838703046761E0028F8DC304603
:107D2000761E0028E5DC641CA10002A84750002C48
:107D300000DBEFE609990020087008990998401ABD
:107D400001E70178401C0029FBD106994A1E0692E2
:107D50000029F6DC90E710B5044681070BD16421B9
:107D6000FFF7DCFD00290AD1FF2191312046FFF702
:107D7000D5FD002903D00020FF306E3010BD01205A
:107D8000FAE7000053756E004D6F6E005475650084
:107D90005765640054687500467269005361740049
:107DA00053756E646179004D6F6E6461790054752E
:107DB0006573646179005765646E65736461790009
:107DC0005468757273646179004672696461790000
:107DD0005361747572646179000000004A616E003D
:107DE000466562004D617200417072004D6179001C
:107DF0004A756E004A756C004175670053657000E6
:107E00004F6374004E6F7600446563002CD7010801
:107E10002561202562202565202554202559000054
:107E2000256D2F25642F25790000000025592D256B
:107E30006D2D2564000000006C0700000A000000A2
:107E4000414D0000504D000025493A254D3A25533B
:107E50002025700025483A254D000000090000004B
:107E600025483A254D3A25530000000010B5034639
:107E700006A21A210B48FFF746FE0A48017A30296C
:107E800001D120210172074810BD00002561202585
:107E9000622025642025483A254D3A25532025594E
:107EA0000A000000602A002010B500F07DFBFFF7FB
:107EB000DDFF10BD03460B439B0703D009E008C953
:107EC000121F08C0042AFAD203E00B780370401C8A
:107ED000491C521EF9D27047D2B201E00270401C18
:107EE000491EFBD270470022F6E710B513460A463A
:107EF00004461946FFF7F0FF204610BD421E537896
:107F0000521C002BFBD10B781370491C521C002B08
:107F1000F9D1704730B505462A460B4610781C78D3
:107F2000521C5B1C002801D0A042F7D0002C03D0CB
:107F3000002802D06D1CEFE7284630BD10B504467E
:107F400005E00B780370401C002B00D0491C521E2A
:107F5000F7D2204610BDCAB2401E4178401C8A426A
:107F600002D00029F9D100207047421C0178401C42
:107F70000029FBD1801A704710B5002200E0521C86
:107F8000835C8C5CA34201D1002BF8D1D8B2E1B262
:107F9000401A10BD0246C9B200E0401C0378002B15
:107FA000FBD102E003788B4203D0401E9042F9D20D
:107FB000002070470321001D401E037812021A435F
:107FC000491EF9D51046704770B5064608F0C0FE48
:107FD000046805460A220021304600F027FB2C6089
:107FE00070BD024670B54A40D30FDB0740002DD06C
:107FF0004A002AD0010E140E000212020919400A8A
:10800000520A8418E50104465443000A120A2E0459
:108010005043A4194219200CC543AA18120C01257B
:10802000AD03521C521912047F39240400D0521C93
:10803000104301D44000491EC2B20C06C0092018EA
:10804000401C4008802A02D003E0002070BD400898
:108050004000002900DA0020184370BD70B50246C8
:108060004A40D50F40004A00ED074008520800285A
:1080700014D0002A12D0C40DD30D41020120C00536
:108080005202490A520AE41A091812187D34914220
:1080900001D3641C00E04900002C01DA002070BD0F
:1080A0000023914201D3891A034340084900002864
:1080B000F7D100290AD0914202D10121C90705E078
:1080C000914201D2012101E00121C943E005C0181C
:1080D000401900F0E3FA70BDF0B507460846584075
:1080E00087B0C00F049048000E4659004008490868
:1080F000BC1A884105D2384631461E4617460B4603
:1081000002465800400810434CD0300D0390400503
:108110005900400D490D0590401A0290402872DA2E
:1081200018030121000B09050843019004980092EF
:10813000002805D001995242002088410092019008
:10814000029840210A1A0199009800F0F8F90546B2
:108150000C466B4607CB00F013FAC0197141039A25
:108160000E0D0023D71756401A467A40164344D0C6
:10817000049A002A2DD0029A012A039A15DC1205CE
:10818000C01A914101263605001C7141D20F059E8F
:10819000D2070093019202962A46234600F0CCFAB9
:1081A00007B0F0BD38463146FAE71605224A0F46B9
:1081B000B218C01AB74101210905001C4F4100182F
:1081C0007F41114618187941E20F10436D1964413F
:1081D00013E0E2076D0815436408C2071443039ACD
:1081E00001261205C01A91413605001C7141CE07C7
:1081F000400830434908C01851412A46234600F040
:108200008EFACDE7FFE7049801224000C117121A49
:1082100000238B4104983146C417381AA141EEE778
:1082200030B40124E407634030BC55E730B4012486
:10823000E407614030BC4FE70000E0FFF0B51FB439
:1082400088B00B990998002448400999C00F49004B
:1082500049080991C0070B990090490049080B9102
:1082600009990898A64608431CD00B990A98084318
:1082700018D0099801244000420D4800410D09988A
:1082800024050003000B204309900B980003000B0A
:1082900020430B9050181C494018002201901446AE
:1082A000104605E0002001460DB0F0BD032801DABC
:1082B000034600E003239C46C11A0AAE0AE05F00B1
:1082C00008ADED5B4F00F75B7D430027AA187C41AA
:1082D000491C5B1E6145F2DD410004AB5A5221048A
:1082E000120C0A43240C401C0828DFDB0198029082
:1082F0000099704601910090059B049A0799069891
:1083000000F01AFAD0E700000DFCFFFFF0B50C46B4
:108310005C4085B0E40FE40703944C000026640839
:1083200059009446490802460296224321D06246EB
:108330000A431ED06200570D4A000E032303550D59
:10834000012402462C492405781B1B0B360B4018D0
:1083500023432643614600901C46501AB44103D380
:108360000098401C009002E0921800985B410028A1
:1083700003DA0020014605B0F0BD00200121090507
:108380000746864611E064461D46141BB54106D3D8
:108390006546521BB341744607430C43A646CD07BE
:1083A00040084908284392185B4105460D43EAD12D
:1083B0001046184313D06046194650407140084398
:1083C00006D06046101AB34106D20122002306E00F
:1083D00000220123DB0702E00122D2435310009860
:1083E00074460105381C6141029C039D00196941D6
:1083F00000F095F9BFE70000FD03000070B54B00E9
:108400005B0803430BD04B005C0D002633466542EE
:10841000B341D417AD1AA34102DB0020014670BD61
:1084200012053018514170BDC217C10F504010B530
:108430004018CA079623002100F038F910BD00004B
:108440000EB5C217C10F5040CA0740180021054B96
:108450000293019200910A460B4600F06DF903B0B9
:1084600000BD0000330400000EB505490291002153
:1084700000910A460B46019100F05EF903B000BD81
:1084800033040000C20F410040020123400ADB0513
:10849000D207090EC0187F2901DA002070479629FB
:1084A00003DC9623591AC84001E096398840002A17
:1084B000F4D040427047410040020122400AD205F8
:1084C000090E80187F2901DA00207047962903DC05
:1084D0009622511AC8407047963988407047C20F9B
:1084E000D207400040080BD0C10D0723DB01C9189B
:1084F00040020905400A1143C20840071143704772
:10850000002001467047CB0FDB07490010B5490832
:1085100002460A4307D00A0D07240903E401090BA8
:10852000121B002A01DC002010BDC900440F0C43BF
:10853000C100E018D205801800F0B0F810BD10B5E9
:10854000202A04DB0146203A9140002010BD9140D2
:1085500020239C1A0346E3401943904010BD10B5F8
:10856000202A04DB0846203AD040002110BD0B46EB
:10857000D340D0402024A21A91400843194610BD90
:1085800010B5202A06DBCB170846203A1041C11748
:108590000B4306E00B461341D0402024A21A914021
:1085A0000843194610BD000010B5024900F004F858
:1085B00010BD00007C2A002070B50C4600683C21EC
:1085C000FFF796F921603C21FFF792F961601821CD
:1085D000FFF78EF90546A1600721001DFFF788F916
:1085E000A1610F48A90008180E49FFF781F902465A
:1085F000443288086261E0613B2802D3910700D0D1
:10860000401C0021084B0A462161995C814203D835
:10861000401A521C2261F8E7401CE060204670BD01
:108620006C0B0000B505000082D70108F7B5009C6F
:108630000F4600262578641C002D05D0FFF7F0F9C1
:108640000068405DC007F5D12B2D02D02D2D18D02C
:10865000641E39462046029A00F006F9002F04D025
:108660003968A14201D100993960710502240029BD
:108670000BDA4042002803DD08F06AFB0460A00723
:10868000FEBD012080020643E3E70028F8DA08F087
:108690005FFB04600048FEBDFFFFFF7F002904DA96
:1086A000401C490001D140084000704770B40024CC
:1086B000050C05D11024000402D1002921D0112479
:1086C000050E01D100020834050F01D10001241D5F
:1086D000850F01D18000A41C002801DB4000641C30
:1086E000002908D020252E1B0D46F540A14000D0C2
:1086F00001212943084301061B1B000ADB1D02D58B
:10870000002070BC7047DB05181880180029F8DAC3
:10871000401C4900F5D170BC40084000704710B5BE
:10872000002B08DA0024401C614192185B411A4377
:1087300001D14008400010BDF0B51FB482B005461D
:108740000C0003D0084608F07BFA02E008F078FA43
:1087500020300246009021462846FFF7F0FE049B99
:10876000059A04460F4618431143084314D018468F
:1087700010431BD0009840210A1A18460599FFF7AC
:10878000EEFE05460E46009A05990498FFF7D7FEBF
:10879000084305D0012004E02046394607B0F0BD6B
:1087A0000020C11705430E432C43374300990E9810
:1087B0006305401A7905E40A00220C43FD0A0A30D9
:1087C00002D500200146E9E70105101969410C9C1A
:1087D0000D9D00196941FFF7A2FFDFE74A00090379
:1087E0000123090B1B0519430A4B10B5520D9A4280
:1087F00002DA0020014610BD064B34339A4203DCF6
:108800009A1AFFF7ACFE10BD034BD218FFF797FE84
:1088100010BD0000FF030000CDFBFFFF10B50029D5
:1088200004DB0124E40740428C412146002B04DB99
:108830001C460123DB075242A341994200D19042DA
:1088400010BD0000064C0125064E05E0E36807CC8C
:108850002B430C3C98471034B442F7D3FFF734F85D
:10886000C8E20108E8E20108F7B582B0029C0027DF
:108870002078641C15460197302802D0002D15D0B1
:1088800015E020780127641C782804D0582802D0ED
:10889000002D09D00BE0002D01D0102D07D10027AD
:1088A00010252078641C02E0082500E00A25002637
:1088B000009610E00099012769430818020C294628
:1088C00080B2714300908E183804864201D3012093
:1088D00001902078641C294600F019F80028E9DA94
:1088E0000398002805D0002F01D0641E00E0029CF0
:1088F00004600198002806D008F02AFA02210160DD
:10890000C81E05B0F0BD009930040843F9E73A28C5
:1089100000D23038202302469A43412A01D3104620
:108920003738884201D30020C043704770B58C1897
:108930000578401C6B075B0F01D10378401C2A119E
:1089400006D10278401C03E006780E70401C491CDA
:108950005B1EF9D12B0705D40023521E0DD40B70DA
:10896000491CFAE70378401CCB1A921C03E01D78DF
:108970000D70491C5B1C521EF9D5A142D8D30020B2
:1089800070BD000070B5044603F02CFF01461F487F
:10899000008E48431E49FEF7C1FFFFF745FD05461F
:1089A0001C48007800282CD11B4884420BD1284653
:1089B000FFF795FD04460E4601F050FF01462246A2
:1089C000334616A01BE01B4884420BD12846FFF714
:1089D00086FD04460E4601F041FF0146224633461D
:1089E00015A00CE0012C0CD12846FFF778FD0646B7
:1089F0000C4601F033FF01463246234614A008F02E
:108A0000FBF82846FFF757FD80B270BD94000020A8
:108A1000FF0F000019000020100000105B25645DAE
:108A20006164635F6D562831293A252E32660D0A3E
:108A300000000000020000045B25645D6164635F68
:108A40006D562832293A252E32660D0A00000000A4
:108A50005B25645D6164635F6D562833293A252E7A
:108A600032660D0A0000000038B504460648054984
:108A70000068FEF73DFF604300E0401E00900028C4
:108A8000FBD138BD40420F00A4010020F8B50446D8
:108A9000006881688907890F012902D10168C90727
:108AA00022D18168114A10261140012500290ED1DA
:108AB0008168294381600120FFF7D6FF01F0CEFED7
:108AC00007460CE001F0CAFEC01B0A2807D9606DFA
:108AD00030436065A06D2843A0650120F8BD206883
:108AE0000068C043C007EDD10020F8BD170000802A
:108AF00070B5064600240FF033FD2BA13046FFF77A
:108B00003BFA00281AD029A13046FFF735FA002891
:108B100015D0274D1820604329583046FFF7FAF941
:108B2000002810D023A13046FFF7F4F9002810D018
:108B300018204443601981683046884770BD30462C
:108B400009F0ACFC70BD641CE4B2262CE2D9012013
:108B500070BD19A13046FFF7DDF900280AD01820B2
:108B600044436019C168304688470028F0D10AF0B4
:108B700059FC16E011A13046FFF7CCF900280AD0C5
:108B800001F06CFE014618204443601942690CA0B4
:108B900008F032F805E018204443601901693046B6
:108BA0008847002070BD00004154000041543F0040
:108BB00074B101083D3F00003D0000003F0000008F
:108BC0005B25645D25730D0A00000000F8B5564F63
:108BD00000222021384601F03AFE7D20C00001F03D
:108BE000B5FB5248514C407A01250226183C012819
:108BF0000ED003280CD009280AD0022825D0052839
:108C000061D0072879D0082879D00A2879D084E063
:108C100004F048FC10F068F9012806D1257044A042
:108C200007F0EAFF142001F091FB10F07FFA012811
:108C300006D1267044A007F0DFFF142001F086FB68
:108C40002078002837D146A030E000F07BFF00F00C
:108C5000B5FF642001F07AFB8021384601F0EEFD7B
:108C6000002812D004F01EFC022012F035FA43490D
:108C7000884206D2657042A007F0BEFF142001F0C2
:108C800065FB607800280CD015E0667044A007F002
:108C9000B3FF142001F05AFB00F036FF00F070FF24
:108CA00009E007F019FD012809D049A007F0A4FF49
:108CB000142001F04BFB514802F0DAF82DE00320BC
:108CC00060704FA0F2E707F06FFF07F03FFF00F082
:108CD000D5FFFF20F53001F039FB00F0CFFF07F0A2
:108CE00053FF07F023FF4DA007F086FF142001F08B
:108CF0002DFB12E001E002E003E04EA00BE054A0E7
:108D000009E006F003FF10F0DFFF2079002801D012
:108D100057A000E05CA007F06FFF01222021384639
:108D200001F095FDF8BD0000000400505C0000203B
:108D30005573652053656E736F72206973205348B5
:108D40005432780D0A0000005573652053656E7328
:108D50006F722069732053485433780D0A00000065
:108D60004E6F2049324320646576696365206465EF
:108D70007465637465640D0A00000000E703000079
:108D80005573652053656E736F72206973204C496B
:108D90004441525F4C6974655F763348500D0A0058
:108DA0005573652053656E736F7220697320756CFF
:108DB000747261736F6E69632064697374616E634A
:108DC00065206D6561737572656D656E740D0A0061
:108DD0004E6F2064697374616E6365206D656173A5
:108DE0007572656D656E742064657669636520646F
:108DF000657465637465640D0A00000078040020E2
:108E00005573652053656E736F7220697320756C9E
:108E1000742073656E736F720D0A000055736520C0
:108E200053656E736F722069732048583731310D66
:108E30000A0000003378414443202B203378445308
:108E40003138423230206D6F64650D0A0000000039
:108E5000546872656520696E7465727275707420ED
:108E6000636F6E74616374206D6F64650D0A00003A
:108E70005573652053656E736F7220697320544D6E
:108E8000503131370D0A00004E6F20544D503131B2
:108E9000372064657465637465640D0A0000000022
:108EA00030B50024074B43431B0D04D0E4183C2588
:108EB0006B43C01AF6E73C2801D33C38641C1060B1
:108EC0000C6030BD4444000010B5024801F06EF95A
:108ED00010BD00006006002030B5446C1C252C40FD
:108EE0000125A540046C6560046863608368102BED
:108EF000036803D099600068C26030BD9A60006862
:108F0000C16030BDFEB5354D064600277F1CFFB25F
:108F1000304600F083F8002835D1304600F078FA6A
:108F20003146442000F080FA012028702C4801F0DE
:108F30000DFA304600F06CFA3146BE2000F074FAAB
:108F4000304600F01BFA0446304600F017FA0002E3
:108F500000B2204308D5C043401CFFF771FA00223D
:108F6000204BFFF76BF905E0FFF76AFA0322D243C3
:108F7000FFF744FAFFF7C7FA04461B48844202D8B9
:108F80001A48844203DD00202870194C04E0194877
:108F9000844201D1022FB9D31748007800280ED19E
:108FA0002046FFF79CFA0746009101F057FC009914
:108FB000019101463246009710A007F01DFE012ED8
:108FC00004D0022E04D0032E04D004E06C6002E032
:108FD000AC6000E0EC602046FEBD000020010020F7
:108FE000EE0200000000B0BF00005CC20000FA42C8
:108FF00000C0CCC30000AA42190000205B25645DBC
:1090000044533138423230282564292074656D700C
:1090100020697320252E3166200D0A0010B5044604
:1090200000F0A4F8012C06D005200007022C06D081
:10903000032C07D00AE001220821084804E001229D
:10904000510201E00122910201F001FC204600F0F2
:10905000A5F9204600F0C2F810BD00000004005041
:1090600030B500221949032387B0012813D0052405
:109070000125240702281FD003281BD1C86A2843D2
:10908000C862C86A28400590081500906946019397
:10909000029220460CE0CC6A02200443CC62C96AEA
:1090A000019301400591082000900292694608480A
:1090B00001F002FB07B030BDC86A2843C862C86A25
:1090C000C007C00F059001204002DEE700100240FB
:1090D00000040050F0B500260125224C87B001287D
:1090E00018D005231B07022823D0032837D10122DB
:1090F00097023946184601F0AAFBE06A2843E0626D
:10910000E06A00972840059005206946019602957F
:10911000000722E0144F01220821384601F097FB96
:10912000E16A02200143E162E16A01400820059101
:109130000EE0012251021F46184601F088FBE06A4A
:109140002843E062E06AC007C00F0590012040029A
:109150000090694601960295384601F0ADFA07B0D5
:10916000F0BD0000001002400004005010B50122C4
:109170001849022386B0012812D0052424070228AA
:109180001ED003281AD1C86A1043C862C86A1040AA
:1091900005900815009069460393019220460BE064
:1091A000C86A1843C862C86A694618400590082012
:1091B000009003930192084801F07EFA06B010BDBA
:1091C000C86A1043C862C86AC007C00F0590012072
:1091D0004002DFE7001002400004005070B5002498
:1091E000012806D005252D0702282AD003284ED0B5
:1091F00074E00120FFF76EFF394D04E0641CE4B217
:10920000012000F0ABF90821284601F017FB0028E7
:1092100002D0642CF2D35FE0642C5DD2002404E021
:10922000641CE4B2012000F099F90821284601F0FD
:1092300005FB002802D1F02CF2D34DE0F02C4BD2EC
:109240004CE00220FFF746FF0126760204E0641C92
:10925000E4B2012000F082F93146284601F0EEFA2E
:10926000002802D0642CF2D336E0642C34D20024DF
:1092700004E0641CE4B2012000F070F93146284695
:1092800001F0DCFA0028D9D1F02CF2D324E003203D
:10929000FFF720FF0126B60204E0641CE4B20120BF
:1092A00000F05CF93146284601F0C8FA002802D0E7
:1092B000642CF2D310E0642C0ED2002404E0641C71
:1092C000E4B2012000F04AF93146284601F0B6FA2E
:1092D0000028B3D1F02CF2D3012070BD002070BD66
:1092E0000004005070B5012806D005242407022888
:1092F00013D003282BD025E00120FFF737FF1E4CA9
:1093000000220821204601F0A2FA0A2000F026F9E6
:109310000120FFF7DFFE08210EE00220FFF726FF05
:1093200001256D0200222946204601F090FA0A200C
:1093300000F014F9022018E0204601F07FFA01281D
:1093400017D000222D2000F009F9104670BD03202F
:10935000FFF70CFF0125AD0200222946204601F04F
:1093600076FA0A2000F0FAF80320FFF7B3FE294648
:10937000E2E70122E6E700000004005070B5002596
:1093800006462C463046FFF7ADFFA0402843641C3C
:10939000E4B2C5B2082CF5D3284670BD70B51A4D9D
:1093A000012814D005242407022825D0032822D11F
:1093B000FFF7DCFE00220126B6023146204601F00E
:1093C00046FA284600F0CAF8012231460DE0012095
:1093D000FFF7CCFE0D4C00220821204601F037FAA1
:1093E000284600F0BBF801220821204601F02FFAA0
:1093F0000F2000F0B3F870BD0220FFF7B7FE002287
:1094000001267602D9E70000EE02000000040050B9
:1094100010B50446FFF7C2FF2046FFF7DFFE2146E6
:10942000CC2000F001F810BDF8B5044601291FD08A
:1094300005252D07022949D0032946D10320FFF72E
:1094400095FE00260127BF02E007C00F6408002830
:109450006BD000223946284601F0F9F9082000F0C7
:109460007DF801223946284601F0F1F93A206AE0F8
:109470000120FFF77BFE384E0025E007C00F64088F
:1094800000280ED000220821304601F0E0F9082023
:1094900000F064F801220821304601F0D8F93A20A2
:1094A0000DE000220821304601F0D1F9462000F0FD
:1094B00055F801220821304601F0C9F9022000F0D8
:1094C0004DF86D1CEDB2082DD7D3F8BD0220FFF783
:1094D0004DFE002601277F02E007C00F6408002828
:1094E0000ED000223946284601F0B1F9082000F0DC
:1094F00035F801223946284601F0A9F93A200DE055
:1095000000223946284601F0A2F9462000F026F84C
:1095100001223946284601F09AF9022000F01EF88F
:10952000761CF6B2082ED7D3F8BD0022394628465D
:1095300001F08DF9462000F011F801223946284645
:1095400001F085F9022000F009F8761CF6B2082E29
:1095500000D279E7F8BD00000004005006E00021C9
:10956000491CC9B20429FBD3401E80B20028F6D1A1
:109570007047000010B55021014800F03BFA10BDC3
:10958000005E0208F8B50026124871020F18811417
:109590001148FEF7A8FC00252C46A800C01900F0D1
:1095A0008FFA0D49020E0A550919020C4A70020A77
:1095B0006D1C241D8A70ADB2C870A4B2802DECD38E
:1095C000054906A007F018FB761CF6B2142EDBD373
:1095D000F8BD0000005E0208901A0020257300000C
:1095E00010B50849084806F0AFFC074806F0BEFC75
:1095F0000648C178042904D10621C17004494520D8
:10960000887110BD80EE3600080400205C01002047
:109610000000002010B5012001F042F810BD10B587
:10962000102001F03DF8FF20013001F039F88020D2
:1096300001F036F80120C00301F032F810BD00003F
:1096400070B586B0054614216846FEF74CFC022032
:109650000024354901228603344B002D06D0012D0C
:1096600024D0022D32D0032D40D054E0CD6A1543D2
:10967000CD62CA6AD207D20F0592CA6A0243CA6291
:10968000C96A009601400320059101900294694641
:10969000184601F011F81020009005200194694649
:1096A0000294000701F008F806B070BDCD6A1543BA
:1096B000CD62CA6AD207D20F0592CA6A0243CA6251
:1096C000C96A009601401A4805911EE0CD6A15430B
:1096D000CD62CA6AD207D20F0592CA6A0243CA6231
:1096E000C96A00960140134805910EE0CD6A154302
:1096F000CD62CA6AD207D20F0592CA6A0243CA6211
:10970000C96A009601400C4805910190694602948F
:10971000184600F0D1FF00220221072001F068FC6A
:10972000072001F059FCBFE7001002400004005080
:1097300000003110000021100000111010B586B09B
:10974000044614216846FEF7CEFB05230020244979
:1097500001221B07002C06D0012C15D0022C1DD095
:10976000032C25D033E0CC6A1443CC62C96A009242
:10977000C907C90F05910321019102906946184656
:1097800000F09AFF06B010BDCC6A1443CC62C96ADF
:109790000092C907C90F0591124912E0CC6A14431F
:1097A000CC62C96A0092C907C90F05910E4908E049
:1097B000CC6A1443CC62C96A0092C907C90F0591EB
:1097C0000A49019102906946184600F075FF00228F
:1097D0000221052001F00CFC052001F0FDFBD1E782
:1097E0000010024000003110000021100000111094
:1097F00030B587B0044614216846FEF774FB052592
:1098000000202549012210232D07002C06D0012C11
:1098100015D0022C1DD0032C25D033E0CC6A144384
:10982000CC62C96A0093C907C90F05910321019150
:1098300002906946284600F03FFF07B030BDCC6A71
:109840001443CC62C96A0093C907C90F0591134933
:1098500012E0CC6A1443CC62C96A0093C907C90FED
:1098600005910F4908E0CC6A1443CC62C96A0093A1
:10987000C907C90F05910B49019102906946284615
:1098800000F01AFF00220221072001F0B1FB07209F
:1098900001F0A2FBD1E700000010024000003110EF
:1098A000000021100000111010B5044600F0A8FDC2
:1098B00022460349022000F079FD00F06DFD10BD45
:1098C000080008087047000010B5084900224A61E6
:1098D00007494B684C1523434B604B6808242343CE
:1098E0004B60C009C001026010BD0000482A002082
:1098F0000020024010B5214A00219069C30520488C
:1099000004D54169022319434161911593699B056F
:1099100005D54369012423434361630219439369D5
:109920005B0505D54369082423434361E3011943DB
:1099300093691B0505D543690424234343616302EE
:10994000194393699B0405D543691024234343615C
:109950006302194393699B0304D5446920231C4384
:10996000446119439369DB0305D5436940242343CC
:109970004361A0020143916110BD0000002002403C
:10998000482A002070B5054600F068FF0646184CCE
:109990000AE0681C08D0002D04D000F05FFF801B97
:1099A000A84201D9032070BDA069C007F1D1A06908
:1099B000800701D50220A061A069C00511D4A0696B
:1099C00080050ED4A06940050BD4A069000508D419
:1099D000A069800405D4A069800302D4A069C003F3
:1099E00003D5FFF787FF012070BD002070BD000088
:1099F0000020024070B50D460646002400F088FDA8
:109A0000094A0020956041C20849074800F012FD4C
:109A1000002806D0641CE4B2032CF5D104A007F0A2
:109A2000EBF800F049FD70BD80190020DC0000203B
:109A30006572726F7220696E204572617365206F66
:109A40007065726174696F6E0A0D0000F8B5164694
:109A50000F460546002400F05BFD14E0A0003A58D4
:109A60002946022000F036FD002809D008A007F0A2
:109A7000C3F800F01BFD01460CA007F0BDF804E0A0
:109A8000641CA4B22D1DB442E8D300F015FDF8BD4E
:109A90006572726F7220696E205772697465206FEB
:109AA0007065726174696F6E0A0D00007772697477
:109AB000655F6572726F725F666C61673A257800E8
:109AC000016802484160406870470000DC000020E7
:109AD00000B587B014216846FEF705FA0948C16A47
:109AE00001221143C162C06A69461040059060209E
:109AF00000900020019002900520000700F0DCFD9E
:109B000007B000BD0010024000B587B014216846C0
:109B1000FEF7E9F90948C26A02210A43C262C06A33
:109B200008400590802000900320019000200290C2
:109B30006946034800F0C0FD07B000BD00100240B8
:109B40000004005000B587B014216846FEF7CBF939
:109B50000948C26A02210A43C262C06A08400590ED
:109B60008020009000200190012002906946034867
:109B700000F0A2FD07B000BD00100240000400503C
:109B800000B587B014216846FEF7ADF90948C26AEE
:109B900002210A43C262C06A08400590402000903A
:109BA00003200190002002906946034800F084FDE4
:109BB00007B000BD001002400004005000B587B09F
:109BC00014216846FEF78FF90A48C26A02210A4347
:109BD000C262C06A084005904020009001200190B8
:109BE00000200290032003906946034800F064FDC2
:109BF00007B000BD0010024000040050F0B58DB069
:109C000004462C216846FEF76EF92046FEF7DCF983
:109C10000C90601DFEF7D8F90B9020460830FEF737
:109C2000D3F9074620460B30FEF7CEF9064620460C
:109C30000E30FEF7C9F9054620461130FEF7C4F98B
:109C40000146074A0C98801805900B986A46401EFA
:109C50000490E2C26846FDF7EDFE0DB0F0BD0000D5
:109C600094F8FFFF08B500906846FEF71DF901461D
:109C700001A006F0C1FF08BD2573000010B503F078
:109C800063F80149486010BD3001002070B503F051
:109C90005BF80C4C00252060616888420ED0401AA9
:109CA000FEF7C2FB0849C96BFEF7D8F9FEF7EAFBDD
:109CB0000649A06040180649884200D3A560A06804
:109CC00070BD00003001002094000020A08601003B
:109CD000410D0300F8B5054604464035287C0026B2
:109CE000012808D001202874206881688907890F1D
:109CF00001290ED101E00220F8BD0168C90708D092
:109D0000606D2021084360650126002028743046DC
:109D1000F8BD616DFF22013291430222114361655A
:109D2000C1688907890F0091C16889088900C160ED
:109D30002068816892071143816000F08FFD07461B
:109D40000EE000F08BFDC01B0A2809D9606D0221CE
:109D50008843102108436065002028740120F8BD65
:109D6000206880680028ECDB2068C168009A1143F5
:109D7000C160606D80088000401C6065C5E7000020
:109D8000F8B506460D464036317C01290DD001213B
:109D9000317401688A68520709D5416D2022114348
:109DA0004165002030740120F8BD0220F8BD174B3A
:109DB0006A68D80547109A42154C8A6A2B6812D0F7
:109DC0005B035B0B1A438A622968490305D5A168C6
:109DD0000143A1600A20FEF747FE2868800312D5E0
:109DE000A06838430EE05B035B0B9A438A622968E4
:109DF000490302D5A1688143A1602868800302D588
:109E0000A068B843A06000203074F8BD01100000C5
:109E1000002701400068006C7047000070B5040026
:109E200006D0606D264600254036002802D006E0A8
:109E3000012070BDA5653574204600F0D3F8606D33
:109E4000C00603D421688868400705D5606D1021DD
:109E5000084360653574EBE7606DFF220132904383
:109E600002221043606588688207920F5B48012ACE
:109E700002D10A68D2072BD1032362689B079A425A
:109E800005D05B429A4202D05B009A4209D10A692E
:109E9000920092080A6121680A6963681A430A619C
:109EA0000CE00A69920092080A6181680F2292040C
:109EB0009143816081686268114381602168CA684A
:109EC00018239A43CA602168CA68A3681A43CA6003
:109ED000816801225206914381608168A28E5206F8
:109EE0001143816020688168C90004D4816801221F
:109EF0001207114381602068C168394A1140C1606E
:109F00002069E168022825D0002001432046203046
:109F10000278037B52035B001A431143226B114307
:109F2000A26992031143E269D20311432268D36804
:109F30001943D160616A0A46FF3AC23A05D0A26A63
:109F400011432268D3681943D16042780121012A64
:109F500002D00BE00420D8E70078002823D0606D01
:109F6000202210436065A06D0843A065E06B0128C6
:109F700020681FD00169C90703D001694908490059
:109F8000016120684169C908C900416120684169CF
:109F9000A26B11434161A565606D80088000401C83
:109FA0006065002070BD2068C26801231B041A434D
:109FB000C260DBE70269FF239B009A4302612068CD
:109FC0000269236CA66C1A43636C33431A43026123
:109FD000206802690A430261D3E7000000270140BC
:109FE0001902FEFF00680449884204D10348416B0E
:109FF00042151143416370470024014000100240A4
:10A00000F8B504464069254640350E4608280BD071
:10A010002068C068C00709D0606D202108436065D2
:10A02000002028740120F8BD082700E00C2700F06C
:10A0300015FC009011E0701C0FD0002E05D000F030
:10A040000DFC0099401AB04207D9606D0421084305
:10A050006065002028740320F8BD2068006838423D
:10A06000E9D0606D01214902084360652068C1683C
:10A0700009058A0F0C21002A1BD12022125D002A1B
:10A0800017D10268120714D5826853070122002BEA
:10A0900008DB43688B434360606D130298431043B1
:10A0A000606506E0606D202318436065A06D104375
:10A0B000A065A069002801D1206801600020F8BDDA
:10A0C00070B50446216800208968490721D42546D7
:10A0D0004035297C01291CD001212974E16901291D
:10A0E00004D02046FEF7D2FC002811D1616D0A4A47
:10A0F0001140FF220132114361650021A1652974DD
:10A1000022681C21116021688A6804231A438A602E
:10A1100070BD022070BD0000FEF1FFFF30B50146AA
:10A1200020314A790023022A04D00422C2630B7131
:10A13000012030BD026814680E25AC43146002682B
:10A140001468640864001460446C1C2214400122EA
:10A150001546006CA54045604A7118460B7130BD2C
:10A1600070B50024014620314A79022A03D0042127
:10A17000C163012418E0026813680E25AB43136025
:10A18000026813685B085B001360436C1C22134079
:10A19000012215469D40036C5D604A7100220A71E0
:10A1A000816B002900D08847204670BDF0B4016C57
:10A1B0000D6801680C68466C1C2304221E4017467B
:10A1C000B7402F420ED067070CD50C68A40602D406
:10A1D0000C6894430C60416C19408A40016C4A60E1
:10A1E000016B1AE00227B74002462F402032002FB1
:10A1F00017D0A70715D50C68A40605D40C680A2546
:10A20000AC430C6001215171446C02211C40036C71
:10A21000A140596000211171C16A002918D0F0BC19
:10A2200008470827B7402F4212D0240710D50C68E2
:10A230000E25AC430C60446C01211C400B46A3402E
:10A24000046C6360C163517100211171416BE4E7DB
:10A25000F0BC704770B504003CD01F48256814213D
:10A260002818FDF745FB800060641C48206402212B
:10A27000204620300246417129681948E3680140B0
:10A28000A06866691843236933431843A3691843D8
:10A29000E3691843236A1843084328600121A06832
:10A2A0008903884210D00D488030836A656C1C2178
:10A2B0000D400F26AE40B3438362656C63680D406A
:10A2C000816AAB400B4383620020E063012151713E
:10A2D000107170BD012070BDF8FFFDBF000002408D
:10A2E0000F80FFFFF8B504468C4620300179002529
:10A2F000012909D00126067141790027012905D0DD
:10A30000077102252846F8BD0220F8BD02214171DF
:10A31000E7632068016849084900016061462046FA
:10A32000FEF7DAFD206B00282068016801D00E22BC
:10A3300005E0042291430160206801680A2211436C
:10A3400001602068016831430160DBE770B50446B5
:10A3500000F084FA0546601C02D0044800782418F6
:10A3600000F07CFA401BA042FAD370BD9801002097
:10A3700070B5074D04462846FFF704FB002805D1B9
:10A380000449486120602846FFF7FCFA70BD0000D0
:10A3900050C30000482A00200348416801221143AD
:10A3A000416000207047000000200240F8B5124DC7
:10A3B0000746287C14460E46012807D00120287441
:10A3C0000E48FFF7DFFA002802D00CE00220F8BDAB
:10A3D00000216961022F09D0012F09D0002F09D077
:10A3E0000648FFF7CFFA00212974F8BD3460FAE778
:10A3F0003480F8E73470F6E7482A002050C30000A4
:10A4000009494868C0070DD0EFF3108072B6074ABB
:10A41000CA60074ACA6080F310884868C00701D044
:10A42000012070470020704700200240EFCDAB892B
:10A4300005040302F8B51A4E0546307C0F46012884
:10A4400007D0012030741748FFF79CFA010002D0B2
:10A4500021E00220F8BD0020C04338606C6814E0A1
:10A460002046FFF731FA0F48FFF78CFA01460E48F5
:10A47000426808239A434260426843159A43426007
:10A48000002901D03C6006E08034A8686A68C001F9
:10A490008018A042E4D8002030740846F8BD0000BF
:10A4A000482A002050C300000020024001484069B3
:10A4B00070470000482A00200548416802221143E5
:10A4C0004160416801221143416000207047000053
:10A4D00000200240F8B50C4C1646207C0F4601289F
:10A4E00008D0012020740948FFF74CFA0025002805
:10A4F00002D006E00220F8BD65613E600348FFF728
:10A5000041FA2574F8BD0000482A002050C300001D
:10A5100011484168C9070BD0EFF3108172B60F4A9A
:10A52000C2600F4AC26081F310884168C9070ED12A
:10A53000416889070DD5EFF3108172B6094A0261AF
:10A54000094A026181F310884068800701D5012023
:10A55000704700207047000000200240EFCDAB891B
:10A5600005040302BFAE9D8C16151413F8B5474AB7
:10A57000484C9778464A484B9579444A0121D2780D
:10A58000C9039446267D5A7A153D884223D1062A6E
:10A590001DD0082A02D0092A19D001E0012E16D0B8
:10A5A0003A48012F16D1092A14D0394A252D11D342
:10A5B0006546042D0ED10A2595710222C27001252F
:10A5C0009D71364800F03AF96070257031E0A0685E
:10A5D000401CA060F8BD10280ED0012830D0C11F4B
:10A5E000F93905D08028F5D129490120C874F8BD72
:10A5F000264902204871F8BD082A01D1012E1BD03E
:10A600002248012FF7D12249252DF4D3082AF2D16F
:10A61000002EF0D16246042AEDD10A228A7102216D
:10A62000C1700125DD711021D00600F007F9E0703E
:10A63000A57002F03FFDF8BDE068401CE060F8BD89
:10A64000082A02D0092A1CD001E0012E19D00F4897
:10A65000012FF4D10E49252DF1D3082AEFD1002E78
:10A66000EDD16246042AEAD10A228A710221C17020
:10A6700001251D722946D00600F0E0F860712571B1
:10A68000D7E72069401C2061F8BD00005C01002074
:10A6900000000020940000205C0000200004005016
:10A6A00010B504494A69024202D04861FFF75EFFD3
:10A6B00010BD000000040140F8B500230124A7E00C
:10A6C00027469F403A4070D04D68022D01D0122D90
:10A6D00014D1DD08AD002D1800952D6A5E07AC463B
:10A6E000F50E0F26AE46AE406546B543AC460E6944
:10A6F0007546AE4065462E43009D2E624D68012D85
:10A7000005D0022D03D0112D01D0122D16D1856850
:10A710000326AC465D00AE46AE406546B543AC464A
:10A72000CE687546AE4065462E43866046680D7914
:10A73000BE43ED06ED0F9D403543456006685F0062
:10A740000325BD40AE46AE430D79B446AE07B60F05
:10A75000BE4065462E430660C6687546AE438D68AA
:10A76000BD403543C5604D68ED0050D52B4D6E6B37
:10A7700026436E639E082A4DB6007519AC46AD6837
:10A780009E07360F0F27B740BD4305273F07B84246
:10A7900001D100271AE0234FB84201D1012715E06B
:10A7A000214FB84202D1022710E030E01F4FB842DB
:10A7B00001D103270AE01E4FB84201D1042705E06A
:10A7C0001C4FB84201D1052700E00627B7402F43B0
:10A7D0006546AF60184D2E684F689643FF0300D55D
:10A7E00016432E606E684F689643BF0300D516432C
:10A7F0006E60AE684F689643FF0200D51643AE60A8
:10A80000EE684F689643BF0200D51643EE605B1CAE
:10A810000A681546DD4000D052E7F8BD001002403E
:10A82000000001400004005000080050000C0050DF
:10A8300000100050001C0050000401400069084056
:10A8400000D00120704742694A4042617047002AA7
:10A8500001D08161704781627047000001488068C3
:10A86000704700009801002070B5024640325378CE
:10A87000202B1CD11378012B19D001231370242411
:10A880005470046825689D432560046825681E038C
:10A89000B5432560046825680D432560006801689C
:10A8A00019430160202050700020107070BD0220FC
:10A8B00070BD70B5024640325378202B1BD11378FF
:10A8C000012B18D0012414702423537003681D68D1
:10A8D000A5431D6005682B680F263602B3430902A5
:10A8E00019432960006801682143016020205070ED
:10A8F0000020107070BD022070BD000070B5040013
:10A9000006D02546403568780026002802D005E0AC
:10A91000012070BD2E70204600F0ACFA2420687033
:10A92000206801684908490001600F216068090634
:10A9300088432168086121688A680120C003824336
:10A940008A60E1680129A16808D02122920211439E
:10A9500022689160E168022902D005E00143F7E72F
:10A9600001212268C902516021684A680F4B1A43CD
:10A970004A602168CA688243CA60616920690843E5
:10A98000A169090208432168C860216AE069084397
:10A990002168086020680168012211430160666433
:10A9A000202068702663AE70002070BD0080000219
:10A9B000FFB5054604464035687881B0202878D137
:10A9C0002878012875D001202870FFF747FF074637
:10A9D000012200901923D103204602F0B5FA002885
:10A9E0003CD1222068701020A8700026666403986D
:10A9F0006062049860856663618D2F48FF2903D9E2
:10AA0000FF22228500903BE0618D218500903DE092
:10AA10002046029902F084FA16E002F0BDFA0028FE
:10AA20001CD12068406A616A0870606A401C6062DC
:10AA3000208D401E81B22185608D401E6085608D15
:10AA4000002801D000290CD0608D0A9900283A46D0
:10AA50002046E2D102F0E0FA00281CD0012005B027
:10AA6000F0BD00970022802120460A9B02F06CFA7C
:10AA70000028F3D1608DFF2805D9FF22228500969A
:10AA800001231B06C4E7608D20850096208D0123DD
:10AA9000C2B25B06BCE721682020C86121684A6811
:10AAA000064B1A404A606870AE702E700020D6E7E0
:10AAB000FFE70220D3E700000024008000E800FE4A
:10AAC000FFB5054604464035687881B0202878D126
:10AAD0002878012875D001202870FFF7BFFE0746AF
:10AAE000012200901923D103204602F02DFA0028FC
:10AAF0003CD1212068701020A8700026666403985D
:10AB00006062049860856663618D2F48FF2903D9D0
:10AB1000FF22228500903BE0618D218500903DE081
:10AB20002046029902F0FCF916E002F09BFA002898
:10AB30001CD1606A216800788862606A401C60628B
:10AB4000608D401E6085208D401E80B22085618D05
:10AB5000002901D000280CD0608D0A9900283A46BF
:10AB60002046E2D102F058FA00281CD0012005B09E
:10AB7000F0BD00970022802120460A9B02F0E4F9F4
:10AB80000028F3D1608DFF2805D9FF222285009689
:10AB900001231B06C4E7608D20850096208D0123CC
:10ABA000C2B25B06BCE721682020C86121684A6800
:10ABB000064B1A404A606870AE702E700020D6E7CF
:10ABC000FFE70220D3E700000020008000E800FE3D
:10ABD000FFB5054604464035687883B0202875D116
:10ABE0000C98002814D00D98002811D0287801283E
:10ABF0006CD001202870FFF731FE0746012200903B
:10AC00001923D103204602F09FF9002874D103E0F4
:10AC10000120400260646FE0222068704020A8702C
:10AC2000002666640C9860620D98608566630E98D5
:10AC30000090019704A90EC9204602F011F90028DE
:10AC400001D02E7058E0618D3448FF2905D9FF22CC
:10AC5000228501231B06009006E0618D218500906E
:10AC6000208D0123C2B25B062046049902F058F9F8
:10AC700000970022042120460E9B02F065F900286F
:10AC80003AD12068406A616A0870606A401C60625C
:10AC9000208D401E81B22185608D401E6085608DB3
:10ACA00000281FD000291DD10097002280212046B6
:10ACB0000E9B02F049F900281ED1608DFF2806D9AD
:10ACC000FF22228501231B06009607E024E0608D09
:10ACD00020850096208D0123C2B25B062046049990
:10ACE00002F01EF9608D0028C2D13A4620460E9926
:10ACF00002F092F9002802D0012007B0F0BD2068D0
:10AD00002021C16120684268054B1A404260697089
:10AD1000AE702E700020F0E70220EEE700240080E5
:10AD200000E800FEFFB5054604464035687883B06C
:10AD3000202872D10C98002814D00D98002811D02A
:10AD40002878012869D001202870FFF787FD074681
:10AD5000012200901923D103204602F0F5F80028C3
:10AD600071D103E00120400260646CE02120687032
:10AD70004020A870002666640C9860620D9860857B
:10AD800066630E980090019704A90EC9204602F050
:10AD900097F8002801D02E7055E0608DFF2805D966
:10ADA000FF22228501231B06009606E0608D208588
:10ADB0000096208D0123C2B25B062046049902F062
:10ADC000AFF83A4620460E9902F04CF900283AD1E5
:10ADD000606A216800788862606A401C6062608DE9
:10ADE000401E6085208D401E80B22085618D002927
:10ADF0001FD000281DD100970022802120460E9BE5
:10AE000002F0A2F800281ED1608DFF2806D9FF228B
:10AE1000228501231B06009607E024E0608D208533
:10AE20000096208D0123C2B25B062046049902F0F1
:10AE300077F8608D0028C4D13A4620460E9902F07A
:10AE4000EBF8002802D0012007B0F0BD20682021D7
:10AE5000C16120684268054B1A4042606970AE705B
:10AE60002E700020F0E70220EEE7000000E800FE70
:10AE70007047000010B586B0044614216846FDF7FF
:10AE800032F810492068884219D10F4CE16A02203B
:10AE90000143E162E16A01400591C0200090122067
:10AEA0000121019003200291049103906946074813
:10AEB000FFF702FCA06B012149050843A06306B01F
:10AEC00010BD00000054004000100240000400507B
:10AED00070B504000FD0216813480860216813483A
:10AEE000086003CC41602068083C21688860FFF757
:10AEF000B5FC054608E0012070BDFFF7AFFC401B24
:10AF0000292801D9032070BD2068C0680028F4D129
:10AF100020680269E1688A4201D0016101E00449C8
:10AF20000160002070BD0000CCCC00005555000031
:10AF3000AAAA0000006802490160002070470000D2
:10AF4000AAAA0000024881680278891881607047C7
:10AF50009801002010B508480024016840221143E0
:10AF60000160204600F00AF8002801D0012401E029
:10AF700000F026F8204610BD0020024070B50446BF
:10AF80000D4D7D202978C000FCF7B2FC01460B482E
:10AF90000068FCF7ADFC01F07FF8002809D1042C13
:10AFA00007D200222146401E00F022F800206C60EB
:10AFB00070BD012070BD000098010020A401002098
:10AFC0000448416B012211434163816B0204114328
:10AFD0008163704700100240002805DBC106C90EDE
:10AFE00001208840014908607047000000E100E04E
:10AFF00010B505F061FE10BD02480168021511434D
:10B00000016070470070004002480168421511431A
:10B0100001607047007000400248016882151143CA
:10B020000160704700700040F0B5154A1368154D77
:10B0300054152D6A2340ED07ED0F002B04D0002D91
:10B0400002D01668A64316601668B608B600064316
:10B0500016600D48076904263743076101290DD0A2
:10B0600040BF20BF20BF0169B1430161002B04D064
:10B07000002D02D0106820431060F0BD30BFF2E711
:10B08000007000400000014000ED00E0F8B504460B
:10B09000007800275D4D800671D55C4E403EB06B58
:10B0A000C00004D4B06BA9050843B0630127584819
:10B0B0000168C90511D40168821511430160FFF7C9
:10B0C000CDFB009005E0FFF7C9FB0099401A64280A
:10B0D00037D84F480068C005F5D532680321090507
:10B0E00060680A400140914208D08103890F03291A
:10B0F00004D13168890301D50120F8BD2A690321F3
:10B1000009040A4022D0084090421FD020788006CF
:10B110001CD528692A6988430121C9040A432A6188
:10B120002A698A432A612861C0050FD5FFF796FB7B
:10B13000009008E0FFF792FB0099411A35488142E0
:10B1400001D90320F8BD28698005F3D5616888031B
:10B15000800F032805D132680005824301400A436D
:10B160003260286903226168120411400843286193
:10B17000002F04D0B06B012109078843B063207809
:10B18000C00705D0E868A168800880000843E8602F
:10B190002078800705D5E8680C218843E1680843DA
:10B1A000E8602078400706D5E868032189028843D3
:10B1B00021690843E8602078000706D5E868032184
:10B1C0000903884361690843E8602088C00506D503
:10B1D000E868032109048843A1690843E8602078EE
:10B1E000400606D5E868012189068843216A08439C
:10B1F000E8602078000606D5E868032189048843C2
:10B20000E1690843E8600020F8BD000040100240FA
:10B210000070004088130000F8B50E46050038D0D5
:10B220005E480068C007C00FB04214D25B4C206873
:10B230004008400030432060FFF710FB074605E060
:10B24000FFF70CFBC11B564881427AD82068C00723
:10B25000C00FB042F4D12878524C800705D5E06881
:10B26000F0218843A9680843E0602878C00752D0DD
:10B270006868022806D0032807D0216801280AD070
:10B28000890504E02168890301E02168890100291A
:10B2900003DB0120F8BD4907F9E7E1688908890067
:10B2A0000143E160FFF7DAFA0746686802280AD02E
:10B2B000032814D001281ED029E0FFF7CFFAC11BC4
:10B2C000374881423DD8E0680007800F0228F4D15A
:10B2D00021E0FFF7C3FAC11B3148814231D8E06851
:10B2E0000007800F0328F4D115E0FFF7B7FAC11B60
:10B2F0002B48814225D8E0680007800F0128F4D14F
:10B3000009E0FFF7ABFAC11B2548814219D8E06874
:10B310000007800FF5D121480168C907C90FB14264
:10B3200017D901684908490031430160FFF796FACF
:10B33000074608E005E0FFF791FAC11B1848814273
:10B3400001D90320F8BD15480068C007C00FB042FE
:10B35000F1D12878400706D5E06807210902884323
:10B36000E9680843E0602878000707D5E06807210E
:10B37000C90288432969C9000843E06000F03AF82F
:10B38000E168094A0906090F515CC840074908608D
:10B3900007480068FFF7F2FDF8BD000000200240FA
:10B3A000881300000010024078D60108A401002094
:10B3B0009C010020044805490068C968044A490501
:10B3C000490F515CC8407047A401002000100240A2
:10B3D00091D60108044805490068C968044A8904EF
:10B3E000490F515CC8407047A40100200010024082
:10B3F00091D6010870B51A4AD3681A490C20184032
:10B400008D0004280CD04E00082810D00C2810D035
:10B4100050680004410F0120C003491C884070BDE2
:10B420001068C00601D5084670BD284670BD30467C
:10B4300070BD98020C4C000F205C1B029C0FD3685F
:10B44000641CDB0301D5314603E01268D20600D448
:10B45000294605F00CFC22460023FCF773FA70BD68
:10B460000010024000093D0088D60108FEB5050025
:10B470007ED0F74CE7680C20E66807400120000406
:10B4800006402878C00747D0082F05D00C2F0AD1D6
:10B4900001200004864206D1206880033CD56868FC
:10B4A0000028E5D038E0012069680004814203D11A
:10B4B00021680143216011E0052301221B0492044D
:10B4C0009942216802D111432160F1E78143216053
:10B4D000216801400091206890432060686800283E
:10B4E0000DD0FFF7BBF9009005E0FFF7B7F9009921
:10B4F000401A64287ED820688003F6D50CE0FFF758
:10B50000ADF9009005E0FFF7A9F90099401A642809
:10B51000F0D820688003F6D4287880075DD5E868E5
:10B52000810604D5226820210A432260884309232A
:10B53000042F0DD00C2F01D1002E09D000283CD0B3
:10B540002168994301432160FFF788F9064628E006
:10B550002168490701D500288AD061681F2212029C
:10B5600091432A691202114361602168994300E006
:10B57000C7E101432160FFF73DFFE16809060A0FBB
:10B58000B449895CC840B4490860B4480068FFF712
:10B59000F5FC002874D120E0FFF760F9801B022839
:10B5A000A8D820684007F7D560681F2109028843A2
:10B5B00029690902084360600FE0206840084000E4
:10B5C0002060FFF74BF9064604E0FFF747F9801BC0
:10B5D00002288FD820684007F7D42878C00661D5A4
:10B5E000002F0DD0E86900284BD02068FF210131E1
:10B5F000084300E0EAE02060FFF730F906462DE05E
:10B600002068800502D5E8690028A5D06068072178
:10B6100049038843696A084360606068298C0002B6
:10B62000000A090608436060686A410B0120C003F4
:10B63000491C8840E16809060A0F8649895CC840B0
:10B640008549086085480068FFF798FC002817D1F5
:10B6500028E0FFF703F9801B0228A1D820688005A5
:10B66000F7D56068072149038843696A0843606029
:10B670006068298C0002000A09060843606011E036
:10B6800025E12168FF20013081432160FFF7E6F8C2
:10B69000064604E0FFF7E2F8801B022899D82068EC
:10B6A0008005F7D428786E4E000724D568690028F5
:10B6B000306910D0012108433061FFF7CFF80090C6
:10B6C00005E0FFF7CBF80099401A02287ED83069D0
:10B6D0008007F6D50FE0400840003061FFF7BEF864
:10B6E000009005E0FFF7BAF80099401A02286DD8DB
:10B6F00030698007F6D42878400764D5002002908E
:10B70000A06BC00006D4A06B012109070843A06309
:10B710000120029053480168C90511D401688215BF
:10B7200011430160FFF79AF8009005E0FFF796F8E3
:10B730000099401A642849D84A480068C005F5D5E0
:10B74000FF20AA680130824203D13169014331618F
:10B7500011E001218902002A07D005231B029A4229
:10B7600003D132690A433261EFE7326982433261C1
:10B77000306988433061A86800280ED0FFF76EF862
:10B78000009006E0FFF76AF80099411A36488142B6
:10B790001CD830698005F5D50DE0FFF75FF8009003
:10B7A00006E0FFF75BF80099411A2F4881420DD857
:10B7B00030698005F5D40298002804D0A16B0120DF
:10B7C00000078143A1632878800600E07EE02ED543
:10B7D0002648A9694314002916D0A26801210A430A
:10B7E000A260626B0A436263016A19430162FFF758
:10B7F00035F8064604E0FFF731F8801B022865D8CB
:10B80000A0688007F7D512E0A16849084900A16047
:10B81000016A99430162FFF721F8064604E0FFF749
:10B820001DF8801B022851D8A0688007F7D4A86AA9
:10B83000002868D00C2F4FD0012636060228206839
:10B8400016D0B0432060FFF709F8054640E000003D
:10B850000010024078D60108A40100209C010020BD
:10B8600040100240007000408813000000000140BA
:10B87000B0432060FEF7F2FF074604E0FEF7EEFF5C
:10B88000C01B022822D820688001F7D4296BE86AFF
:10B89000E2680843696BFD231B049A431143084384
:10B8A000E060206830432060FEF7D8FF054604E0E2
:10B8B000FEF7D4FF401B022808D820688001F7D586
:10B8C00021E0FEF7CBFF401B022801D90320FEBD7B
:10B8D00020688001F5D416E00128F8D0E068012145
:10B8E0000904EA6A014091420BD10F2189042A6BB5
:10B8F0000140914205D1032189050840696B8842C6
:10B9000001D00120FEBD0020FEBD000070B5324810
:10B91000FFF710FB314A002113793148012B07D181
:10B9200043795B1CDBB243711E2B01D11171417154
:10B930002C4B01249D78002D02D0012D0BD010E05E
:10B94000857B012D0DD1057E002D0AD11125857134
:10B950000474817305E0DD78022D02D1057E002D8F
:10B9600004D08172057C012D1CD02FE0857A6D1CDE
:10B97000EDB285720C2DF5D38172C5796D1CC57140
:10B98000157E012D08D0022D08D0032D08D0042DDE
:10B99000E8D139258571E5E72025FBE72525F9E77D
:10B9A0003425F7E7057E002D10D1C57B06266D1CDA
:10B9B000EDB2C573527F7243AA4207D1C1730174BD
:10B9C00009490C70042199700721817101210A2015
:10B9D00001F004FE70BD0000C40400205C000020E3
:10B9E000000000205C010020450100200068890063
:10B9F00050300818006870470068890050300818F7
:10BA00000260704730B5014620310A78012A15D00E
:10BA100001220A7002234B700468CA23636204681F
:10BA20005323636203689C6820252C439C60006854
:10BA3000FF2343624A700020087030BD022030BDF1
:10BA400010B504F02FFA10BD70B504460068816887
:10BA50008025C90400290BDAC068C00508D5204636
:10BA6000FFF7EEFF2168C8682840FF388238C860B9
:10BA70002068816889040BD5C068800508D52046F8
:10BA8000FFF744FF2068C168054A29408918C16052
:10BA9000012004494004486101202034607070BDD9
:10BAA0007FFDFFFF00040140F8B505460446203540
:10BAB000287801281DD00120287002206870226893
:10BAC000CA205062226853205062FF2001300026B5
:10BAD000FF2781421CD121688A6882438A602068DE
:10BAE00081680122120391438160FEF7B7FE009046
:10BAF00009E00220F8BDFEF7B1FE0099411A7D2051
:10BB0000C00081421BD82068C068C007F3D020E085
:10BB10002068816801225202914381602068816817
:10BB2000120191438160FEF799FE00900DE0FEF74F
:10BB300095FE0099411A7D20C000814205D92068F8
:10BB40004762032068702E70F8BD2068C0688007C7
:10BB5000EDD520684762012068702E700020F8BD86
:10BB600010B500680B464068C021C943014000027F
:10BB7000000ECC04D870E40E5C708C06A40E090490
:10BB8000490F9C701970002A0AD103F0DDFDD870AE
:10BB9000587803F0D9FD5870987803F0D5FD987067
:10BBA000002010BD30B50B460168896A59600168F4
:10BBB00009694904490C9960006804680F482146E6
:10BBC000014088024D04800E18706D0E49065D70AC
:10BBD000490E99706102490E40242140D970002A13
:10BBE0000AD103F0B1FD1870587803F0ADFD58701C
:10BBF000987803F0A9FD9870002030BD7F7F7F000A
:10BC0000F8B5040050D0254620356878002803D1C7
:10BC10002870204600F052F8022068702168CA207F
:10BC20004862216853204862204603F0A1FDFF26A8
:10BC300004270028206802D046626F7034E08168D3
:10BC40001D4A11408160216888686268A3691043B9
:10BC500022691A43104388602168E06808612068FF
:10BC6000016922891204114301612068C1688022A0
:10BC70009143C1602068C16C89088900C164E16991
:10BC8000606901432068C26C1143C1642068806808
:10BC900080060BD4204600F0DDF9002806D020688D
:10BCA00046626F70002028700120F8BD206846624F
:10BCB000012068700020F8BDBFFF8FFF00B597B06E
:10BCC0000420009000200A90FF2001300290684676
:10BCD000FFF7CCFB002801D0FDF7F4FD20200E90EB
:10BCE000C0020F900EA8FFF7D1F9002801D0FDF790
:10BCF000E9FD084801690122920411430161002213
:10BD000011460220FFF774F90220FFF765F917B01A
:10BD100000BD000040100240FEB506460446203635
:10BD200030780B4601283ED0012030700220707020
:10BD3000184620300090206800278068002A34D000
:10BD4000400600D4DF7019789D7809040D435978B6
:10BD5000DA780902120411430D430099D869097871
:10BD600009060D4305435869996905435868084316
:10BD700000902168CA204862216853204862FF2051
:10BD80005A6A01308021824245D1226893688343F8
:10BD900093602068C2680A40FF3A823AC260FEF7A8
:10BDA0005DFD019024E00220FEBD400600D4DF705E
:10BDB000187803F0D1FC0504587803F0CDFC00029C
:10BDC0000543987803F0C8FC0543D8780004054380
:10BDD0000098007803F0C0FC00060543D869C1E76D
:10BDE000FEF73CFD0199411A7D20C00081422AD80E
:10BDF0002068C068C007F3D02068C561216800983A
:10BE0000486420688168FF22013211438160206804
:10BE10008168120130E02068826801235B029A4346
:10BE200082602068C2680A401D495118C160FEF74F
:10BE300015FD01900EE0FEF711FD0199411A7D20DC
:10BE4000C000814206D92168FF204862032070703B
:10BE50003770FEBD2068C0688007ECD52068056299
:10BE60002168009888642068816801225202114389
:10BE7000816020688168120111438160094802686D
:10BE8000012149040A43026082680A4382602168F2
:10BE9000FF2048620120707037700020FEBD000056
:10BEA0007FFDFFFF00040140F8B50546044620353C
:10BEB00028780B4601280FD00120287002206870D6
:10BEC000002A0BD0D8789E78000406435878097869
:10BED00000024903084317E00220F8BD5878C10664
:10BEE00003D5EF2108400A305870D87803F034FCAD
:10BEF0000604587803F030FC00020643987803F0FB
:10BF00002BFC06431878400306432168CA20486288
:10BF1000216853204862204603F02AFC00270028AD
:10BF200011D111480640206846602068C16880220F
:10BF30009143C1602068806880060CD4204600F0E0
:10BF400089F8002807D02168FF2048620420687023
:10BF50002F700120F8BD2168FF2048620120687021
:10BF60002F700020F8BD00003FFFFF00F8B5064627
:10BF70000446203630780D46012822D0012030704A
:10BF800002207070206800278068002A1BD04006BD
:10BF900000D4EF702978A878090408436978EA7812
:10BFA000090212041143084300902168CA20486224
:10BFB000216853204862204603F0DAFB002837D17D
:10BFC00016E00220F8BD400600D4EF70287803F098
:10BFD000C3FB0304687803F0BFFB00020343A878A7
:10BFE00003F0BAFB0343E878000403430093DCE763
:10BFF000174900980840216808602068816801227C
:10C000009204914381602969E868084321688A683D
:10C01000104388602068C16880229143C160206815
:10C02000806880060CD4204600F014F8002807D061
:10C030002168FF2048620420707037700120F8BD2D
:10C040002168FF2048620120707037700020F8BD21
:10C050007F7F7F0070B504460068C168A0229143CD
:10C06000C160FEF7FBFB7D260546F60006E0FEF705
:10C07000F5FB401BB04201D9032070BD2068C068A9
:10C080008006F4D5002070BD0248016902221143E8
:10C090000161704700E000E0094910B5401E884288
:10C0A00001D9012010BD074C60610321081F04F075
:10C0B00003FE0020A06107202061002010BD0000C9
:10C0C000FFFFFF0000E000E0024801690222914307
:10C0D0000161704700E000E0014660310A7D012AFD
:10C0E00009D001220A750068026802231A4302601F
:10C0F000002008757047022070477047FEB505465E
:10C1000004466035287D00269446012811D001237D
:10C110002B752420A067206802689A430260276874
:10C12000B8680322120590430843B860002902D082
:10C1300015E00220FEBD6046009101902068416834
:10C14000102291436A4692881143416020684168F9
:10C150006A4609029279090A120611434160206871
:10C16000016819430160FEF779FB09490091034614
:10C17000012100228905204604F032FA002801D06E
:10C18000032601E02020A067002028753046FEBD70
:10C19000FFFFFF0170477047F8B502680446D06999
:10C1A00011689668814B05461D402023002D6CD0F8
:10C1B000F7077F4DFF0FBC460D402F4379D0254632
:10C1C000C7078035002F06D0CF0504D50127176299
:10C1D0002A683A432A60820708D5F20706D0276802
:10C1E00002223A622A6804273A432A60420708D5A5
:10C1F000F20706D02668042232622A6802263243F9
:10C200002A6002070AD50A461A406646324305D01C
:10C210002668082232622E6816432E60020508D571
:10C220004A0106D501222668D20232622A681A43E0
:10C230002A602A68002A30D0800606D5880604D5F0
:10C24000616E002901D020468847286821688968E6
:10C25000490602D42821084225D0204603F0D3FF06
:10C2600020688168490619D5826840218A43826026
:10C27000206F002812D04F498163206FFDF770FFB7
:10C2800000280AD0206F816B06E0850611D58D0647
:10C290000FD5616E77E020468847F8BD2046FFF74E
:10C2A0007AFFF8BD05E02046FFF775FF0020286003
:10C2B000F7E7256E012D56D1C50654D5CD0652D5CA
:10C2C00010261662206881682546490640350029F7
:10C2D0002ADA226F116849680904090CE1D02F8B12
:10C2E0008F42DED9698311680968890617D401680D
:10C2F00032019143016020688168490849008160EA
:10C3000020688168402291438160E36700202066B5
:10C3100020680168B1430160206FFDF7FFFE288BA4
:10C32000698B401A81B21AE0298B6A8B891A6A8B51
:10C3300089B2002AB5D00029B3D00268FF25213583
:10C34000AA43026020688268520852008260E36754
:10C3500000202066606620680268B24302602046C2
:10C36000FFF7CBFE9DE7C50208D5750206D5012073
:10C37000000510622046FFF70DFF92E7050605D580
:10C380000D0603D5A16E002985D18AE7400688D520
:10C39000480686D5116820464024A1431160836772
:10C3A0000021816600F01CFA7BE700000F08000006
:10C3B000200100046D01010810B5040003D0A06F36
:10C3C000002802D007E0012010BD00217420015593
:10C3D000204600F027F82420A0672068016849085B
:10C3E00049000160204603F0A5FF0128ECD0606AF7
:10C3F000002802D0204603F021FE2068416809226F
:10C40000D20291434160206881682A229143816071
:10C4100020680168012211430160204603F074FE88
:10C4200010BD0000F0B587B0064614216846FBF742
:10C430005AFD414C37680025404902200122032360
:10C44000A74232D18C6B47043C438C63CC6A0443D3
:10C45000CC62C96A01AC01400591990200910DC4FA
:10C460000720049069463648FEF726F9364C3548D1
:10C470002060052060601020E560A0606561A56116
:10C480008020E5612061800120622046FDF7E2FE08
:10C49000002801D0FDF716FAF466002201211D20C4
:10C4A000A662FEF7A5FD1D2020E0284E0424B74219
:10C4B00020D14E6B27033E434E63CE6A1643CE62B5
:10C4C000C96A0190C907C90F05910321490200916A
:10C4D000052002950494039369460007FEF7ECF8E3
:10C4E000002201211B20FEF783FD1B20FEF774FDB7
:10C4F00007B0F0BD164EB742FAD18E6B01277F040C
:10C500003E438E63CE6A1643CE62C96A0190C90764
:10C51000C90F05910C210091052002950494039305
:10C5200069460007FEF7C8F8002201211C20FEF72B
:10C530005FFD1C20DAE700000048004000100240C8
:10C54000000400501C00024060060020003801403A
:10C550000044004030B5C36F202B27D100290BD0F9
:10C56000002A09D0012483682403A34206D1036969
:10C57000002B03D1CB0701D0012030BD034660332F
:10C580001C7D012C12D001241C7500230366084C6D
:10C590000368A34207D05C68240204D51C68012507
:10C5A000AD062C431C6003F0CFFF30BD022030BD30
:10C5B0000048004070B5224A0123224990421AD116
:10C5C000214A08462030168E556B0478AC55148EDF
:10C5D000641C14868A793F2A06D142780D2A03D139
:10C5E00002780A2A00D18B70017841701549012226
:10C5F0002031134810E0154A904210D1144CC88BDA
:10C600000A782254401CC8830D2A01D00A2A00D17E
:10C610004B7001220B490D48FFF79CFF70BD0D4A7E
:10C620009042FBD10879282804D20B4BCA781A54BF
:10C63000401C087103490122C91C0648ECE70000B0
:10C64000D4040020000000205C010020DC05002054
:10C65000B001002058050020DC020020FFB5044690
:10C66000806F83B017460D4620285ED1002D0AD07A
:10C67000002F08D0A168C001814207D1206900289D
:10C6800004D1E80702D0012007B0F0BD2046603099
:10C690000090007D012848D00098012101750020FC
:10C6A000802108512120A067FEF7D8F826464036A1
:10C6B0000190378277820120A1680003814202D174
:10C6C0002069002805D02F46002500990020087514
:10C6D00011E00027F9E700228021204603F080FFC7
:10C6E000002815D1002F15D02168387888627F1C6A
:10C6F000708A401E7082708A019B00280698009004
:10C70000E9D100224021204603F06AFF002808D02A
:10C710000320B9E728882168C005C00D8862AD1CD8
:10C72000E6E72020A0670020AEE70220ACE700008B
:10C73000F8B50446806F20284AD100290BD0002A82
:10C7400009D00123A0681B03984206D12069002864
:10C7500003D1C80701D00120F8BD25466035287DEA
:10C76000012835D00120287520464030E16402823E
:10C7700042820026274680373E602120A067E06E77
:10C7800000281AD01349C162E16E13480863E16EB4
:10C7900012484863E06E134686632068E16C2830D7
:10C7A00084466246E06EFDF79DFD002805D010200E
:10C7B00038602E752020A067CDE7216840200862F0
:10C7C0002E75206881688022114381600020F8BDA9
:10C7D0000220F8BDCD010108FD0101088101010819
:10C7E000704770477CB506461A484168C943090737
:10C7F000FBD4194C606B6515284360630021174812
:10C80000FDF768FA164800901648019069461348EB
:10C81000FDF7B6FAA0140190694600960F48FDF79F
:10C82000AFFA0E48FDF74CFC0021C9430B48FDF759
:10C83000E7FB0A48FDF7EEFA084980B20A689368F8
:10C84000022633439360096803220A60616BA9439F
:10C8500061637CBD00700040001002401C04002099
:10C86000FFFF07000110000038B50B231B07C51898
:10C87000114B0FD01C152D1B18D02D1B19D0A54204
:10C88000DD6A05D108242543DD62DB6A234007E029
:10C890008024F8E7DC6A01252C43DC62DB6A2B404C
:10C8A000009311601146FDF707FF38BDDD6A0224D1
:10C8B000E9E7DD6A0424E6E70010024070B5174995
:10C8C00004464A6A08698018000EE0714A6A0869DD
:10C8D0008018000CA071088A8A8C8018000A607188
:10C8E000087C8A8C801820714869000EE0704869C5
:10C8F000000CA070888A000A6070087D20700525F1
:10C90000625D07A1084804F087F907490846143812
:10C91000FBF7F4FA6D1C082DF2DB70BD4000F81F28
:10C9200025303278000000005403002070B50C461A
:10C93000054600210448FFF759F828600121024804
:10C94000FFF754F8206070BDA806002010B50C4613
:10C95000024600210448FFF74FF822460121024811
:10C96000FFF74AF810BD0000A806002030B587B0D8
:10C970000546694605A800F00BF8840A890580057C
:10C980000C43800D00F0D0F92880204607B030BD60
:10C9900070B505460C4600222248FFF703F9002235
:10C9A000294620486668FFF7DBF8002221461D482B
:10C9B000FFF7F8F86068B042F1D1E8781A4A01460A
:10C9C0005043C01C8308880729D0184869783D2245
:10C9D0000E4651430A463C3A7100891EC840D10FA9
:10C9E00080078918800F4910081AC018A978401EBE
:10C9F00008180F493C2248436178E12351432278CB
:10CA00001B015A438918A27810180818810D830257
:10CA10006068084C0022201A1818514170BD064861
:10CA2000D4E70000A8060020B5050000A0AA9900E0
:10CA300080510100FF03000050554400032070475F
:10CA40000148006870470000F406002000B587B078
:10CA5000694605A8FFF79CFF0249096807B0401A1C
:10CA600000BD0000F406002000B587B0694605A8A7
:10CA7000FFF78EFF07B000BD10B5084C20780028E6
:10CA80000AD100F04BF8FF2101310548FFF70CF8FF
:10CA900000F0A2F80120207010BD00002E00002040
:10CAA000A806002010B50C4C0021042000F042FB29
:10CAB00021688868C0040ED5C868C0050BD5C86851
:10CAC00080221040FF388238C860044990024861D3
:10CAD0002046FEF7B5FF10BDA80600200004014067
:10CAE00070B50446FFF7B2FF211A0B4D0220285EF5
:10CAF000C01C814201D9002100E00121042000F086
:10CB000019FB00F003FB012802D10220285E241A41
:10CB1000204600F06DF870BD2E00002030B52A4987
:10CB20002A4891B0002412C01F2101608460046172
:10CB30002749446141600838FFF762F86846C470CD
:10CB40000125457085700570002269461F48FFF772
:10CB5000ABF90B940C940F9400220BA91B480E9474
:10CB6000FFF704FA1B4A00211848FEF745FF002290
:10CB700001211648FEF740FF1448FEF743FF282125
:10CB800001A8FBF7B0F96846047144710321817173
:10CB90000294049405940694079408A808940571D7
:10CBA00028020A90012201A90848FFF7B5F80521DB
:10CBB0006846817168020A90012201A90348FFF7C3
:10CBC000ABF811B030BD000000280040A8060020DE
:10CBD000FF0300008000926510B5044C2046211D23
:10CBE0001830FFF7D5FE206010BD0000F4060020CD
:10CBF000F0B587B0044614223F4901A8FBF75AF963
:10CC00003D485038406E009000F07EF83B48029955
:10CC10003B4A401AA105890D081887B2A10A684647
:10CC20008078534202E08918401C80B29942FAD2BF
:10CC30006A461579E122120102E0891A6D1CADB233
:10CC40009142FAD26A46547902E0641CA4B23C399B
:10CC50003C29FAD2927951188EB20121890203E05F
:10CC60007A1A761C97B2B6B28F42F9D203E03C3EF4
:10CC7000641CB6B2A4B23C2EF9D203E03C3C6D1C5D
:10CC8000A4B2ADB23C2CF9D203E0183D401CADB2C9
:10CC900080B2182DF9D26946C978890769464A7861
:10CCA00027D01849491E515C814202D2FAF720FE72
:10CCB00008461249CA1B10492C394A6005225206FF
:10CCC0008A618E704C700A460D7020321070684672
:10CCD000C079C8700020C861FF2248610132C86075
:10CCE0004A620861024608462438FFF715F807B083
:10CCF000F0BD04490C31D5E7F8060020FF03000021
:10CD000080AEFEFF5CB1010810B506480168C86836
:10CD100080221040FF388238C86051000148FEF779
:10CD2000C3FE10BDA806002010B57D2103F09FFFB3
:10CD30004906C009084310BD10B5410EC0017D224F
:10CD40000023FAF7FFFD10BDF8B51F4E0022402169
:10CD50003046FDF77CFD002403F07DF87D27054675
:10CD60003F0104E0284603F07CF8B84205D2802158
:10CD70003046FDF763FD0028F4D100250122402153
:10CD80003046FDF764FD6400002240213046FDF787
:10CD90005EFD80213046FDF751FD012800D1641C65
:10CDA0006D1CEDB2182DE9D3012240213046FDF76C
:10CDB0004EFD0120C0054440002240213046FDF7D1
:10CDC00046FD2046F8BD000000040050FEE7016863
:10CDD0008A69D243920701D400228A62006881697D
:10CDE000C943C90703D0816901221143816170479A
:10CDF000F7B5044600680E468069C043C0062BD4D0
:10CE000020272546403520688069C043800612D51A
:10CE1000701CF8D0FDF722FD0299401AB04201D8EB
:10CE2000002EF0D1606C384360646F700020A870F1
:10CE300028700120FEBD21681020C8612068C761EC
:10CE40002046FFF7C4FF20684168044A1140416052
:10CE5000606C04210843E7E70020FEBD00E800FE07
:10CE6000F8B50446164615481D46DAB20090079FED
:10CE70000023204600F054F83A462046069900F078
:10CE8000F1F8002818D12846F5B2012809D0216808
:10CE9000300A88623A462046069900F0E3F80028F6
:10CEA0000AD1206885620097002240212046069B17
:10CEB00000F04AF8002800D00120F8BD00200080D2
:10CEC000F8B50446164615481D46DAB2C30200906E
:10CED000079F204600F024F83A462046069900F0C5
:10CEE000C1F8002818D12846F5B2012809D02168D8
:10CEF000300A88623A462046069900F0B3F80028C6
:10CF00000AD1206885620097002280212046069B76
:10CF100000F01AF8002800D00120F8BD00200080A1
:10CF2000F0B50668059C7568064F600D384385436B
:10CF30008805800D1104084318432043054375609C
:10CF4000F0BD0000FF63FF03F8B51D4617460E460F
:10CF5000044609E0681C07D0FDF780FC0699401ADA
:10CF6000A8420BD8002D09D020688169304688433B
:10CF70000FD00020B842EDD00020F8BD616C202019
:10CF800001436164403460700020A0702070012073
:10CF9000F8BD0120EEE70000F7B500272026054682
:10CFA0000446403528E02046029A0199FFF720FF09
:10CFB000002801D00120FEBD20688069C0438006A2
:10CFC00011D420688169C943490702D4218D002901
:10CFD00017D1C661206841680E4A114041606764FC
:10CFE0006E70AF7013E0FDF739FC0299411A019899
:10CFF000814208D8002806D020688069C0434007D5
:10D00000D1D40020FEBD606C304360646E702F7020
:10D01000D0E7000000E800FE70B516460D46044655
:10D020000FE0324629462046FFF7E2FE002801D0F5
:10D03000012070BDFDF712FC801BA84208D8002D0E
:10D0400006D020688069C0438006EAD4002070BD05
:10D05000616C202001436164403460700020A07046
:10D060002070E5E770B516460D46044611E03246DD
:10D0700029462046FFF7BCFE002801D0012070BDE4
:10D08000681C06D0FDF7EAFB801BA84208D8002DDB
:10D0900006D020688069C0438007E8D4002070BDB6
:10D0A000616C202001436164403460700020A070F6
:10D0B0002070E3E7024801680422114301607047D1
:10D0C0000070004070B50546FEF7FEFF0D4CA06BEA
:10D0D00021040843A063FDF797FFFDF78DFFE0688B
:10D0E0000121C9030843E060074801680422114395
:10D0F000016001210846FDF797FFA847FEF7C4FF2E
:10D1000070BD00000010024000700040EFF310817D
:10D1100072B607480268002A01D0002005E0406886
:10D12000002801D0012000E0022081F31088704720
:10D130003400002010B5EFF3108272B6064B0029C0
:10D140001C6803D0012903D1044300E084431C6020
:10D1500082F3108810BD00003400002070B586B046
:10D1600000F0A0F96420FDF7F1F82FA00068059009
:10D1700000200390049001200DF0AEFF7D240125D6
:10D1800005A8E40000902B460022C42101950294DA
:10D190002648FDF7C7FD02200DF09EFF611E244EBC
:10D1A000884235D203A8009001230F22C5210195A2
:10D1B00002941E48FDF70CFD04A8009001231022E4
:10D1C000C521019502941948FDF702FD6846007BD0
:10D1D00001026846007C081884B27D204001844228
:10D1E00030780AD9002805D1FDF738FB014611A097
:10D1F00003F002FD174806B070BD002806D1FDF708
:10D200002DFB0146224614A003F0F6FC2046F2E76F
:10D210003078002805D1FDF721FB014614A003F06A
:10D22000EBFC1B48E7E70000040000007804002046
:10D23000190000205B25645D44697374616E636549
:10D24000206973206F7574206F662072616E676548
:10D250000D0A0000FFFF00005B25645D44697374E4
:10D26000616E6365203D2564636D0D0A000000005A
:10D270005B25645D6C696461725F6C6974652069CB
:10D2800073206E6F7420636F6E6E6563740D0A0099
:10D29000FF0F000010B50649064802F0EEFD0649F2
:10D2A000044802F051FE034802F060FE10BD000089
:10D2B000C1F400087C03002060EA00001CB50021D6
:10D2C00019480091174A01910260C16352054260FA
:10D2D000816001230722036182630246C16020321C
:10D2E0001170FF245170C234446281621173016372
:10D2F0008161042243634261C161FCF78FFD002814
:10D3000001D0FCF7DFFA09480090012000030190EA
:10D3100069460548FCF734FD002801D0FCF7D2FA35
:10D320001CBD0000002401401C0400200000024439
:10D3300008B50848016B012211430163006B1040DE
:10D340000022009011460A20FDF752FE0A20FDF748
:10D3500043FE08BD00100240F0B587B014216846B6
:10D36000FAF7C1FD4848C26A04210A43C262C26A90
:10D370000A400592C16A80252943C162C16A2940D9
:10D380000591C16A01263143C162C16A31400591EC
:10D39000C26A02210A43C262C06A3246084005904E
:10D3A00020213A48FDF753FA0327002400976946E5
:10D3B000374801970294FDF77FF9A801009069466C
:10D3C000019702943348FDF777F933480090052020
:10D3D0006946019702940007FDF76EF960200090FE
:10D3E00005200194694602940007FDF765F92B4872
:10D3F000019005206946009502940007FDF75CF94D
:10D40000274800906946019702942048FDF754F997
:10D41000280200906946019702941C48FDF74CF9D8
:10D42000680000906946019702941848FDF744F996
:10D430000720000300906946039701960294134861
:10D44000FDF73AF9002269011048FDF700FA0022C1
:10D45000A9010E48FDF7FBF90022E9010B48FDF791
:10D46000F6F9202000906946039701960294074838
:10D47000FDF722F9002202210720FDF7B9FD072060
:10D48000FDF7AAFD07B0F0BD0010024000040050F7
:10D49000001C00500008005013DE000000002110A6
:10D4A0001F06000010B51348114901601249416080
:10D4B000002181600161416181610122C161C2601D
:10D4C0000162FDF71BFA002801D0FCF7FBF90021EF
:10D4D0000848FDF7C9F9002801D0FCF7F3F900214D
:10D4E0000448FDF7E6F9002801D0FCF7EBF910BD80
:10D4F00000540040780400205B3D300010B508481F
:10D5000006490160062141600649C1608160FDF75E
:10D51000DFFC002801D0FCF7D5F910BD0030004039
:10D52000C4040020FF0F000010B50F480D49016032
:10D53000E1214902416000218160C16001610C224A
:10D5400081614261016230214162012109038163ED
:10D550004900C163FEF730FF002801D0FCF7B2F9A3
:10D5600010BD000000480040D404002010B50C4855
:10D570000A4901604B21C901416000218160C160FD
:10D5800001618161C1610C22016242614162FEF769
:10D5900013FF002801D0FCF795F910BD00380140B9
:10D5A0005805002010B50C480A4901604B21C901FB
:10D5B000416000218160C16001618161C1610C2213
:10D5C000016242614162FEF7F7FE002801D0FCF7DC
:10D5D00079F910BD00440040DC050020F0B50125BC
:10D5E0006D0293B00C460646012902D0002C02D0F1
:10D5F00006E0294601E0FF2101313548FEF754FAE3
:10D60000282105A8FAF76FFC002269463048FEF78A
:10D61000C9FA002211A92E48FEF7A2FAE121090158
:10D620003046FAF765F9C6B208463C21FAF760F9C8
:10D63000C7B26846807840180A21FAF759F9000104
:10D640000818C0B25928694604D9603888754878E6
:10D650007F1C01E0887548780A21C019FAF748F95B
:10D6600000010818C0B25928694604D960384875C5
:10D670000878761C01E0487508780A218019FAF7C5
:10D6800037F900010818C0B22328694600D92438A8
:10D690000875002001210690C907089009900B9099
:10D6A0000C900A91012008A90875002C0BD00E954A
:10D6B000012205A90648FEF72FFB002801D0FCF740
:10D6C00001F913B0F0BDFF2001300E90F0E700002B
:10D6D000A806002010B5012104464905FEF70EFDFD
:10D6E0002046FEF7F9FC10BDFEB504460178F1486E
:10D6F0000090F148019020383F26ED4DEF4F408BD0
:10D70000472901D301F006FE4B007B449B885B0058
:10D710009F444600670079009D00CA00EC00A1010B
:10D720003D012B0122017E01FE008B009D04E203DE
:10D730000801C203B501BB03F7035B0408054405F8
:10D740005A051A074A077B07AB07D907E007D30733
:10D75000E807F0071708180B390B520B590B840B0D
:10D7600028043E043108620876088A08B708A5082C
:10D77000A908AD08B108CD08A00AA70AB40AB20BDF
:10D78000EA0BF60BFF0B120C100E5A005A0E360B5A
:10D79000440E6E0EBF047A0C880C2F0C970C020EF0
:10D7A000002008F083FF072805D03E26FDF756F835
:10D7B0000146C3A0E2E30020F8713C202070FDF791
:10D7C0004DF80146C6A0D9E3002009F047FE07281E
:10D7D00005D03E26FDF742F80146C8A0CEE3012061
:10D7E000EDE3002008F0B2FF072805D03E26FDF744
:10D7F00035F80146CBA0C1E302202070FDF72EF8DA
:10D800000146D1A0BAE3002009F0E2FB072805D0C9
:10D810003E26FDF723F80146D6A0AFE30C2020708A
:10D82000FDF71CF80146DFA0A8E3002009F0D6F9B7
:10D83000072805D03E26FDF711F80146E7A09DE335
:10D8400003202070FDF70AF80146F0A096E30020BF
:10D8500009F0ECF9072805D03E26FCF7FFFF01464A
:10D86000F3A08BE304202070FCF7F8FF934A0146F5
:10D870003C321446F7A003F0BFF98E48FDA12038D2
:10D88000FAF748FB002801D101F0DDFD894810219D
:10D890002038FAF728FB87480F2221462038FAF76C
:10D8A00009FB05F0BFFDEFE7002009F005FA0728A6
:10D8B00005D03E26FCF7D2FF0146F0A05EE305202E
:10D8C0002070FCF7CBFF7D4A014628321446F4A0B5
:10D8D00003F092F97748102110380546FAF703FB58
:10D8E0000F2221462846FAF7E5FACDE7002009F095
:10D8F0005FFD072805D03E26FCF7B0FF0146F0A0EB
:10D900003CE30B202070FCF7A9FF0146F6A035E3AD
:10D91000002009F0FDFA072802D03F20207020E007
:10D920000F205DE76348D3A1A130FAF7F3FA0A2587
:10D9300000280FD109F0FCF8072805D03E26FCF797
:10D940008DFF0146F6A019E3FCF788FF0146FAA017
:10D9500003F052F9257097E7002009F0CDFD072864
:10D9600001D03E2690E708203AE7002009F026F88B
:10D97000072809D03E26514804212030C170FCF709
:10D980006DFF0146F3A0F9E23F202070F3E700208D
:10D9900009F052F8072807D03E2609202070002001
:10D9A00078730BF0FDFF6FE709202070EF480078D7
:10D9B00000280FD1EE49EF4802F05FFA3E482038C8
:10D9C00001697D20C0004143EA4802F0BDFAE94800
:10D9D00002F0CCFA787A00280CD03548FAF7C5FA6C
:10D9E0003649401920314A787B7BE3A103F014F9D2
:10D9F00000207872FCF732FF0146E6A003F0FCF845
:10DA00002B48FAF7B2FA4019E3A103F005F9C6E78B
:10DA1000012149022648FAF766FA002009F0ACFD18
:10DA2000072808D03E26FCF719FF0146E9A003F0BD
:10DA3000E3F8E9A10DE0002009F09EFD072801D1DF
:10DA400006202070FCF70AFF0146E7A003F0D4F897
:10DA5000E6A11748D9E3002009F02CF807280CD0DC
:10DA60003E26FCF7FBFE0146DAA003F0C5F810489D
:10DA7000FAF77BFA4019D8A1ECE71120B0E61120A3
:10DA800009F0B6F9FCF7EAFE01460C48203042786E
:10DA9000DBA003F0B1F8387C0728787B06D0401C67
:10DAA00078733F2020700120DC49B9E1BDE100001E
:10DAB000901A0020061300207C0000203C0100206A
:10DAC0005B25645D4E42494F5420646964206E6F4B
:10DAD0007420726573706F6E642E0D0A0000000072
:10DAE0005B25645D4E42494F542068617320726526
:10DAF00073706F6E6465642E0D0A00005B25645DB3
:10DB00004E6F20726573706F6E7365207768656EF7
:10DB1000207368757474696E6720646F776E0D0A80
:10DB2000000000005B25645D4563686F206D6F64D5
:10DB300065207475726E6564206F66662066616923
:10DB40006C65642E0D0A00005B25645D4563686F9B
:10DB5000206D6F6465207475726E6564206F6666F3
:10DB6000207375636365737366756C6C792E0D0A2B
:10DB7000000000005B25645D4661696C656420748B
:10DB80006F207475726E206F666620736C656570A9
:10DB9000206576656E74207265706F7274696E6749
:10DBA0002E0D0A005B25645D44697361626C65201B
:10DBB000746865207265706F7274696E67206F6635
:10DBC000206465657020736C656570206576656E90
:10DBD00074205552432E0D0A000000005B25645D41
:10DBE0005265717565737420666F72206D616E7514
:10DBF0006661637475726572206D6F64656C206612
:10DC000061696C65642E0D0A000000005B25645D8F
:10DC10004D6F64656C20696E666F726D6174696FBB
:10DC20006E3A42433636304B2D474C2E0D0A0000DB
:10DC30005B25645D4661696C656420746F20726564
:10DC4000616420494D4549206E756D6265722E0DE7
:10DC50000A0000005B25645D54686520494D454914
:10DC6000206E756D6265722069733A25732E0D0AF8
:10DC7000000000004E554C4C000000005B25645D28
:10DC80004661696C656420746F2072656164204927
:10DC90004D5349206E756D6265722E0D0A000000AD
:10DCA0005B25645D54686520494D5349206E756D50
:10DCB0006265722069733A25732E0D0A0000000018
:10DCC0005B25645D4661696C656420746F207365D3
:10DCD0007420746865206461746120666F726D6180
:10DCE000742E0D0A000000005B25645D53657420EE
:10DCF000746865206461746120666F726D61742060
:10DD0000666F722073656E64696E6720616E642051
:10DD1000726563656976696E672E0D0A0000000002
:10DD20005B25645D4661696C656420746F20736572
:10DD3000742041504E0D0A005B25645D53657420CC
:10DD400041504E207375636365737366756C6C79AF
:10DD50000D0A00005B25645D456E74657220736C6E
:10DD6000656570206D6F64650D0A00001800002065
:10DD7000A9F50008680300205369676E616C2053A1
:10DD80007472656E6774683A2564202A25640D0AEA
:10DD9000000000005B25645D5475726E206F66663E
:10DDA00020746865206D6F64756C652072656365AD
:10DDB0006976696E6720616E642073656E64696E52
:10DDC000672052462066756E6374696F6E2E0D0A69
:10DDD000000000005B25645D4E6F20726573706FFC
:10DDE0006E73650D0A0000005B25645D45786974FB
:10DDF00020736C656570206D6F64650D0A0000000E
:10DE00005B25645D5369676E616C20537472656E47
:10DE10006774683A25640D0A000000000E000020B7
:10DE20000870FA49002088702EE5002807D0F848CD
:10DE3000FAF79BF840197A7BF6A102F0EDFEF44860
:10DE4000FAF793F84019F14DF9496A7802F0E4FEC7
:10DE50007878002806D00D2121700124AC700028AC
:10DE600002D005E01221F7E7F24806F087F87C704F
:10DE7000FF20F53006F082F8EF4900200870EF49E6
:10DE80000870EF4908707873FEE4002009F01CFA6E
:10DE90000728C9D11020A3E4002008F059FF072863
:10DEA0000ED0FCF7DBFC0146E6A002F0A5FED84848
:10DEB000FAF75BF84019EDA102F0AEFE0E208FE4F8
:10DEC000FCF7CCFC0146F1A002F096FED048FAF730
:10DED0004CF84019F4A1EFE7002008F0B3FC072844
:10DEE0000DD03E26FCF7BAFC0146F5A002F084FEF8
:10DEF000C748FAF73AF84019F2A102F08DFE132054
:10DF00006EE4002009F09AF9072817D0FCF7A6FC68
:10DF10000146F2A002F070FEBD48FAF726F840195B
:10DF2000EFA102F079FE7D20C000FCF70FFA019806
:10DF3000407B00280ED001280ED00BE0FCF78EFCB1
:10DF40000146EEA002F058FEB148FAF70EF840196B
:10DF5000EBA1E6E7142043E4F248007E0328F9D160
:10DF600027203DE4002007F041FF072809D03B208F
:10DF700020703E26FCF772FC0146EBA002F03CFE4E
:10DF800082E428202070FCF769FC0146F2A0F5E746
:10DF9000002007F0EBFE072806D03B202070FCF79E
:10DFA0005DFC0146F8A00CE0B87B002801D04120C0
:10DFB00000E014202070FCF751FC014600E0F4E37F
:10DFC000F9A002F019FE002061E0009805F04EFF74
:10DFD00001280ED0009805F049FF022809D00098CA
:10DFE00005F086FF012804D0009805F081FF022883
:10DFF00011D1FC48007801280DD041202070FCF799
:10E000002DFC0146F8A002F0F7FD8148F9F7ADFFBD
:10E010004019F6A11EE5002009F0B2F80728AFD19B
:10E02000FCF71CFC0146F9A002F0E6FD7848F9F780
:10E030009CFF4019F6A102F0EFFD3F2020707348CD
:10E04000032101710421C1700120B8721CE4002079
:10E0500008F082FC07280DD03E26FCF7FFFB0146A6
:10E0600097A002F0C9FD6A48F9F77FFF401995A112
:10E0700002F0D2FD0198407B012803D1A948007E1F
:10E08000032801D041204CE4272020700120B873E0
:10E0900009E40BF085FC012149025D48F9F723FFF3
:10E0A0005A480221C17000214171E0480278002ADB
:10E0B0000BD001709B4801697D20C0004143DC48C2
:10E0C00001F042FFDA4801F051FF964F387E0128F7
:10E0D00006D0022806D0032806D0042806D007E080
:10E0E000152004E0222002E0292000E036202070E4
:10E0F0004748F9F73AFF4019FA8ACEA102F08CFDA1
:10E10000FCF7ACFBFA8A0146501CF882D0A002F062
:10E1100073FDD7480BF022FE3C480421406BF9F711
:10E12000E2FE18E4D3490098F9F7F4FE002805D17F
:10E13000D049D148F9F7EEFE00280DD044202070D8
:10E14000FCF78CFB0146CDA002F056FD3048F9F7F4
:10E150000CFF4019CAA17DE4002006F0A5FC0728A9
:10E160000ED044203E262070FCF778FB0146CEA05E
:10E1700002F042FD2648F9F7F8FE4019CBA169E408
:10E1800016202070FCF76AFB0146CFA002F034FD98
:10E190001F48F9F7EAFE4019CCA15BE4002006F025
:10E1A000FBFC072801D101F0B5F820203E262070A5
:10E1B000FCF754FB0146CEA002F01EFD1448F9F70F
:10E1C000D4FE4019CBA145E4002006F099FC0728B5
:10E1D0000ED020203E262070FCF740FB0146CEA04A
:10E1E00002F00AFD0A48F9F7C0FE4019CBA131E45C
:10E1F00018202070FCF732FB0146D14802F0FCFCED
:10E200000348F9F7B2FE40199CE1CDE25C01002021
:10E21000901A00205369676E616C20537472656EAA
:10E220006774683A3939202A25640D0A0000000015
:10E2300004DE0008B80B0000100000200F000020D2
:10E24000090000205B25645D50534D206D6F6465AF
:10E2500020636F6E66696775726174696F6E2066A0
:10E2600061696C6564200D0A0000000050534D2068
:10E270006D6F646520636F6E66696775726174693E
:10E280006F6E206661696C65640D0A005B25645DD4
:10E2900050534D206D6F646520636F6E66696775BE
:10E2A000726564200D0A000050534D206D6F646547
:10E2B00020636F6E666967757265640D0A00000001
:10E2C0005B25645D4661696C656420746F206765D9
:10E2D000742074696D650D0A000000005B25645DA3
:10E2E000444E5320636F6E66696775726174696F1F
:10E2F0006E206661696C65640D0A00005B25645DD3
:10E30000444E5320636F6E66696775726174696FFE
:10E310006E206973207375636365737366756C0D26
:10E320000A0000005C0000205B25645D4661696CAA
:10E33000656420746F20636F6E666967757265200F
:10E3400061757468656E7469636174696F6E206D60
:10E350006F64650D0A0000005B25645D4D616E61B0
:10E3600067652073657276657220616E6420636CE8
:10E3700069656E742061757468656E746963617433
:10E38000696F6E2E0D0A00005B25645D4661696C45
:10E39000656420746F20656E61626C652053534C18
:10E3A000206D6F64650D0A005B25645D456E6162DA
:10E3B0006C652053534C20616E6420636F6E6669F8
:10E3C000677572652053534C20636F6E7465787463
:10E3D0002F636F6E6E65637420696E6465782E0DB1
:10E3E0000A000000110000205B25645D4E6F204490
:10E3F0004E53207265736F6C7574696F6E20726511
:10E400007175697265640D0A000000005B25645D2A
:10E410005265736F6C76696E6720646F6D61696EAB
:10E42000206E616D652E2E2E0D0A00001B0000204F
:10E43000680300202A2A2A2A2A55706C6F616420FA
:10E4400073746172743A25642A2A2A2A2A0D0A00F2
:10E450005B25645D2A2A2A2A2A55706C6F61642024
:10E4600073746172743A25642A2A2A2A2A0D0A00D2
:10E470009400002074DC00089D1600205B25645D7C
:10E48000434F415020706172616D65746572206305
:10E490006F6E66696775726174696F6E20657272FE
:10E4A0006F720D0A000000005B25645D434F415010
:10E4B00020636F6E66696775726174696F6E20663E
:10E4C00061696C65640D0A005B25645D434F4150D2
:10E4D00020636F6E66696775726174696F6E207311
:10E4E00075636365737366756C6C790D0A00000063
:10E4F0005B25645D4661696C656420746F204372BE
:10E5000065617465206120436F41502073657373AA
:10E51000696F6E0D0A0000005B25645D4661696CE1
:10E52000656420746F20536574206120436F4150EF
:10E53000206D6573736167652049440D0A00000012
:10E5400074E20108E4A165E5002006F0A7FB0728B6
:10E550000ED020203E262070FCF780F90146EEA068
:10E5600002F04AFBF948F9F700FD4019EBA151E52B
:10E57000F749F848F9F7CEFC002813D00198007B42
:10E5800000280DD01C202070FCF768F90146F2A08D
:10E5900002F032FBED48F9F7E8FC4019EFA139E54C
:10E5A0001E20F0E71920EEE7002006F0CDFB07283B
:10E5B0000ED020203E262070FCF750F90146F3A033
:10E5C00002F01AFBE148F9F7D0FC4019F0A121E56F
:10E5D000E048DF498130F9F79DFC002813D001980D
:10E5E000007B00280DD01C202070FCF737F9014675
:10E5F000F3A002F001FBD548F9F7B7FC4019F1A1EF
:10E6000008E51E20F0E71A20EEE7002006F0F2FBF6
:10E6100007280ED020203E262070FCF71FF9014667
:10E62000F4A002F0E9FAC948F9F79FFC4019F2A1F9
:10E63000F0E4C749FC48F9F76DFC002813D00198B5
:10E64000007B00280DD01C202070FCF707F9014644
:10E65000F6A002F0D1FABD48F9F787FC4019F4A101
:10E66000D8E41E20F0E71B20EEE7002006F018FC9F
:10E6700007280ED020203E262070FCF7EFF8014638
:10E68000F7A002F0B9FAB148F9F76FFC4019F5A10B
:10E69000C0E40198007B00280DD01C202070FCF7FE
:10E6A000DDF80146FBA002F0A7FAA848F9F75DFCE7
:10E6B0004019F9A1AEE41E20F0E7002006F0F4FCBA
:10E6C0000BE01F202CE3002006F0AAFC072806D14F
:10E6D0001D202070002006F039FD0728F1D03E26CD
:10E6E0002020EBE0FBF732FE01203872F8700020AA
:10E6F000B87058E5002006F089F916280ED043209E
:10E700003E262070FCF7AAF80146EFA002F074FA4A
:10E710008E48F9F72AFC4019ECA17BE4F878002830
:10E7200001D0422000E043202070FCF797F801461A
:10E73000EEA002F061FA8548F9F717FC4019ECA148
:10E7400068E4002006F03AFD1D2802D01E2804D0FF
:10E7500029E500203872202095E417202070FCF76E
:10E760007DF80146ECA002F047FA7848F9F7FDFB86
:10E770004019EAA1F6E376490098F9F7CBFB0028A7
:10E7800005D17349F348F9F7C5FB00280ED04420A2
:10E790002070FCF763F80146EFA002F02DFA6B48F9
:10E7A000F9F7E3FB4019EDA1DCE359E2002006F0A4
:10E7B00071FD07280ED044203E262070FCF74EF84D
:10E7C0000146F0A002F018FA6048F9F7CEFB4019B4
:10E7D000EDA1C7E32A2056E4002006F06FFE0728CB
:10E7E00087D034203E262070FCF738F80146EDA093
:10E7F00002F002FA5548F9F7B8FB4019EAA1B1E373
:10E80000002006F07BFD0728A2D034203E26207091
:10E81000FCF724F80146EFA002F0EEF94B48F9F7B7
:10E82000A4FB4019ECA19DE3002007F057F907284D
:10E830000ED034203E262070FCF710F80146EEA0E2
:10E8400002F0DAF94148F9F790FB4019EBA189E3AE
:10E850003F202070F148408BFBF778FD18E4002042
:10E8600006F0A4FE0AE0002006F02CFF06E00020DF
:10E8700006F09EFF02E0002007F010F80728AFD056
:10E8800004E0002007F080F807280ED034203E2650
:10E890002070FBF7E3FF0146E1A002F0ADF92B4841
:10E8A000F9F763FB4019DFA15CE332202070002000
:10E8B00007F0E8F8072893D03E2634202070FBF7B5
:10E8C000CDFF0146DCA002F097F92048F9F74DFB97
:10E8D0004019DAA146E3000053657420746865208E
:10E8E000436F4150206D6573736167652049442013
:10E8F000616E64206175746F6D61746963616C6CC5
:10E90000792067656E6572617465206120746F6B34
:10E91000656E0D0A000000005B25645D4661696C50
:10E92000656420746F20636F6E6669677572652019
:10E9300074686520436F4150206F7074696F6E205A
:10E94000696E64657820310D0A000000901A00207D
:10E9500074DC00081E1700205B25645D537563633B
:10E9600065737366756C6C7920636F6E6669677525
:10E9700072656420436F4150206F7074696F6E2020
:10E98000696E64657820310D0A0000005B25645DC6
:10E990004661696C656420746F20636F6E66696799
:10E9A0007572652074686520436F4150206F7074E4
:10E9B000696F6E20696E64657820320D0A00000070
:10E9C0005B25645D5375636365737366756C6C7901
:10E9D00020636F6E6669677572656420436F41508E
:10E9E000206F7074696F6E20696E64657820320DD7
:10E9F0000A0000005B25645D4661696C65642074F3
:10EA00006F20636F6E666967757265207468652034
:10EA1000436F4150206F7074696F6E20696E64653A
:10EA20007820330D0A000000201800205B25645D6B
:10EA30005375636365737366756C6C7920636F6E71
:10EA40006669677572656420436F4150206F70740A
:10EA5000696F6E20696E64657820330D0A000000CE
:10EA60005B25645D4661696C656420746F20636F2B
:10EA70006E6669677572652074686520436F4150E2
:10EA8000206F7074696F6E20696E64657820340D34
:10EA90000A0000005B25645D5375636365737366EC
:10EAA000756C6C7920636F6E66696775726564203A
:10EAB000436F4150206F7074696F6E20696E64659A
:10EAC0007820340D0A0000005B25645D4661696CA6
:10EAD000656420746F20636C6F736520436F4150D1
:10EAE0002073657373696F6E0D0A00005B25645DAA
:10EAF000436C6F7365642074686520436F415020D8
:10EB000073657373696F6E20737563636573736682
:10EB1000756C6C790D0A00005B25645D437265615C
:10EB20007465206120436F41502073657373696F72
:10EB30006E20616E6420636F6E6E65637420746F07
:10EB40002074686520436F4150207365727665724A
:10EB50000D0A00009B1500205B25645D4D51545447
:10EB600020706172616D6574657220636F6E666995
:10EB70006775726174696F6E206572726F720D0ACB
:10EB8000000000005B25645D4D51545420636F6E9E
:10EB900066696775726174696F6E206661696C651C
:10EBA000640D0A005B25645D4661696C65642074D0
:10EBB0006F206F70656E20746865204D515454202D
:10EBC000636C69656E74206E6574776F726B0D0A85
:10EBD000000000005B25645D4661696C656420741B
:10EBE0006F20636F6E6E65637420746F207365723F
:10EBF0007665720D0A0000005B25645D4661696CF4
:10EC0000656420746F207375627363726962652036
:10EC1000746F20746F7069630D0A00005C0000203F
:10EC20005B25645D4661696C656420746F20536583
:10EC300074205055420D0A005B25645D4661696C85
:10EC4000656420746F2075706C6F616420646174FA
:10EC5000610D0A0001203871F8700020B87034206E
:10EC6000C4E3002006F0E0FA072877D138790128BC
:10EC7000FBD13520207000203871E4E3002006F03D
:10EC8000CDFF10283DD006DC042858D0092807D035
:10EC90000B2875D112E0122841D01628F9D14CE08A
:10ECA0002B202070FBF7DAFD0146F3A001F0A4FF52
:10ECB000FE48F9F75AF94019F0A153E10198007B99
:10ECC000002808D0012808D0022808D0032808D03E
:10ECD000052808D009E02D2006E02E2004E02F2092
:10ECE00002E0302000E031202070FBF7B7FD014644
:10ECF000EFA001F081FFED48F9F737F94019EDA1D8
:10ED000030E133202070FBF7A9FD0146F3A001F0AC
:10ED100073FFE648F9F729F94019F1A122E12C2007
:10ED20002070FBF79BFD0146F6A001F065FFDF4870
:10ED3000F9F71BF94019F4A114E1422061E03E26E5
:10ED4000432053E3F7490098F9F7E4F800280FD07F
:10ED500044202070FBF782FD014600E0DEE0F2A0D7
:10ED600001F04AFFD148F9F700F94019EFA1F9E0A5
:10ED7000002007F0A7FA072803D03E26252098E0B8
:10ED800055E02320A3E0002007F0AAFB07280ED0BF
:10ED900025203E262070FBF761FD0146ECA001F026
:10EDA0002BFFC248F9F7E1F84019EAA1DAE07879D7
:10EDB00003283CD1252019E3FBF7C8FA012038725B
:10EDC0003F212170A1E0002007F046FA072811D06A
:10EDD000002038727871432020703E26FBF73EFDFC
:10EDE0000146E1A001F008FFB048F9F7BEF840196C
:10EDF000DEA1B7E0002038727871F87800289CD145
:10EE000043202070FBF72AFD0146DFA001F0F4FE4D
:10EE1000A648F9F7AAF84019DCA1A3E0002007F002
:10EE200007FC1D2804D00D2813D00F2813D071E241
:10EE300000207871387225202070FBF70FFD014605
:10EE4000DAA001F0D9FE9948F9F78FF84019D8A156
:10EE500088E0242064E77879401C787123202070B2
:10EE6000FBF7FCFC0146D9A001F0C6FE8F48F9F77C
:10EE70007CF84019D6A175E0AA490098F9F74AF83C
:10EE800000280DD044202070FBF7E8FC0146D9A0F3
:10EE900001F0B2FE8548F9F768F84019D6A161E0A3
:10EEA000002007F029F8072810D001203E263873EB
:10EEB00039202070FBF7D2FC0146D8A001F09CFE5F
:10EEC0007A48F9F752F84019D5A14BE03720207065
:10EED000FBF7C4FC0146DBA001F08EFE7348F9F796
:10EEE00044F84019D8A13DE0002007F01DF907289B
:10EEF00004D001203E2638733920DFE438200FE7A4
:10EF0000FBF724FA3F2020700120F8700020B87031
:10EF100099E2002006F0BAFF072803D03E264320DE
:10EF200020705BE7387B012804D04220207000204D
:10EF3000387367E74320F9E7002007F071F91D28CF
:10EF4000F87812D00028E3D043203E262070FBF74B
:10EF500085FC0146C6A001F04FFE5448F9F705F8BC
:10EF60004019C4A101F058FE6DE20028D0D039202C
:10EF70003CE2FBF773FC0146C3A001F03DFE4B48A9
:10EF8000F8F7F3FF4019C8A101F046FE0AF008FDAA
:10EF9000012149024548F8F7A6FFCA480025057037
:10EFA000C9480421406BF8F79EFFF878002822D169
:10EFB000B87803281CD2C4480221C1704571C348E7
:10EFC000007E012806D0022806D0032806D0042897
:10EFD00006D007E0152004E0222002E0292000E00E
:10EFE00036202070B878401CB870F878002802D11C
:10EFF000B878032806D1B648BD70057085700571D4
:10F0000009202070FD701EE244202070FBF726FCD2
:10F010000146B0A001F0F0FD2448F8F7A6FF401922
:10F02000ADA19FE7FBF71AFC014649A001F0E4FD02
:10F030001E48F8F79AFF401946A101F0EDFD442063
:10F04000D4E1002007F032FB0146A748072911D080
:10F050000178491C017000F04BFB6420FBF776F946
:10F0600000F028FB7D200001FBF770F9002008F07C
:10F0700043FA3BE13DE100005B25645D4F70656E46
:10F08000656420746865204D51545420636C696533
:10F090006E74206E6574776F726B20737563636531
:10F0A000737366756C6C790D0A000000901A00206D
:10F0B0005B25645D5375636365737366756C6C790A
:10F0C00020636F6E6E656374656420746F2074686E
:10F0D00065207365727665720D0A00005B25645DBC
:10F0E00053756273637269626520746F20746F7008
:10F0F0006963207375636365737366756C6C790DF2
:10F100000A0000005B25645D55706C6F61642064CB
:10F11000617461207375636365737366756C6C7974
:10F120000D0A000074DC00085B25645D5544502026
:10F13000706172616D6574657220636F6E66696778
:10F1400075726174696F6E206572726F720D0A005C
:10F150005B25645D4661696C656420746F2073652E
:10F160006E640D0A000000005B25645D4661696CF9
:10F17000656420746F20636C6F736520746865200C
:10F18000706F72740D0A00005B25645D436C6F73D1
:10F19000652074686520706F727420737563636591
:10F1A000737366756C6C790D0A0000005B25645DF5
:10F1B000446174616772616D2069732073656E7458
:10F1C0002062792052460D0A000000005B25645D34
:10F1D0004661696C656420746F2075706C6F616442
:10F1E00020646174612C726573656E64206461745F
:10F1F000610D0A005B25645D5443502070617261AB
:10F200006D6574657220636F6E666967757261748F
:10F21000696F6E206572726F720D0A005B25645D06
:10F220004661696C656420746F206F70656E206143
:10F2300020536F636B657420536572766963650D47
:10F240000A0000005B25645D4F70656E20612053ED
:10F250006F636B657420536572766963652073759F
:10F26000636365737366756C6C790D0A000000004A
:10F270005B25645D4D657373616765206661696CCC
:10F2800065640D0A000000005B25645D2A2A2A2AB5
:10F290002A456E64206F662075706C6F61642A2A3F
:10F2A0002A2A2A0D0A0D0A002A2A2A2A2A456E64C9
:10F2B000206F662075706C6F61642A2A2A2A2A0DD5
:10F2C0000A000000070000205C0100205C00002014
:10F2D000940000205B25645D53656E6420636F6D50
:10F2E000706C6574650D0A0012000020072806D0B6
:10F2F0000DE000210170084608F0FEF807E000204C
:10F3000007F05CFB072802D150A001F075FC5448BF
:10F310000421C1703F2069E0002007F0C7F90020F8
:10F3200007F0C8FB002007F089FF4E48FBF70EF8F6
:10F33000FEF710FE002008F0B5F807281FD03E2683
:10F34000FBF78CFA0146484801F056FC4748F8F7AD
:10F350000CFE45494019091D01F05EFC00F0C8F99A
:10F360006420FAF7F3FF00F0A5F97D200001FAF719
:10F37000EDFF0120B871F879401CF87102E0B8790E
:10F3800000280CD0F879062809D000202070B87128
:10F3900004213348002281707A70C17053E000204C
:10F3A000F871B8713F2020703149324800F065FD96
:10F3B000314801697D20C00041432E4800F0C4FD62
:10F3C0002C4800F0D3FDE3E72B48007E012806D04F
:10F3D000022806D0032806D0042806D033E02120D6
:10F3E00004E0262002E0352000E03A2020702AE0E8
:10F3F0001B480421C17081700020204A78700121CF
:10F400001170B8731E488068A82801D11D4801708A
:10F410001D491E4800F031FD7D2189011B4800F087
:10F4200093FD1A4800F0A2FDFBF718FA014618A058
:10F4300001F0E2FB3F202070FEF7B4F801221D49E5
:10F440001D48FDF787F83046FEBD0000456E746527
:10F450007220736C656570206D6F6465000000003C
:10F460005C01002088130000FCDA0008901A0020DC
:10F47000A9F50008680300205C0000202D00002092
:10F48000000008080B000020896E0108B803002066
:10F490005B25645D4E42206D6F64756C65206973F9
:10F4A00020696E697469616C697A696E672E2E2EA7
:10F4B0000D0A000000000020DC050020704700005D
:10F4C00010B5052020210007FBF7B8F9012806D068
:10F4D000074800F083FD07490120C87510BD0649A3
:10F4E000034800F031FD024800F040FD10BD00006F
:10F4F0007C0300200000002060EA000010B51048E6
:10F50000C17F02291AD10F4C217E002916D1817F9B
:10F51000002913D00C4841430C4800F015FD0B485E
:10F5200000F024FD0A48C178042907D18178012917
:10F5300004D161740621C1704620A07110BD000085
:10F540005C0000200000002080EE3600F403002064
:10F550005C01002010B5044800F040FD0348002184
:10F560000173017210BD0000A40300200000002000
:10F5700010B50B4800F032FD0A4C0121002249036E
:10F580002046FBF764F9002221012046FBF75FF9D2
:10F590000121002209032046FBF759F910BD0000A4
:10F5A000900300200004005010B5074801697D2039
:10F5B000C0004143054800F0C7FC044800F0D6FCF9
:10F5C00003490120487210BD5C0000206803002040
:10F5D00000000020F0B5304F304C387F8FB000284D
:10F5E00055D0207D002500280AD10CA800F030F964
:10F5F00001A90C9800F048F9019860750120207568
:10F6000027480078002839D0264E3C213068C8426F
:10F610001FDD3C2832DA684600F01AF9009831689C
:10F62000401802A900F030F90298C1B2607D0028AC
:10F6300000D13C20002900D13C21401A45B23C2099
:10F64000C54201DD3C2D00DB00251548007800286F
:10F6500014D030683C21C84210DD3C280EDA397FD6
:10F66000114A401951437D22D200504309180F48D6
:10F6700000F06AFC0A490020087005E0397F0A485A
:10F6800041430A4800F060FC084800F06FFC01208C
:10F6900060760FB0F0BD00005C000020000000208C
:10F6A0003C0100205001002060EA0000CC03002053
:10F6B0007047000000B587B014216846F8F713FCC6
:10F6C0000948C26A02210A43C262C06A0840059022
:10F6D0000420009003200190002002906946034816
:10F6E000FAF7EAFF07B000BD001002400004005026
:10F6F00010B586B014216846F8F7F5FB0C48C26ACD
:10F7000002210A43C262C06A0A4C084005900420E4
:10F710000090012001900020029069462046FAF7EF
:10F72000CBFF002204212046FBF791F806B010BD64
:10F73000001002400004005010B50248FCF72CFDF8
:10F7400010BD0000D404002001090A220007514323
:10F75000000F4018C0B270470022014602E00A398B
:10F76000C9B2521C0A29FAD21007000E084370478A
:10F7700070B504460068C168490613D40021C94326
:10F78000C160FBF76BF87D260546F60006E0FBF747
:10F7900065F8401BB04201D9032070BD2068C068E5
:10F7A0004006F4D5002070BD10B50348FCF74CF9B5
:10F7B000FDF778F910BD0000A80600207047F7B5E6
:10F7C00082B017460E4600241AE06100705C891969
:10F7D00049780091F8F728F93038C5B2092D01D9D8
:10F7E000ED1FEDB20098F8F71FF93038C0B20928C4
:10F7F00001D9C01FC0B22901081802990855641C1C
:10F80000BC42E2DB05B0F0BD10B5FBF79BFB10BDC1
:10F810000FB40CB500210191069A049989186A4623
:10F820000091918A928B891809B26A4691807D2253
:10F83000D200914205DB009B5B1C891A6A4600934B
:10F8400091800099019A06C002B008BC04B0184724
:10F8500010B5044688B000200190029002A8FDF780
:10F8600085F8019004A903A8FDF760F802980090BC
:10F8700005A8019B049A0399FFF7CAFF059806990A
:10F8800003C408B010BD00003EB50D460024810C35
:10F89000420C891804D0284A64185143401AF6E7EC
:10F8A0002549884202D349424018641C6A4601A98E
:10F8B000F9F7F6FA00986A46C0B2286002A90198E2
:10F8C000F9F7EEFA0098FF21C0B2686002986F3134
:10F8D000C0B2A86019484A1E05E083070FD013463E
:10F8E000E41A401C80B283070BD01346A342F4D91C
:10F8F00013494118134869618A0704D005E00B4693
:10F90000EEE70B46F2E71D2242601C22C82900D117
:10F910004260012102E0E41A491C89B28B001B18E5
:10F92000803BDB6FA342F6D94260641C0020EC6090
:10F93000C043296128623EBD80510100B20700002A
:10F9400094F8FFFFE800002030B5054687B000209E
:10F95000019002900C4602A8FDF708F80190029869
:10F9600000902246294603A8019B00F00CF8049958
:10F9700003980691059068461821415E0598FCF7AA
:10F98000E5FF07B030BD0FB40CB500210191069A18
:10F990000499891A6A460091918A928B891A09B250
:10F9A0006A469180002907DA009A521E00927D2251
:10F9B000D20089186A4691800099019A06C002B067
:10F9C00008BC04B01847000070B59CB038216846E8
:10F9D000F8F789FA142117A8F8F785FA24210EA858
:10F9E000F8F781FA1D4801680324E402A143C51415
:10F9F00049190160FBF710FB19480169A143016136
:10FA00000E200090E8100290012002260A96039032
:10FA1000059080040C900001102100240D900B949F
:10FA200004916846FBF722FD0F20179003201890E1
:10FA300019941A9401211B9417A8FBF7EDFB2F20B2
:10FA40000E900820119080021390C0000F90109625
:10FA500012950EA8FBF71AFB1CB070BD0070004099
:10FA60004010024010480168821511430160C168CE
:10FA70000E4A1140C16001680D4A11400160816861
:10FA800049084900816001680122920491430160A4
:10FA9000C168FD2212049143C16000210161064941
:10FAA0000448886070470000001002400C40FF8846
:10FAB000F6FFF6FE0078000800ED00E010B50E4CF1
:10FAC000002240212046FAF7C2FE00F0DDF80022B5
:10FAD00080212046FAF7BBFE00F010F801224021F9
:10FAE0002046FAF7B4FE00F009F800224021204633
:10FAF000FAF7ADFE10BD00000004005008B50E205E
:10FB00000090401E0090FCD108BD000000B587B0F9
:10FB100014216846F8F7E7F90A48C26A02210A4345
:10FB2000C262C06A08400590C02000901120019078
:10FB3000002002900320039069460348FAF7BCFDB9
:10FB400007B000BD001002400004005010B50E4C7C
:10FB5000002240212046FAF77AFE00F095F80122B3
:10FB600080212046FAF773FEFFF7C8FF01224021EB
:10FB70002046FAF76CFEFFF7C1FF00224021204625
:10FB8000FAF765FE10BD000000040050F8B5074606
:10FB900000F05EF80024144E25466006040E002294
:10FBA00040213046FAF753FEFFF7A8FFFFF7A6FF04
:10FBB000012240213046FAF74AFE80213046FAF70A
:10FBC0003DFE002801D0641CE4B2FFF797FF6D1CD6
:10FBD000EDB2082DE1D3002F03D0FFF76FFF2046D1
:10FBE000F8BDFFF7B3FFFAE700040050F8B51D4673
:10FBF00014460F46064600F095F87600F0B200F085
:10FC000061F800F0D1F8002803D000F0ADF8012031
:10FC1000F8BD384600F056F800F0C6F800F082F85B
:10FC2000761CF0B200F04EF800F0BEF808E0012CAF
:10FC30000CD00120FFF7AAFF641E2870E4B26D1CEF
:10FC4000002CF4D100F090F80020F8BD0020F1E77E
:10FC500008B50A48C26A02210A43C262C06A084063
:10FC6000009007480021416081600321C16080212C
:10FC7000016001460348FAF71FFD08BD001002406D
:10FC8000A01900200004005008B50B48C26A0221E8
:10FC90000A43C262C06A08400090084801214160DE
:10FCA000002181600321C160802101600146044878
:10FCB000FAF702FD08BD000000100240B419002050
:10FCC0000004005070B50546FFF7DEFF144E002219
:10FCD00040213046FAF7BBFD0024280601D5012259
:10FCE00000E0002280213046FAF7B1FDFFF706FF61
:10FCF000012240213046FAF7AAFDFFF7FFFEFFF789
:10FD0000FDFE002240213046FAF7A1FD6806050EEF
:10FD1000FFF7F4FE641CE4B2082CDED370BD0000D3
:10FD20000004005010B5FFF7AFFF0E4C01228021F8
:10FD30002046FAF78CFD012240212046FAF787FD84
:10FD4000FFF7DCFE002280212046FAF780FDFFF756
:10FD5000D5FE002240212046FAF779FDFFF7CEFEBE
:10FD600010BD00000004005010B5FFF78DFF0D4CD2
:10FD7000002240212046FAF76AFD00228021204619
:10FD8000FAF765FDFFF7BAFE012240212046FAF797
:10FD90005EFD012280212046FAF759FDFFF7AEFEF5
:10FDA00010BD00000004005070B50024FFF750FFA4
:10FDB000134D012280212846FAF749FDFFF79EFEE8
:10FDC000012240212846FAF742FDFFF797FE07E09F
:10FDD000641CE4B2FA2C03D9FFF7C6FF012070BD02
:10FDE00080212846FAF72AFD0028F1D1002240217F
:10FDF0002846FAF72CFDFFF781FE002070BD0000B9
:10FE000000040050F8B51E4615460F460446FFF79D
:10FE100089FF6006000EFFF755FFFFF7C5FF0028BA
:10FE20000DD13846FFF74EFFFFF7BEFF00240CE070
:10FE3000305DFFF747FFFFF7B7FF002803D0FFF75C
:10FE400093FF0120F8BD641CE4B2AC42F0D3FFF78D
:10FE50008BFF0020F8BD10B5FCF706FEFCF764FF31
:10FE600010BD70B50546FCF7FFFD04462846FCF7BB
:10FE700063FF201AFCF758FF70BD00220260426049
:10FE800002720261C160704710B5054A116800290D
:10FE900001D000230B720161106000F03FF810BD2B
:10FEA000E400002070B5FCF7CBFD0446FCF794FE9F
:10FEB000031B194C206800282DD00146002507E0BF
:10FEC00016689E4202D9F61A166000E015600969AC
:10FED0000A69002AF4D100281DD001692160C06898
:10FEE000002800D1FEE780472068002813D0FCF7E7
:10FEF000ADFD014620680268914205D90169216083
:10FF0000C0680028EFD1FEE7002804D0017A00295C
:10FF100001D100F003F870BDE400002070B5044684
:10FF2000FCF78CFD054601202072FCF78FFD21684F
:10FF30004019884201D8084603E0FCF787FD4019C4
:10FF40002060FCF7CDFD70BD70B505460846FCF796
:10FF5000F3FE0446284600F041F8FCF76FFD8442AA
:10FF600000D204462C606C6070BD0000F8B504003F
:10FF7000EFF3108572B62CD0174F3868014602E0B7
:10FF8000A04226D000690028FAD1002660682060CF
:10FF9000267200290CD0FCF759FD21680918216050
:10FFA00038680268914206D22046FFF76DFF10E0E4
:10FFB000FCF712FEF8E70169002908D022680B68F7
:10FFC0009A4201D90846F6E70461216101E0046123
:10FFD000266185F31088F8BDE400002070B5EFF3CA
:10FFE000108572B6144C21680A1E21D000281FD03B
:10FFF00081421BD1087A00260128086903D0002815
:020000040801F1
:100000000AD0206014E0002804D00E722060FFF7B0
:1000100085FF0DE0FCF778FE266009E0814203D100
:1000200008691061002803E00A4609690029F5D132
:1000300085F3108870BD0000E400002010B5818CAD
:10004000C90707D001684A6801235B049A43836AA1
:100050001A434A60818C890707D501684A680123E1
:100060001B049A43C36A1A434A60818C490707D527
:1000700001684A6801239B049A43036B1A434A6050
:10008000818C090707D501684A680123DB039A437D
:10009000436B1A434A60818CC90607D50268916890
:1000A00001231B039943836B19439160818C89065B
:1000B00007D501688A6801235B039A43C36B1A431F
:1000C0008A60818C490612D503685A6801210905A6
:1000D000046C8A4322435A60026C8A4207D1026848
:1000E000516803235B059943436C19435160818C2C
:1000F000090607D501684A680123DB04806C9A432E
:1001000002434A6010BD0000F8B504460026803066
:100110000660FAF7A3FB054620680068124F000747
:1001200009D501212B46002249052046009700F001
:1001300057FA00280DD12068006840070BD501212F
:100140002B46002289052046009700F049FA002836
:1001500001D00320F8BD2020A067E0672666603448
:1001600026750020F8BD0000FFFFFF0110B5806A72
:100170000022014640314A834A82FCF70CF810BD48
:1001800070B5846AA06FE56F21688968002609064A
:10019000002906DA212804D152200653204600F017
:1001A0004BF820688068400606D5222D04D15A20DD
:1001B0000653204600F027F82046803001681022C0
:1001C000114301602046FBF7E6FF70BD10B5014604
:1001D0000968806A096889060DD4002252210A52F2
:1001E00001688A6880239A438A6000680168402217
:1001F0001143016010BDFCF7F3FA10BD10B5806A21
:10020000FCF7EFFA10BD01680A68FF2321339A4317
:100210000A6001688A68520852008A60016E0129EA
:1002200004D101680A6810239A430A602021C1673B
:10023000002101664166704701680A68C0239A433D
:100240000A6020218167704770B504464030828B78
:10025000E36F2168222B04D088690822104388614B
:1002600070BD496A636D11401980616D891C6165BB
:10027000418B491E4183418B0029F1D121680A68D5
:10028000FF2321339A430A6021688A68520852008A
:100290008A602021E16700256566216E012904D06E
:1002A0002046FCF787F9256670BD21680A6810238F
:1002B0009A430A60018B2046FBF71FFFF3E770B5F6
:1002C00004464030828BE36F2168222B04D088697A
:1002D00008221043886170BD496A1140626D117037
:1002E000616D491C6165418B491E4183418B002929
:1002F000F1D121680A68FF2321339A430A602168FB
:100300008A68520852008A602021E16700256566EC
:10031000216E012904D02046FCF74CF9256670BDFA
:1003200021680A6810239A430A60018B2046FBF774
:10033000E4FEF3E7F8B50446016880682269E669DF
:1003400010436269002532431043754B0A68754EAD
:10035000324002430A60206841680322120391433D
:10036000E268114341602168A069994201D0226A84
:1003700010438A680B263602B24302438A606A49F8
:1003800022686A488A420CD1C0688007800F06D074
:1003900001283FD002283BD0032827D124E00127A1
:1003A00025E063498A420AD1C0680C2108402DD05B
:1003B00004282FD008282BD00C2817D114E05D4931
:1003C0008A4223D05C498A4220D09A420ED1C16829
:1003D00003208002014019D001208002091A19D09F
:1003E000091A15D0814201D1082700E010274F4992
:1003F0005248403986009A4232D1002F0CD0022F49
:100400000DD0042F10D0082F7FD126E00027EEE773
:100410000227ECE70427EAE7FAF7CCFF06E00968D1
:10042000C90605D4304603E0FAF7E4FF002872D08D
:10043000626851005118814267D81103814264D328
:10044000010E06025008002330185941F7F77AFAD6
:1004500003210902411A3A4A55E00120C003E7E7A7
:100460000122E369D20393422BD13B0000F017FC39
:100470000906090C4D114D4D4D274D00FAF79AFF15
:1004800009E0FAF7A7FF06E00968C90605D4304677
:1004900003E0FAF7AFFF00283DD0616840004A084A
:1004A0008018F7F725FA80B202462649103A8A42A8
:1004B0002BD8491C01400007400F084329E0104693
:1004C000EBE73B0000F0EBFB0906090C21122121B0
:1004D00021232100FAF76EFF0AE0FAF77BFF07E01D
:1004E0000968C90606D4304604E00EE0FAF782FF38
:1004F000002810D061684A081018F7F7F9F980B29F
:100500000146104A1039914203D9012503E01046F3
:10051000F0E72168C86000206066A0662846F8BD44
:1005200000480040F369FFEF0038014040100240EE
:1005300000440040004C00400050004000093D00D5
:10054000FFFC0F00EFFF000070B541650146403130
:100550000A834A8300224266012483682403FF251C
:10056000A34204D10369002B13D11A4B0AE07F2662
:10057000002B09D001252D07AB420CD10369002BBC
:1005800005D03F238B8307E00369002B01D08E83C6
:1005900002E08D8300E08A8380210A502221C16716
:1005A00001688B6801252B438B608168A14202D1D1
:1005B000016900290BD00849416674210A5400687A
:1005C0000168FF22213211430160002070BD034900
:1005D000F2E70000FF010000BF0201084902010824
:1005E000FFB581B005460F46044660350A9E39E0E6
:1005F000701C37D0FAF732F90499401AB04222D869
:10060000002E20D02068016849072BD5C069C0435F
:10061000000527D401202168C00208622068016813
:10062000FF22A13291430160206881684908490096
:1006300081602020A067E06780342060002028755A
:10064000032005B0F0BD20680168FF22A13291436C
:100650000160206881684908490081602020A06706
:10066000E067EBE72068C1693846884305D0002180
:1006700003988142BCD00020E3E70121F8E70000A5
:10068000F0B50020124A01460346145CFF2C15D138
:1006900014186578A7786E1EF619E478F6B2A642AB
:1006A0000CD12C02E419A4B24E000A4D002CAC531C
:1006B00004D0001D491CC0B2C9B201E0401CC0B248
:1006C000022903D25B1CDBB21E2BDED3F0BD00007F
:1006D000DC0200208C19002010B5002401220D49F5
:1006E0000D48FBF737FF6420F9F730FE0B48F9F7A8
:1006F0002DFE0B490878FF2808D04878FF2805D040
:100700008878FF2802D0C878FF2800D1012420462D
:1007100010BD00000300002058050020B80B0000A9
:10072000DC02002010B5FFF7ABFF094801884088C4
:100730000818440807480078002806D1FAF78EF810
:100740000146224604A000F057FA204610BD0000E2
:100750008C190020190000205B25645D64697374A6
:10076000616E63653A25640D0A00000010B5044906
:100770000020087064210348F7F7B5FB10BD0000A6
:1007800004000020DC020020F8B5F9F7DBF9F9F7E6
:1007900015FA2E4F80213846FAF750F82C4E0028D3
:1007A00004D030782B4C002848D04DE000250122A1
:1007B00040213C463846FAF74AF80120F9F7C6FDD1
:1007C000002240212046FAF742F8802127462046A1
:1007D000FAF734F80028F8D0FAF740F804468021F8
:1007E0003846FAF72BF80028F9D1FAF737F81A4902
:1007F000001B48433A21F7F77BF884B2204617499B
:10080000F038884230780FD3002805D1FAF726F85F
:10081000014613A000F0F0F96D1CEDB2092D01D0D6
:100820000A2DC4D30020F8BD00280DD1FAF716F820
:100830000146224612A000F0DFF905E0FAF70EF8B3
:10084000014615A000F0D8F92046F8BD000400507C
:1008500019000020FF0F0000102700008116000083
:100860005B25645D44697374616E63652069732000
:100870006F7574206F662072616E67650D0A0000E7
:100880005B25645D44697374616E63653D25642016
:100890006D6D0D0A000000005B25645D554C542011
:1008A0006973206E6F7420636F6E6E6563740D0ADA
:1008B0000000000010B57D200001F9F747FD10BDD4
:1008C00010B50248FBF768FC10BD00005805002079
:1008D00010B50248FBF760FC10BD0000DC050020ED
:1008E000FEB57248724C01796078724D002600297D
:1008F00012D0002864D07048F8F7FAF86F49002841
:1009000029D002282AD003282DD004282DD005284C
:100910002DD001282ED049E0002851D0664807F09C
:100920001FFE624F64483968F7F726FB00280DD197
:100930006148F7F71AFB092808D2F9F78FFF01463B
:100940005FA000F059F9012038712FE0F9F786FF18
:10095000014661A004E0096866A001E0896807E03B
:1009600000F04AF922E0C96802E0096900E049693B
:1009700062A0F5E72E8601214902686BF7F7B3FA0A
:100980004D48F7F7F2FA4C4F0D2139543846F7F736
:10099000ECFA0A2139543846F7F7E7FA82B23946B9
:1009A0005748FBF7C5FE5748F9F7D0FC6078012897
:1009B00006D1E683FF2166702D313F48F7F793FAA1
:1009C000A07801280AD14DA0696B00F015F92E8698
:1009D000A67001214902686BF7F785FA607E00284E
:1009E00019D032482030007C012814D1E878022840
:1009F00011D0207E00280ED103F016F86846FEF7CD
:100A000027FF4149009888610421686BF7F76BFA6A
:100A100008F0B2FE66762879032845D104206E716D
:100A200028713A48062700903948FAF783FA39487E
:100A3000F9F78CFC002006F00DFB0728607C08D03D
:100A400000280CD0002F29D0002006F099FB7F1E33
:100A5000EAE7002801D14120A07126771EE0009826
:100A6000F7F783FA002808D01048C07F002804D088
:100A7000002F07D04120A071E6E73B20A071002F96
:100A800009D0E1E7F9F7EAFE014623A0009A00F059
:100A9000B3F84120A071207F401C2077607C0128A2
:100AA00002D10420E8706674FEBD00005C000020E6
:100AB000000000205C010020B001002044B10108CA
:100AC0005B25645D50617373776F726420436F724E
:100AD000726563740D0A00005B25645D5061737379
:100AE000776F726420496E636F72726563740D0A6A
:100AF0000000000025730D0A0000000025730000AF
:100B0000D4040020DC050000940000204C130020D9
:100B1000C4040020B80B00005B25645D446F6D6168
:100B2000696E2049503A25730D0A000000B585B062
:100B300014216846F7F7D7F96A4680210248FBF787
:100B400093FE05B000BD00000004005000B587B062
:100B500014216846F7F7C7F90948C26A02210A4317
:100B6000C262C06A6A46084005908020009000205A
:100B70000190029080210348FBF776FE07B000BD8C
:100B8000001002400004005000B585B014216846F2
:100B9000F7F7A9F96A4640210248FBF765FE05B060
:100BA00000BD00000004005010B586B01421684656
:100BB000F7F799F90E48C26A02210A43C262C06A75
:100BC0000C4C08400590402000900120019000202E
:100BD0000290032003906A4640212046FBF744FE22
:100BE000002240212046F9F732FE06B010BD000079
:100BF00000100240000400500FB410B503A9044BCC
:100C0000044A029800F072F910BC08BC04B01847FE
:100C1000E1390108A80100200FB410B504A9074B61
:100C200002AA039800F062F9044602A9002000F02D
:100C3000F9FC204610BC08BC04B018472516010872
:100C40002021020C01D010211046020A01D01046CA
:100C50000839020901D01046091F820801D0104648
:100C6000891E420801D0881E7047081A7047F8B5DF
:100C7000040C8BB2264682B25E430D0C1046370C34
:100C80005843360480190021794116466E43370CCB
:100C900036048019794126466E438919F8BD30B46F
:100CA0007446641E2578641CAB4200D21D46635D09
:100CB0005B00E31830BC18478307FF22DB0E9A4025
:100CC0008907090E9940002808DB830809489B0022
:100CD0001B18186890430843186070470007000FFE
:100CE0000838830804489B001B18D86990430843C0
:100CF000D861704700E400E000ED00E0BFF34F8FE3
:100D000004490348C860BFF34F8F00BFFDE70000F0
:100D10000400FA0500ED00E0BFF34F8F04490348DB
:100D2000C860BFF34F8F00BFFDE700000400FA0565
:100D300000ED00E0BFF34F8F04490348C860BFF3E4
:100D40004F8F00BFFDE700000400FA0500ED00E052
:100D500000487047AC01002002E008C8121F08C11B
:100D6000002AFAD170477047002001E001C1121F2C
:100D7000002AFBD170470000F0B51FB486B0099877
:100D8000089A030D0021024314D05148514A181803
:100D9000504305141198012810981AD0281A401CA5
:100DA00000264D4F4D49009601910490002812DA1B
:100DB000444211E01198012449A3012801D110985F
:100DC000C1430698119A84600360C26041600BB011
:100DD000F0BD4042E4E70446210500203F4A001CE4
:100DE00051410391029012E0E00707D032463B46A2
:100DF00001990098F7F722FA0191009032463B469C
:100E000010461946F7F71AFA06460F466410002CEA
:100E1000EAD10498039B0028029A0999089806DAF7
:100E2000F7F70CFA019B009AF7F708FA05E0F7F7D5
:100E30006DFA019B009AF7F769FA04460E46002204
:100E4000284BF7F7EBFC03D80020C043014607E02E
:100E50000022254B20463146F7F73EF9F7F7BEFC56
:100E6000102409E0002C0ADB0A220023F6F76AFDB1
:100E7000079B30321A55641E02460A43F2D11122F2
:100E8000641C079B121B1C19119B012B03D001230F
:100E900008430ED10AE0084304D01120109000202E
:100EA000119077E71098151A6D1E0BE0109882428A
:100EB00002DD00236D1C03E0824201DA00236D1E77
:100EC000002BEED0069811998260C16030C07EE799
:100ED00001FCFFFF104D0000000014400000F03F37
:100EE000300000000000F0430000E03FFFB597B085
:100EF0000646002518E2252877D100242746FD491B
:100F0000049400E00443761C32780120203A90409B
:100F10000842F7D130782A280ED0022230780146D4
:100F20003039092916D804990A2359433039401811
:100F30001443761C0490F1E7189802C804911890A5
:100F4000002904DA012040030443484204900220AF
:100F50000443761C30782E2814D104200443707882
:100F6000761C2A2809D11898761C80C8189009E0A8
:100F70000A214F43303FC719761C3078014630397B
:100F80000929F5D930786C2810D006DC4C281AD005
:100F900068280ED06A2817D104E0742813D07A2864
:100FA00012D110E00120400504430CE001210905A5
:100FB00001E0032109050C437178814203D101202E
:100FC00000052418761C761C3078119066280BD00A
:100FD00013DC58287DD009DC00287BD04528F6D0CA
:100FE0004628F4D047281AD1A5E118E0632835D067
:100FF000642870D0652812D19DE170286CD008DC7F
:101000006728F1D069287BD06E280DD06F2806D1D3
:10101000BAE073282ED0752871D0782859D01A9A42
:10102000199990476D1C7EE16002400F022809D09B
:1010300003280DD00428189801680DD00D60001DFC
:10104000189070E11898EA1701680D604A60F6E799
:10105000189801680D80F2E70D70F0E718986A465D
:1010600001781172001D18900020507202A80090A3
:10107000012005E0189802C8189000200091C04394
:1010800061070DD5002101E00199491C0191B94288
:1010900012DA8142F8DB009A515C0029F4D10BE0AE
:1010A000002101E00199491C01918142FADB019A7A
:1010B0000099895C0029F5D1019904981A9B471A77
:1010C00021463846199A00F097FA019940194518B7
:1010D0000BE04FE02CE113E04EE00098009900781F
:1010E000491C00911A9A199990470198401E019045
:1010F000401CF2D1214638461A9B199A10E137E07C
:101100000A200021009001916002410F022907D0BE
:10111000189A01CA1892C2179446032908D00AE007
:101120001898C01DC108C90005C91891944607E068
:1011300000B2C2179446042902D140B2C1178C46AE
:1011400000226146944506DA0A4600214042914158
:101150008C462D2102E0210504D52B216A4611730E
:10116000012103E0E10701D02021F7E7029155E0DA
:101170000A200AE0102008E010200090002104203E
:1011800004430191082703E0082000210191009009
:101190006002410F022907D0189A01CA1892002252
:1011A0009446032908D008E01898C01DC108C9005A
:1011B00005C91891944603E080B2042900D1C0B259
:1011C00000210291210729D51199702906D0009A92
:1011D0001021019B4A401A4305D00EE040216A4687
:1011E0001173012108E06146014306D030216A46AF
:1011F00011731199517302210291009A0821019BE8
:101200004A401A430AD16146014301D1610705D51D
:1012100030216A46117301217F1E029111995829CC
:1012200004D035A10E910DA90D910DE037A1F9E77C
:101230006146019B009AF6F785FB0E9B8C469B5CF2
:101240000D9A521E0D92137061460143F0D10D9814
:1012500005A9081A20300190600703D50120000479
:10126000844300E001270198874201DD381A00E03D
:101270000020019900904118029809180498401A1A
:101280000490E00306D421461A9B199A049800F0B2
:10129000B3F94519002706E003A81A9AC05D199909
:1012A00090476D1C7F1C02988742F5DBE0030CD54C
:1012B00021461A9B199A049800F09EF9451904E0FA
:1012C0001A9A3020199990476D1C0099481E009079
:1012D0000029F5DC08E00D980D990078491C0D9166
:1012E0001A9A199990476D1C0199481E019000297E
:1012F000F1DC63E10928010030313233343536370F
:101300003839616263646566000000003031323351
:1013100034353637383941424344454600000000F1
:1013200000F05AF94519761C3078002800D0E2E523
:1013300028461BB0F0BD600700D406271898C01DD2
:10134000C108C90048680A680831C30FDB07189153
:10135000190001D09CA108E0210501D59BA104E062
:10136000E10701D09AA100E09AA1430011985B081F
:10137000109165280CD006DC452809D046281DD0E0
:10138000472841D141E0662818D067283CD13CE08D
:101390000021112F01DB112000E0781C0191009049
:1013A00008A911A8FFF7E8FC139905910021119AEB
:1013B00015927F1C12980197009150E00120C00700
:1013C00003900120019008A9009711A8FFF7D4FC11
:1013D000139A149905920022119B0092129815936A
:1013E000059A0192002901D0104602E0791C4018AC
:1013F0000190381A01D5019804E04042401E009047
:10140000781C0190C01B029043E0012F00DA0127F5
:101410000021112F01DD112000E0384601910090DC
:1014200008A911A8FFF7A8FC13990591119A0021AA
:10143000129815920091019721070CD40599B94291
:1014400001DB019900E00191012904DD159A491E93
:10145000515C302906D0B84201DA011D05DA0121BC
:10146000029115E00199491EEDE7002805DC00997D
:10147000411800910199091A03E0019A411C914217
:1014800000DD01910099401A401C02900120C00724
:101490000390200706D402990198814202DB0020C4
:1014A000C043029000206946C87707AF0121039826
:1014B0000337C907884224D0022011902B201290B4
:1014C000039800280CDA404203902D20129007E088
:1014D0000A210398F6F70CFA30317F1E0390397019
:1014E0001199481E11900029F2DC03980028EFD1D1
:1014F000791E129808703078202108404530BF1EB0
:10150000387006A8C01BC01D0390109800780028F2
:1015100000D00120019941180298C01709180398BA
:1015200009180498401A401E0490E00306D421468E
:101530001A9B199A049800F05FF8451910980078E2
:10154000002803D01A9A199990476D1CE00324D5FE
:1015500021461A9B199A049800F04EF845191CE090
:101560000098002807DB00990598884203DD15984C
:10157000405C199901E0199930201A9A9047009817
:101580006D1C401C00900298401E0290002804D15F
:101590001A9A2E20199990476D1C0199481E0190A6
:1015A0000029DDDC05E038781A9A7F1C19999047EC
:1015B0006D1C0399481E03900029F4DC21461A9BF8
:1015C000199A0498ACE600002D0000002B000000E2
:1015D0002000000000000000F8B5044600251E466B
:1015E0001746880404D405E039462020B0476D1C16
:1015F000641EF9D52846F8BDFFB50446002581B024
:101600001E46C80301D5302700E02027880404D5F2
:1016100005E038460399B0476D1C641EF9D528468D
:1016200005B0F0BD0A68531C0B60107070470000D5
:1016300010B507480078002802D006A0FFF7DCFAB2
:101640000648818A06A0FFF7D7FA002010BD0000E7
:101650003C00002041542B3556543D005C000020D6
:1016600025640D0A0000000010B53D21F6F773FC5B
:10167000401CF6F7A9FC02498882002010BD00003A
:101680005C00002010B506480078002802D005A0B4
:10169000FFF7B2FA054906A0FFF7AEFA002010BD29
:1016A0003C00002041542B41504E3D00A713002028
:1016B00025730D0A0000000070B5054608F060F9BA
:1016C0003D212846F6F747FC04462846F6F74DFC30
:1016D000611B401A401E282801D9022070BD07480E
:1016E00029210546F6F7FFFB601CF6F73EFC024693
:1016F000611C2846F6F7DEFB002070BDA713002012
:1017000010B507F0A1FD002010BD10B53D21F6F782
:1017100022FC4078302801D0022010BD07F02AFDBD
:10172000002010BDF8B507460120084D084E28706E
:101730000024182060438019816838468847641C5B
:10174000272CF6D300202870F8BD00003C000020B4
:1017500074B1010810B506480078002802D005A031
:10176000FFF74AFA064907A0FFF746FA002010BD26
:101770003C00002041542B434C49454E543D000051
:10178000D013002025730D0A0000000070B5054637
:1017900008F0F6F83D212846F6F7DDFB044628461A
:1017A000F6F7E3FB611B401A401E802801D9022096
:1017B00070BD074881210546F6F795FB601CF6F7DA
:1017C000D4FB0246611C2846F6F774FB002070BD6E
:1017D000D013002008B50A480078002802D009A0DC
:1017E000FFF70AFA0B4841780091014620390B7F38
:1017F0004A8E017C08A0FFF7FFF9002008BD000019
:101800003C00002041542B434C4F434B4C4F473D31
:10181000000000007C00002025642C25642C256439
:101820002C25640D0A000000B0B586B007463D21A6
:10183000F6F791FB0025C01B401CC4B205E0385DE3
:1018400070556D1C641CEDB2E4B23846F6F78DFBA2
:10185000A042F4D80024745505A904A80191009071
:1018600003AB02AA14A1304608F0FAF8042821D1EB
:1018700068468189E1200001814202D311488142FA
:1018800018D16846027D202A14D80546037A0E48EE
:1018900003740346203B5986297C197742700B4814
:1018A0000B49047001204870002005F055F8002015
:1018B00006B0B0BD0220FBE725642C25642C25640E
:1018C0002C256400FFFF00007C0000204701002061
:1018D0003C00002010B507480078002802D006A080
:1018E000FFF78AF90748417F07A0FFF785F9002035
:1018F00010BD00003C00002041542B43535154497B
:101900004D453D005C00002025640D0A00000000EC
:1019100010B53D21F6F71FFB401CF6F755FB411EA5
:101920000A2901D3022010BD01494877002010BDCB
:101930005C00002010B506480078002802D005A001
:10194000FFF75AF9064907A0FFF756F9002010BD26
:101950003C00002041542B444555493D0000000007
:10196000E612002025730D0A0000000070B5054640
:101970003D21F6F7F0FA04462846F6F7F6FA611B21
:10198000401A102812D1601C02F058FA00280DD01D
:1019900010210748F6F7A7FA601CF6F7E6FA0246A8
:1019A000611C0348F6F786FA002070BD022070BD66
:1019B000E612002010B506480078002802D005A0E5
:1019C000FFF71AF9064907A0FFF716F9002010BD26
:1019D0003C00002041542B444E534346473D0000F9
:1019E0007E13002025730D0A0000000070B5054627
:1019F00007F0C6FF3D212846F6F7ADFA0446284613
:101A0000F6F7B3FA611B401A401E282801D90220BC
:101A100070BD074829210546F6F765FA601CF6F700
:101A2000A4FA0246611C2846F6F744FA002070BD6D
:101A30007E13002010B510480078002802D00FA0B7
:101A4000FFF7DAF8104C11A0A27FE17FFFF7D4F87E
:101A5000E07F00280BD00F480446F6F786FA0028EE
:101A600005D021460CA0FFF7C7F8002010BD0CA040
:101A7000FFF7C2F8F9E700003C00002041542B4278
:101A80004B444E533D0000005C00002025642C2593
:101A9000642C00004C13002025730D0A0000000088
:101AA0004E554C4C0D0A0000F1B582B03D21029814
:101AB000F6F751FA00902C210298F6F74CFA0646F8
:101AC0002C21401CF6F747FA044600982C21407858
:101AD0003038C5B20098F6F73EFA401CF6F774FAB3
:101AE000C7B2022D07D82C21009801F06BFF002807
:101AF00001D0382F01D90220FEBD2C21009801F021
:101B000061FF022810D0002D1FD02C21009801F079
:101B100059FF032819D10298F6F727FA0299711A8A
:101B2000401A401E312803D90CA0FFF765F8E2E700
:101B3000104832210646F6F7D6F9601CF6F715FA7A
:101B40000246611C3046F6F7B5F90B48C577877732
:101B50000AA0FFF751F80020FEBD00004E4F54458B
:101B60003A495020666F726D6174206572726F72AF
:101B70000D0A00004C1300205C00002041747465C5
:101B80006E74696F6E3A54616B6520656666656355
:101B9000742061667465722041545A0D0A00000079
:101BA00010B507480078002802D006A0FFF724F8F7
:101BB0000748427D017D07A0FFF71EF8002010BDF9
:101BC0003C00002041542B444F574E54453D0000EB
:101BD0007C00002025642C25640D0A0070B50646A3
:101BE0003D21F6F7B8F9054640783038C4B2012CEB
:101BF0000FD82C213046F6F7AEF9002809D02C2159
:101C00002846F6F7A8F9401CF6F7DEF9C1B201291B
:101C100001D9022070BD024804754175002070BDD5
:101C20007C00002008B508480078002802D007A0F2
:101C3000FEF7E2FF0748017D083000910EC806A0BC
:101C4000FEF7DAFF002008BD3C00002041542B4580
:101C500058543D0094000020313A25642C323A2536
:101C6000642C333A25642C25640D0A00B0B586B087
:101C700007463D21F6F76FF90025C01B401CC4B292
:101C800005E0385D70556D1C641CEDB2E4B2384659
:101C9000F6F76BF9A042F4D80020705505A904A806
:101CA0000191009003AB02AA0AA1304607F0D8FECA
:101CB000042802D0022006B0B0BD09480299816014
:101CC0000399C160049901616946097D017500208D
:101CD000F1E7000025642C25642C25642C25640084
:101CE00094000020F8F78CFB012219490220F8F734
:101CF0005DFBF8F751FB174C09212046F7F77AFEF8
:101D000004211548F7F776FE01211448F7F772FE13
:101D1000F7F730FC80211248F6F7E5F81148012169
:101D2000104A01741048203A508610482022C17091
:101D300008060B49C8620E4848672046F7F786FE3A
:101D40001220F7F7B1FD6420F8F700FBFEF7E4FF7F
:101D500004000808005802088086020880880208EB
:101D6000100700207C000020FFFF00003C00002046
:101D700000FFFF01F8F744FB01221B490220F8F79E
:101D800015FBF8F709FB01211848F7F733FE184C4B
:101D900009212046F7F72EFE04211648F7F72AFE00
:101DA00001211548F7F726FEF7F7E4FB80211348D9
:101DB000F6F799F812480121114A01741148203AA6
:101DC000508611482022C17008060C49C8620F488D
:101DD00048672046F7F73AFE1220F7F765FD6420C2
:101DE000F8F7B4FAFEF798FF04000808005D02084F
:101DF0000058020880860208808802081007002028
:101E00007C000020FFFF00003C00002000FFFF01DD
:101E100010B5F7F7B7FB002010BD000010B53D214D
:101E2000F6F799F84078302801D0022010BDF7F776
:101E3000A1FB02480021C173084610BD7C000020B0
:101E400010B53D21F6F787F84078302803D03128C7
:101E500005D0022010BD044808F0FCFE02E0034952
:101E600001204871002010BD940000203C0000209B
:101E700010B508480078002802D007A0FEF7BCFE85
:101E80000848037BC27A817A07A0FEF7B5FE0020DE
:101E900010BD00003C00002041542B494E544D4FD2
:101EA000443D00005C000020313A25642C323A2584
:101EB000642C333A25640D0A00000000BFB50746C4
:101EC0003D21F6F748F80025C01B401CC4B205E0D0
:101ED000385D70556D1C641CEDB2E4B23846F6F7FF
:101EE00044F8A042F4D80020705503A8009002AB3B
:101EF00001AA0EA1304607F0B3FD032802D002204C
:101F000004B0B0BD69460C4C0879A072097AE17240
:101F10006946097B2173F7F793FBE07AF7F768FCD2
:101F2000207BF7F70BFC0020EAE7000025642C2556
:101F3000642C2564000000005C00002010B50A48F5
:101F40000078002802D009A0FEF756FE0A4C206C4B
:101F5000F6F70BF8002805D0216C08A0FEF74CFE20
:101F6000002010BD07A1F8E73C00002041542B4C95
:101F7000444154413D0000009400002025730D0AA7
:101F8000000000004E554C4C0000000010B5074802
:101F90000078002802D006A0FEF72EFE0748417AFE
:101FA00007A0FEF729FE002010BD00003C00002025
:101FB00041542B4346474D4F443D00005C000020F8
:101FC00025640D0A0000000010B53D21F5F7C3FFA0
:101FD000401CF5F7F9FFC4B2012C13D0022C13D02A
:101FE000032C13D0042C13D0052C13D0062C13D0A3
:101FF000072C13D0082C13D0092C13D00A2C13D083
:10200000022010BD0DA010E011A00EE015A00CE004
:102010001AA00AE01EA008E021A006E025A004E026
:102020002BA002E033A000E038A0FEF7E5FD3EA0C3
:10203000FEF7E2FD45484472002010BD0D0A4465DC
:102040006661756C74206D6F64650D0A0000000098
:102050000D0A44697374616E6365206D6F64650D6C
:102060000A0000000D0A3378414443202B204932F6
:1020700043206D6F64650D0A000000000D0A33787F
:1020800044533138423230206D6F64650D0A0000D0
:102090000D0A576569676574206D6F64650D0A00E8
:1020A0000D0A436F756E74696E67206D6F64650D00
:1020B0000A0000000D0A3378414443202B20337876
:1020C00044533138423230206D6F64650D0A000090
:1020D0000D0A546872656520696E74657272757058
:1020E0007420636F6E74616374206D6F64650D0A94
:1020F000000000000D0A436F756E742B5348543373
:1021000031206D6F64650D0A000000000D0A5573E3
:10211000652053656E736F7220697320544D503182
:1021200031370D0A00000000417474656E74696FE8
:102130006E3A54616B6520656666656374206166FE
:102140007465722041545A0D0A0000005C000020A2
:1021500010B506480078002802D005A0FEF74CFD17
:1021600006A108A0FEF748FD002010BD3C0000209D
:1021700041542B4D4F44454C3D00000076312E33E9
:102180002E300000534E353056332D4E422C2573E1
:102190000D0A000010B5064C2078002802D005A0DA
:1021A000FEF72AFD217906A0FEF726FD002010BDCE
:1021B0003C00002041542B4D514F533D0000000086
:1021C00025640D0A0000000010B53D21F5F7C3FE9F
:1021D000401CF5F7F9FEC0B2022801D9022010BD5B
:1021E0000249087101208870002010BD3C000020C9
:1021F00010B508480078002802D007A0FEF7FCFCC4
:102200000748027B2038017E06A0FEF7F5FC00207F
:1022100010BD00003C00002041542B50524F3D00A7
:102220007C00002025642C25640D0A0070B506464C
:102230003D21F5F790FE054640783038C4B2012CB8
:1022400005D0022C03D0032C01D0042C17D12C2153
:102250003046F5F780FE002811D02C212846F5F7EE
:102260007AFE401CF5F7B0FEC0B2022C03D0042C5D
:1022700001D0012C05D1002803D0052801D002206F
:1022800070BD04490C762031087303A0FEF7B4FC3E
:10229000002070BD5C000020417474656E74696F2D
:1022A0006E3A54616B65206566666563742061668D
:1022B0007465722041545A0D0A00000010B506489A
:1022C0000078002802D005A0FEF796FC074908A078
:1022D000FEF792FC002010BD3C00002041542B5022
:1022E0005542544F5049433D000000009B150020CB
:1022F00025730D0A0000000070B5054607F040FB8D
:102300003D212846F5F727FE04462846F5F72DFE21
:10231000611B401A401E802801D9022070BD074869
:1023200081210546F5F7DFFD601CF5F71EFE02462C
:10233000611C2846F5F7BEFD002070BD9B150020EE
:1023400010B506480078002802D005A0FEF754FC1E
:10235000054906A0FEF750FC002010BD3C000020FF
:1023600041542B5057443D00D214002025730D0AD0
:102370000000000070B5054607F002FB3D2128462D
:10238000F5F7E9FD04462846F5F7EFFD611B401A15
:10239000401EC82801D9022070BD0748C921054642
:1023A000F5F7A1FD601CF5F7E0FD0246611C28462B
:1023B000F5F780FD002070BDD214002010B507484D
:1023C0000078002802D006A0FEF716FC0748016836
:1023D00007A0FEF711FC002010BD00003C0000200B
:1023E00041542B50574F52443D0000005C000020E8
:1023F00025730D0A00000000F8B507463D21F5F7EA
:10240000AAFD04463846F5F7B0FDE61B801B401ECA
:10241000082801D90220F8BD3846F5F7A6FD801B33
:102420001B4D022802D1607830282ED0012028715F
:1024300008212868F5F757FD3846F5F796FD821B09
:10244000611C521E2868F5F735FD2C682046F5F70B
:10245000B1FD00BA000AE17800020E4D0843286081
:10246000201DF5F7A7FD00BA000AE1790002084334
:10247000094C686001212046F7F7BCFA032229467F
:102480002046F7F7E3FA0020F8BD0220CFE700006E
:102490005C00002090070020005D020870B5F8F78E
:1024A000DDF901460848FEF7A7FB084D0024182077
:1024B00060434019416906A0FEF79EFB641C272C6F
:1024C000F5D3002070BD0000F8D7010874B10108F1
:1024D00025730D0A000000001120F7F7E5F96420CC
:1024E000F7F734FFFEF718FC0120704710B50748D6
:1024F0000078002802D006A0FEF77EFB0748418B3B
:1025000007A0FEF779FB002010BD00003C00002072
:1025100041542B5258444C3D000000005C00002008
:1025200025640D0A0000000010B53D21F5F713FDEC
:10253000401CF5F749FD02494883002010BD00000A
:102540005C00002010B510480078002802D00FA0D1
:10255000FEF752FB114912A0FEF74EFB0F48463022
:102560000446F5F702FD002809D00FA12046F5F733
:10257000D1FC002803D121460DA0FEF73DFB0EA0A3
:10258000FEF73AFB002010BD3C00002041542B53C5
:10259000455256414444523D0000000006130020BD
:1025A00025730D0A000000004E554C4C0000000041
:1025B00028257329000000000D0A000070B50546AB
:1025C00007F0DEF93D212846F5F7C5FC04462C212D
:1025D0002846F5F7C0FC002809D02846F5F7C5FCC9
:1025E000611B401A401E452805D9022070BD16A067
:1025F000FEF702FBF9E71C4846210546F5F773FC98
:10260000601CF5F7B2FC0246611C2846F5F752FC47
:10261000284601F02BFC01280ED0284601F026FCAC
:10262000022809D0284601F063FC012804D028467E
:1026300001F05EFC022804D10B4832214630F5F748
:1026400052FC002070BD00004E4F54453A53455295
:10265000564144445220464F524D41542045525217
:102660004F520D0A000000000613002010B5074865
:102670000078002802D006A0FEF7BEFA07480178CD
:1026800007A0FEF7B9FA002010BD00003C000020B2
:1026900041542B534C4545503D000000180000208C
:1026A00025640D0A0000000010B53D21F5F753FC2C
:1026B000401CF5F789FC012801D9022010BD012832
:1026C00007D01120F7F7F0F86420F7F73FFEFEF788
:1026D00023FBA820F7F7E8F8024901200870002042
:1026E00010BD00000B00002010B50648007800283F
:1026F00002D005A0FEF780FA074908A0FEF77CFA91
:10270000002010BD3C00002041542B535542544F33
:102710005049433D000000001C16002025730D0A9F
:102720000000000070B5054607F02AF93D21284653
:10273000F5F711FC04462846F5F717FC611B401A13
:10274000401E802801D9022070BD0748812105461E
:10275000F5F7C9FB601CF5F708FC0246611C28462A
:10276000F5F7A8FB002070BD1C16002010B5074827
:102770000078002802D006A0FEF73EFA064801695C
:1027800006A0FEF739FA002010BD00003C00002032
:1027900041542B5444433D005C00002025640D0A45
:1027A0000000000010B53D21F5F7D5FB401CF5F702
:1027B0000BFC0146044A3C39914201D3022010BD72
:1027C00002490861002010BDC4FFFF005C0000202A
:1027D00010B507480078002802D006A0FEF70CFAD2
:1027E0000748827B417B07A0FEF706FA002010BD58
:1027F0003C00002041542B544C534D4F443D0000AD
:102800007C00002025642C25640D0A0070B5064666
:102810003D21F5F7A0FB044640783038C5B2022DC3
:1028200011D82C213046F5F796FB00280BD02C212F
:102830002046F5F790FB401CF5F7C6FBC1B2002D12
:1028400003D0012202E0022070BD00220248427340
:102850008173002070BD00007C00002010B5064888
:102860000078002802D005A0FEF7C6F9064907A0A7
:10287000FEF7C2F9002010BD3C00002041542B554A
:102880004E414D453D0000005114002025730D0AB6
:102890000000000070B5054607F072F83D2128469B
:1028A000F5F759FB04462846F5F75FFB611B401A14
:1028B000401E802801D9022070BD074881210546AD
:1028C000F5F711FB601CF5F750FB0246611C28462A
:1028D000F5F7F0FA002070BD5114002010B506483D
:1028E0000078002802D005A0FEF786F9064907A067
:1028F000FEF782F9002010BD3C00002041542B550A
:102900005249313D000000009D16002025730D0A3C
:102910000000000070B5054607F032F83D2128465A
:10292000F5F719FB04462846F5F71FFB611B401A13
:10293000401E802801D9022070BD0748812105462C
:10294000F5F7D1FA601CF5F710FB0246611C28462A
:10295000F5F7B0FA002070BD9D16002010B50648AE
:102960000078002802D005A0FEF746F9064907A026
:10297000FEF742F9002010BD3C00002041542B55C9
:102980005249323D000000001E17002025730D0A39
:102990000000000070B5054606F0F2FF3D21284614
:1029A000F5F7D9FA04462846F5F7DFFA611B401A15
:1029B000401E802801D9022070BD074881210546AC
:1029C000F5F791FA601CF5F7D0FA0246611C28462B
:1029D000F5F770FA002070BD1E17002010B50648EC
:1029E0000078002802D005A0FEF706F9064907A0E6
:1029F000FEF702F9002010BD3C00002041542B5589
:102A00005249333D000000009F17002025730D0A36
:102A10000000000070B5054606F0B2FF3D212846D3
:102A2000F5F799FA04462846F5F79FFA611B401A14
:102A3000401E802801D9022070BD0748812105462B
:102A4000F5F751FA601CF5F790FA0246611C28462A
:102A5000F5F730FA002070BD9F17002010B506482A
:102A60000078002802D005A0FEF7C6F8064907A0A6
:102A7000FEF7C2F8002010BD3C00002041542B5549
:102A80005249343D000000002018002025730D0A33
:102A90000000000070B5054606F072FF3D21284693
:102AA000F5F759FA04462846F5F75FFA611B401A14
:102AB000401E802801D9022070BD074881210546AB
:102AC000F5F711FA601CF5F750FA0246611C28462A
:102AD000F5F7F0F9002070BD2018002010B50C4C5F
:102AE000E06B4000000E01D10A48E0630A4800781C
:102AF000002802D009A0FEF77FF8E06BF5F7EFFCA5
:102B000002460B4608A0FEF777F8002010BD000033
:102B1000940000200000C8433C00002041542B5783
:102B200045494752453D000025302E31660D0A00CB
:102B3000FEB5064600273D21F5F70DFA05462E2184
:102B40003046F5F708FA040008D00020AA1B611BE4
:102B5000009001906B46491E029009E0681CF5F751
:102B600033FA85B212E01518AD196D781D54401C6A
:102B70008142F8DC1846F5F727FA85B2601CF5F7B4
:102B800023FAC7B20A2F01D30220FEBD3846F5F75B
:102B90006BFC0022094BF5F7B9FB06460C462846AC
:102BA000F5F762FC32462346F5F796FAF5F7ABFCEB
:102BB0000349C863F7F76AF80020FEBD000024400F
:102BC0009400002010B50848007800280AD1F7F7D3
:102BD0005DF8F5F729FCF5F782FC02460B4603A0E9
:102BE000FEF70AF8002010BD3C00002025302E31F1
:102BF0006620670D0A00000010B50E4C002220214F
:102C00002046F7F724FEFDF7CFFFFDF79FFFF7F70C
:102C100035F8FF20F530F7F799FBF7F72FF8FDF7B8
:102C2000B3FFFDF783FF012220212046F7F70FFEB7
:102C3000002010BD0004005010B50D4A538E191A23
:102C4000834201D389B203E0E1200001081881B278
:102C50000848834202D1117F074801E07D20C0006F
:102C600041430648FDF770F90448FDF77FF910BDB0
:102C70005C000020FFFF000060EA0000CC030020A1
:102C8000F8B5FE4E00252C46A8008019F6F718FF6F
:102C9000FB49020E0B68671C1A550B68020CDA55CB
:102CA0000B68020AA71CDA550A68E11C6D1C241D7A
:102CB000EDB25054E4B2022DE6D3F14C2068F5F7A2
:102CC00054F9002602270028206804D0F5F74DF9B2
:102CD000012825D02BE00622EA49F5F7EBF8256814
:102CE0002846F5F767F900BA000AE97800020843B8
:102CF000E5490860281DF5F75DF900BA000AE97991
:102D000000020843E049DD4D486001212846F6F7FE
:102D100071FE0322DC492846F6F798FE267106E08C
:102D200030212068F5F717F9002800D02771D7481F
:102D3000F6F7C6FED64DE860D4487830F6F7C0FE08
:102D40002861D248001DF6F7BBFE000C2875CF485D
:102D5000001DF6F7B5FE000A0006000EE07206D070
:102D6000012804D0022802D0032800D0E672E07ABD
:102D7000F6F73EFDC548001DF6F7A2FE0006000E60
:102D8000207306D0012804D0022802D0032800D0E6
:102D90002673207BF6F7D2FCBC480830F6F790FE8D
:102DA000000E607201D00A2801D901206072B74874
:102DB0000830F6F785FE0002000A206102D1E1200A
:102DC00040012061B1480C30F6F77AFE000EA07287
:102DD00006D0012804D0022802D0032800D0A67211
:102DE000A07AF6F72DFCA9480C30F6F769FE000230
:102DF000000E2076012806D0022804D0032802D035
:102E0000042800D02776A14E10363046F6F758FE3B
:102E1000A0823046F6F754FE000C6083301DF6F7B2
:102E20004FFEF5F721FB00229A4BF5F76FFAF5F705
:102E30006AFBE8634000000E01D19748E8639348BD
:102E40001830F6F73DFE914EA8602C363046F6F766
:102E500037FE924D000EE8703046F6F731FE000C5A
:102E60000006000E207701D10F2020773046F6F7BC
:102E700027FE000A68703046F6F722FE804EC0B288
:102E8000203670706978084301D1082070707F483F
:102E90000C30F6F715FE0006000E607701D1052014
:102EA00060777A483030F6F70BFE000AA077774853
:102EB0003030F6F705FE000CE07774483030F6F756
:102EC000FFFD307571487030F6F7FAFD0006000E10
:102ED00000D0012070736D487030F6F7F1FD000AE4
:102EE000B0736A487030F6F7EBFD000EA8706748C3
:102EF0007030F6F7E5FD0002000E2871A97808434E
:102F000000D12F71614D74352846F6F7D9FDF07365
:102F10002846F6F7D5FD000E00D001203074284673
:102F2000F6F7CEFD0002010C5548418657487C302B
:102F3000F6F7C6FD707555483030F6F7C1FD000E46
:102F400030735248564C1C3000273D460090009884
:102F5000B9000818F6F7B4FD010E61556119020CAD
:102F60004A70020A7F1C2D1D8A70FFB2C870EDB234
:102F7000042FECD34A48F4F7F8FF002804D149A203
:102F80004AA14748FDF748FE4048483000252F46F3
:102F900000900098A9000818F6F792FDE119020EBA
:102FA000C0314A70020C8A70020A6D1C3F1DCA7043
:102FB000EDB20871FFB20A2DEBD33948C130054696
:102FC000F4F7D3FF002804D136A238A12846FDF734
:102FD00023FE374800252F4600900098A9000818C6
:102FE000F6F76EFDE119020E20310A70020C4A70EC
:102FF000020A6D1C3F1D8A70EDB2C870FFB2122D1F
:10300000EBD3274820300546F4F7AFFF002804D162
:1030100024A226A12846FDF7FFFD1948007E0328BB
:1030200015D1317B012904D0022904D0032909D00C
:103030000DE020A207E0707B012801D024A202E06D
:1030400029A200E02EA219A12846FDF7E5FD324F86
:1030500000252E46A800C019F6F732FDA119020E70
:1030600080310A76020C4A76020A6D1C361D8A7679
:10307000EDB2C876F6B20A2DECD34FE0005D02083F
:103080005C00002040030020900700200058020848
:10309000940000200088C3400000C8433C0000208A
:1030A000E61200204E554C4C000000002573000035
:1030B000005C02086D717474332E7468696E6773F6
:1030C0007065616B2E636F6D2C31383833000000F2
:1030D0006D7174742E6461746163616B652E636FCE
:1030E0002C313838330000006D7174742E646174B3
:1030F0006163616B652E636F2C38383833000000D4
:1031000062726F6B65722E686976656D712E636F82
:103110006D2C31383833000080880208B1480546EC
:10312000F4F723FF002804D1AFA2B4A12846FDF78D
:1031300073FD00252E46A800C0192830F6F7C0FC04
:10314000A119020E60318A71020CCA71020A6D1C4B
:10315000361D0A72EDB24872F6B20C2DEBD3A84FB1
:1031600000252E46A800C019F6F7AAFCA119FF31C8
:10317000020E6131CA72020C0A73020A6D1C361DFE
:103180004A73EDB28873F6B2202DEBD39548D33055
:103190000546F4F7EAFE002804D19A4A97A128468A
:1031A000FDF73AFD964F803700252E46A800C0193E
:1031B000F6F786FCA119FF31020EE1310A73020C09
:1031C0004A73020A6D1C361D8A73EDB2C873F6B2DB
:1031D000322DEBD38C480546F4F7C7FE002804D106
:1031E000884A86A12846FDF717FD884F00252E4600
:1031F000A800C019F6F764FCA119020EE0318A722A
:10320000020CCA72020A6D1C361D0A73EDB24873B5
:10321000F6B2202DECD3734852300546F4F7A5FEE4
:10322000002804D1774A75A12846FDF7F5FC774FB1
:10323000803700252E46A800C019F6F741FCA319D7
:1032400015214901020E59184A75020C8A75020AA5
:103250006D1C361DCA75EDB20876F6B2202DEAD384
:103260006948C9300546F4F780FE002804D1654A54
:1032700062A12846FDF7D0FC614F803F00252E4615
:10328000A800C019F6F71CFCA31919214901020E68
:1032900059188A75020CCA75020A6D1C361D0A7609
:1032A000EDB24876F6B2202DEAD359480546F4F738
:1032B0005CFE002804D1534A50A12846FDF7ACFC1F
:1032C000544F00252E46A800C019F6F7F9FBA319A4
:1032D0001D214901020E5918CA75020C0A76020A0C
:1032E0006D1C361D4A76EDB28876F6B2202DEAD3F3
:1032F000474881300546F4F738FE002804D1414A9A
:103300003EA12846FDF788FC424F803700252E4617
:10331000A800C019F6F7D4FBA31921214901020E18
:1033200059180A76020C4A76020A6D1C361D8A76F6
:10333000EDB2C876F6B2202DEAD337480546F4F749
:1033400014FE002804D12F4A2CA12846FDF764FC66
:10335000324F00252E46A800C019F6F7B1FBA3197D
:1033600025214901020E59184A76020C8A76020A72
:103370006D1C361DCA76EDB20877F6B2202DEAD361
:10338000254881300546F4F7F0FD002804D11D4A98
:103390001AA12846FDF740FC204F803700252E4615
:1033A000A800C019F6F78CFBA31929214901020EC8
:1033B00059188A76020CCA76020A6D1C361D0A77E5
:1033C000EDB24877F6B2202DEAD315480446F4F75B
:1033D000CCFD002804D10B4A08A12046FDF71CFCB7
:1033E000F8BD00007E13002022382E382E382E38EB
:1033F000222C22382E382E342E3422002573000041
:10340000805A0208A4300108D21400200059020892
:103410001C160020808602081E17002080870208E4
:1034200020180020F8B58021FE48F4F75CFDFD4827
:1034300080218C30F4F757FD8021FB48F4F753FDD1
:10344000F948C8218030F4F74EFDF74880218038D4
:10345000F4F749FD8021F548F4F745FDF348802154
:103460008030F4F740FD8021F148F4F73CFDF0484E
:1034700080218030F4F737FD8021EE48F4F733FDEA
:10348000EC4880218030F4F72EFD8021EA48F4F7E3
:103490002AFDEA4EE34CF0682060E94D307DE97A80
:1034A000000409020843297B08436060687A29699F
:1034B00000060843A060A87A297E00060904084394
:1034C000697F0843E060688BA98A00040843206193
:1034D000DC49F06BF4F785FDF4F7D4FF6061B06868
:1034E000A061D94928462030CB7842781B061A4380
:1034F0002B7F4F781B043F023B431A43E262037B5E
:10350000027D1B061A43EB7FAF7F1B043F023B4348
:103510001A4322638B78427B1B061A430979837B0B
:1035200009041B0219430A432267017C6A8E0906BB
:1035300012021143C27BC54D114361673169A16716
:10354000407D00263746E06710E0AC192046F4F7CE
:1035500031FD00BA000AE17800020843B149BA001F
:103560005118361D7F1CF6B2FFB2C861B748F4F798
:10357000FCFCB042E9D800262846C130374600900E
:1035800013E0AC192046C130F4F714FD00BAC03482
:10359000000A217900020843BA00A249361D5118D9
:1035A0007F1C8864F6B2FFB20098F4F7DEFCB042EC
:1035B000E7D80024284620302646009012E02F1934
:1035C00020373846F4F7F6FC00BA000AF978000212
:1035D0000843B2009349241D8C318850761CE4B214
:1035E000F6B20098F4F7C1FCA042E8D800242846BF
:1035F000FF306C302646009014E02F193846FF301B
:103600006C30F4F7D7FCFF3700BA6137000AB97B9A
:1036100000020843B2008449241D8850761CE4B29D
:10362000F6B20098F4F7A1FCA042E6D800242846A0
:10363000FF30ED302646009015E02F193846FF3058
:10364000ED30F4F7B7FCFF3700BAE137000AF97B39
:1036500000020843B2007449241D80318850761C52
:10366000E4B2F6B20098F4F780FCA042E5D800245A
:103670002846EA302646009013E02F193846EA30F3
:10368000F4F798FC00BAE037000A797B000208439F
:10369000B2006549241D80398850761CE4B2F6B228
:1036A0000098F4F762FCA042E7D800246848264658
:1036B0002818009014E066482F193818F4F77AFC9F
:1036C0001521490100BA7918000A097E0002084351
:1036D000B2005649241D8850761CE4B2F6B2009818
:1036E000F4F743FCA042E6D859480024813028185A
:1036F0002646009016E056482F1981303818F4F706
:1037000059FC1921490100BA7918000A497E0002C2
:103710000843B2004549241D80318850761CE4B22C
:10372000F6B20098F4F721FCA042E4D800244948FE
:1037300026462818009014E046482F193818F4F748
:1037400039FC1D21490100BA7918000A897E00025E
:103750000843B2003649241D8850761CE4B2F6B204
:103760000098F4F702FCA042E6D800248720C000AD
:1037700028182646009016E087202F19C000381818
:10378000F4F718FC2121490100BA7918000AC97E12
:1037900000020843B2002649241D80318850761C5F
:1037A000E4B2F6B20098F4F7E0FBA042E4D80024BB
:1037B000294826462818009014E027482F19381861
:1037C000F4F7F8FB2521490100BA7918000A097FAE
:1037D00000020843B2001749241D8850761CE4B249
:1037E000F6B20098F4F7C1FBA042E6D81A480024CC
:1037F000813028182646009033E017482F19813071
:103800003818F4F7D7FB2921490100BA7918000AC2
:10381000497F000208430749B2008031241D8850C7
:10382000E4B21BE0100700209C080020E4090020FF
:10383000E40A0020E40B0020E40C002094000020A7
:103840005C00002000401C463C000020E6120020E6
:10385000B5020000B7030000B9040000761CF6B200
:103860000098F4F782FBA042C7D80024284698307D
:103870002646009012E02F1938469830F4F79AFB4C
:1038800000BA8037000AF97E00020843B2004049BE
:10389000241D8850761CE4B2F6B20098F4F765FB5C
:1038A000A042E8D80024284666302646009013E05F
:1038B0002F1938466630F4F77DFB00BA6037000AEE
:1038C000797A00020843B2003149241D5118761C50
:1038D0008862E4B2F6B20098F4F747FBA042E7D85A
:1038E0002C4C09212046F6F785F82B4D042128465B
:1038F000F6F780F8294E01213046F6F77BF82022B2
:1039000027492046F6F7A2F8254920228C31254880
:10391000F6F79CF8202224492448F6F797F8224924
:10392000202280312248F6F791F82148322221499D
:103930008030F6F78BF81F491C482022C8318030B0
:10394000F6F784F81A4820221B498038F6F77EF8EB
:103950001949202280312846F6F778F80E482022AF
:1039600016498030F6F772F8144920228031144845
:10397000F6F76CF806490948202280398038F6F7B6
:1039800065F8202202493046F6F760F8F8BD0000DD
:10399000E40C002000580208808602088088020893
:1039A00010070020005C02081C08002000590208D3
:1039B000805A02081C090020640A0020640B0020C1
:1039C00080870208034610B50020024603E08C42BF
:1039D00000D1401C521C9C5C002CF8D110BD000092
:1039E00013B5FF23012269460448F8F737FE03495F
:1039F00010200968086200981CBD0000DC0500204A
:103A000010B50648F8F7EEFE01460548054A008B5A
:103A10005043F3F76DFF80B210BD00000000024478
:103A20006000F81FB80B0000F8B5964F0022202167
:103A30003846F6F70CFF944DA88AFF30F530F6F7BC
:103A400085FC687A2C46183C012801D0032812D145
:103A5000F9F728FD2078012802D0022803D004E0DD
:103A600005F036F901E005F063FA8848F7F700FA47
:103A70001420F6F76BFC687A06281BD009287DD045
:103A80008348F4F77FFFE081687A824E032839D0BB
:103A90000120F5F737FA0120F5F7E2FA687A0228F3
:103AA0002DD16078012806D002280BD0032811D030
:103AB0000020A082E0E0F9F751FBA0827348F7F7FD
:103AC000D7F91CE0FCF760FEA082F6F71DF8F6F7C8
:103AD00057F814E0FCF74AFEF9F748FD07F094F9AF
:103AE00001226D496D48F8F735FD6420F6F72EFC8C
:103AF000FCF7E0FE07F0AAF9FCF714FEA082687A52
:103B0000032807D13046F4F73DFF20820120F4F767
:103B100039FF6082687A04280BD10220F5F7F2F9A8
:103B20000220F5F79DFA0320F5F7ECF90320F5F7ED
:103B300097FA687A052809D1FDF736F8FDF706F8F7
:103B4000F6F7A4F8FDF720F8FCF7F0FF687A0728ED
:103B50002CD13046F4F716FF20820120F4F712FF33
:103B600060820220F5F7CEF90220F5F779FA0320FA
:103B7000F5F7C8F90320F5F773FA00E062E0687A18
:103B8000072813D13046F4F7FDFE20820120F4F718
:103B9000F9FE60820220F5F7B5F90220F5F760FA28
:103BA0000320F5F7AFF90320F5F75AFA687A0828E9
:103BB00035D135483830007D00285DD13046F4F7E6
:103BC000E1FE20820120F5F79DF90120F5F748FA82
:103BD0000526360701213046F6F730FE012822D0AF
:103BE000F6F73CFE01462EA0FDF706F81021304600
:103BF000F6F724FE01281BD0F6F730FE01462EA072
:103C0000FCF7FAFF0121C9033846F6F717FE012831
:103C100013D0F6F723FE01462DA0FCF7EDFF687ADE
:103C200009280FD021E0F6F719FE01462FA0DBE7A7
:103C3000F6F714FE014634A0E2E7F6F70FFE014660
:103C400038A0EAE7F9F72EFC2078012802D00228F4
:103C500003D004E005F03CF801E005F069F90B48F9
:103C6000F7F706F91420F6F771FB687A0A2803D1F2
:103C7000FBF74CFF00F064F8012220213846F6F7EC
:103C8000E6FDF8BD000400505C0000207804002030
:103C9000100000100200000403000020580500205E
:103CA0005B25645D5041385F7374617475733A4F7E
:103CB00070656E0D0A0D0A005B25645D5041345F2E
:103CC0007374617475733A4F70656E0D0A0D0A0056
:103CD0005B25645D504231355F7374617475733A6E
:103CE0004F70656E0D0A0D0A000000005B25645DD3
:103CF0005041385F7374617475733A436C6F7365C8
:103D00000D0A0D0A000000005B25645D5041345F20
:103D10007374617475733A436C6F73650D0A0D0AA1
:103D2000000000005B25645D504231355F737461B3
:103D30007475733A436C6F73650D0A0D0A000000C9
:103D4000F8B530A0006800240090641CE4B26B4613
:103D5000022201214820FCF755F8012823D08220B7
:103D6000F6F7F4FA0024641CE4B26B460222002148
:103D70004820FBF73BFF01281BD06846008806243B
:103D800040BA00B2E443F4F75BFB2246F4F736FB9B
:103D9000F4F7B9FB04461C48844202DC1B48844209
:103DA0000DD904460BE01420F6F7D0FA042CCCD33E
:103DB00004E01420F6F7CAFA042CD4D3144C1548A6
:103DC000154E0460307800280CD12046F4F787FBAC
:103DD00007460D46F6F742FD01463A462B460FA030
:103DE000FCF70AFF12492046F4F7FBF8F4F74AFB08
:103DF0001049C8623178002901D00F490880204657
:103E0000F8BD00000C2000000000164300005CC25A
:103E1000C3D5A3431C010020190000205B25645D6D
:103E200074656D203D252E326620430D0A0000008A
:103E30000000C842940000205000002070B50546E4
:103E400000240BE0F3F7ECFD0068295D415C88007D
:103E50004840000601D4002070BD641C2846F4F7D9
:103E600084F8A042EED8012070BD000070B58EB07D
:103E700004001DD0207800281AD01AA12046F4F79B
:103E800049F8002814D12C212046F4F783F80500C6
:103E90000ED034216846F4F726F8144821462A1A31
:103EA0006846203AF4F706F8002425466E4611E0ED
:103EB00002200EB070BD305D2E2803D030380A28A5
:103EC00004D205E06D1CEDB2032D01D90020F0E70E
:103ED000641CE4B26846F4F748F8A042EBD801202D
:103EE000E7E700004E554C4C00000000E6120020B1
:103EF00030B58FB0040020D0207800281DD01CA140
:103F00002046F4F707F8002817D12C212046F4F7B3
:103F100041F8050011D03C216846F3F7E4FF16484C
:103F200021462A1A6846203AF3F7C4FF6846F4F798
:103F30001CF800231A466C4613E002200FB030BD77
:103F4000A15C3A290BD00D46303D092D08D9313DF1
:103F5000052D05D94139052902D90020EEE75B1C62
:103F6000521C8242ECDB072BE8D10120E6E700007F
:103F70004E554C4C00000000E612002070B50122A6
:103F8000094D0646140321462846F6F760FC3046E4
:103F9000F6F7DCF9002221462846F6F758FC6420A3
:103FA000F6F7D4F970BD000000040050F6F7D2FF18
:103FB000FBF70AFDF9F7D0F9F9F7BAF9F9F7F2FAD0
:103FC000F9F7B2FAF9F79AFAA148F8F777FCF8F797
:103FD00053FDF8F701FEF9F771F9F9F7C7FA03F0A5
:103FE00005FBFEF74DFEF5F773FD04F06FFAF9F7E8
:103FF00051F905F007F904F0B5F9F4F7E7FD04F01D
:1040000071F97D20C000FFF7B9FF9248F6F79EF9DD
:104010008F49012225399048F8F79CFA8C490122F2
:10402000491F8E48F8F796FA8B48F9F753FB8B48EF
:10403000F9F750FB8A498B48FBF71FFF03F0F8FAAA
:10404000884889491430FBF718FF8648874928308B
:10405000FBF713FF834886492830FBF775FF81483B
:104060002830FBF783FF7F4882497838FBF705FF4C
:10407000774C0127253C8048E7760079012802D05B
:104080004020A0710EE04020A071F6F7B9F97A49FE
:104090000022091D0220F6F789F9F6F77DF9A079CB
:1040A0003F280CD07D20C000F6F750F968481F3833
:1040B000F9F71AFB3E2802D1E079401CE071E07963
:1040C0006E4E0025062813D9F6F7C8FB01466CA0F2
:1040D000FCF792FD3B20A071E571F9F725FA5C49E8
:1040E0000122491F5D48F8F735FA5C48F9F7F2FA02
:1040F000207F022802D8A07C032801D3FCF7FEFD14
:10410000F078022808D1A1793F2905D1217E002924
:1041100002D13D21A17175716049097801290ED143
:1041200004280CD1207E002809D10A20A071022089
:10413000F07047481F38F9F7D7FA58480570607A89
:10414000012815D1F078042812D1207E00280FD143
:10415000B078042802D0012803D007E04020A071E5
:1041600003E00A20A0710220F0706572F8F7A2FF48
:10417000FCF7B6FBE07D00280AD03220F6F7E6F81F
:1041800047A0FCF739FD6420F6F7E0F8E575A77560
:1041900006F07AFEE07A00284FD0F07804284CD15F
:1041A00042488572C57205730020F5F749FA002070
:1041B000F5F71EFB0020F5F7C1FA2A48E5722776CD
:1041C0006438FBF70BFF27487838FBF707FF2548D3
:1041D0001438FBF703FF2348FBF700FF2148143096
:1041E000FBF7FCFE0720A07119481F38F9F77CFA8D
:1041F000FF20F530F6F7AAF81A482D495038FBF79A
:104200003CFE18482B495038FBF79EFE0122510313
:104210002948F6F71CFB13485038FBF7A7FEE57555
:10422000A7753220F6F792F81DA0FCF7E5FC642094
:10423000F6F78CF821A0FCF7DFFCA0793F2800D02E
:104240002DE760780028FBD11E48F8F73BFF26E7F2
:1042500025000020B80B0000DC050020D40400205D
:1042600031760108E0030020FDF40008E195000824
:1042700080EE3600A9F50008000008085C01002067
:104280005B25645D52657374617274207468652087
:104290006D6F64756C652E2E2E0D0A004100002096
:1042A00041542B5057524D320D0A00005C00002043
:1042B00071F500088813000000040050534C454578
:1042C000500D0A00C9F90008F0B50446FD48FE4F3C
:1042D000407AFE4EFE4D396887B0012844D002284E
:1042E0007ED003287DD004287CD005287BD00628EA
:1042F0007AD0072879D0082878D0092877D00A28DA
:1043000076D10846F4F7EBF8074620460191F3F71B
:104310002CFE00193A46EFA1019BFCF77DFC2046DC
:10432000F3F723FE00196A8EF0A1FCF775FC204616
:10433000F3F71BFE00192A78EFA1FCF76DFC20466D
:10434000F3F713FE00196A78EFA1FCF765FC3068FB
:10435000F4F7C5F805460E462046F3F706FE0019A9
:104360002A463346EEA160E20846F4F7B8F807465D
:1043700020460091F3F7F9FD00193A46D5A1009BBC
:10438000FCF74AFC052010210007F6F757FA07460C
:104390002046F3F7EAFD00193A46E6A1FCF73CFC9B
:1043A0002046F3F7E2FD00192A78D3A1FCF734FC8C
:1043B0002046F3F7DAFD00196A78D3A1FCF72CFC4C
:1043C0002046F3F7D2FD00196A8EC8A1FCF724FC41
:1043D000DD480068F4F783F805460191306808E08D
:1043E00014E04EE09DE0DEE019E11FE120E281E211
:1043F00095E0F4F774F806460F462046F3F7B5FD4E
:10440000001932463B46D1A100959EE20846F4F7DA
:1044100066F806460F462046F3F7A7FD00193B460F
:104420003246ACA1FCF7F8FB052010210007F6F797
:1044300005FA06462046F3F798FD00193246BDA15D
:10444000FCF7EAFB2046F3F790FD00192A78AAA1B1
:10445000FCF7E2FB2046F3F788FD00196A78AAA171
:10446000FCF7DAFB2046F3F780FD00196A8E9FA166
:10447000FCF7D2FB2046F3F778FD00192A8FBCA188
:104480004BE02046F3F771FD00196A8E97A1FCF707
:10449000C3FB052010210007F6F7D0F90746204698
:1044A000F3F763FD00193A46A2A1FCF7B5FB2046DD
:1044B000F3F75BFD00192A788FA1FCF7ADFB2046CE
:1044C000F3F753FD00196A788FA1FCF7A5FB20468E
:1044D000F3F74BFD0019AA8EA9A1FCF79DFB9A48A2
:1044E0000068F3F7FCFF009104903068F3F7F7FFE2
:1044F00006460F462046F3F738FD009A04990192CC
:104500000091001932463B46A0A1FCF785FB2046EE
:10451000F3F72BFD0019EA8EA5A1FCF77DFB07B090
:10452000F0BD0846F3F7DBFF06460F462046F3F7DB
:104530001CFD001932463B4666A1FCF76DFB204688
:10454000F3F713FD00196A8E68A1FCF765FB0520DF
:1045500010210007F6F772F906462046F3F705FD2D
:104560000019324673A1FCF757FB2046F3F7FDFC18
:1045700000192A7860A1FCF74FFB2046F3F7F5FC01
:1045800000196A7860A1FCF747FB8C480068F3F7D4
:10459000A6FF05460E462046F3F7E7FC00192A461B
:1045A000334687A132E10846F3F799FF06460F46E6
:1045B0002046F3F7DAFC00193B46324645A1FCF7EA
:1045C0002BFB2046F3F7D1FC00196A8E47A1FCF7BC
:1045D00023FB052010210007F6F730F90646204698
:1045E000F3F7C3FC0019324652A1FCF715FB204635
:1045F000F3F7BBFC00192A783FA1FCF70DFB20461E
:10460000F3F7B3FC00196A783FA1FCF705FB2046DD
:10461000F3F7ABFC704900190A6870A17DE72046EA
:10462000F3F7A3FC001970A1AA6876E70520102112
:104630000007F6F703F906462046F3F796FC001943
:1046400032463CA1FCF7E8FA2046F3F78EFC00194D
:104650002A7829A1FCF7E0FA2046F3F786FC001936
:104660006A7829A1FCF7D8FA2046F3F77EFC0019F6
:104670006A8E1EA1FCF7D0FA2046F3F776FC0019EB
:10468000AA8E3FA1FCF7C8FA2046F3F76EFC00198A
:10469000EA8E58A1FCF7C0FA3868F3F720FF064607
:1046A0000D462046F3F761FC001932462B4609A15E
:1046B000FCF7B2FA41480068F3F711FF06460D46D1
:1046C00020469DE05C000020240100201C01002009
:1046D0009400002022445331384232305F54656DDB
:1046E00070223A252E31662C00000000226164639E
:1046F00031223A25642C000022696E74657272754D
:104700007074223A25642C0022696E746572727589
:1047100070745F6C6576656C223A25642C0000002D
:104720002274656D7065726174757265223A252E0A
:1047300032660000226469676974616C5F696E2289
:104740003A25642C00000000180100202274656DD9
:104750007065726174757265223A252E31662C225D
:1047600068756D6964697479223A252E3166000096
:104770002264697374616E6365223A2564000000E7
:104780002261646332223A25642C00002274656D34
:104790007065726174757265223A252E31662C221D
:1047A00068756D6964697479223A252E31662C002A
:1047B0002261646333223A2564000000280100204E
:1047C00022445331384232305F54656D7032223AA0
:1047D000252E31662C000000380100202277656903
:1047E000676874223A25640022636F756E74223AFA
:1047F000256400002261646333223A25642C0000A2
:10480000F3F7B3FB001932462B465149FCF704FA83
:1048100050480068F3F763FE05460E462046F3F75E
:10482000A4FB00192A4633464BA1FCF7F5F976E6BE
:10483000287D0128204647D0F3F797FB444900190B
:10484000AA8E4039FCF7E8F93868F3F748FE0646C7
:104850000F462046F3F789FB3D4900193B46324697
:10486000EC39FCF7D9F92046F3F77FFB38490019FA
:104870002A78C839FCF7D0F92046F3F776FB34499B
:1048800000196A78B839FCF7C7F92046F3F76DFBD1
:104890000019AA7836A1FCF7BFF92046F3F765FBAB
:1048A0000019EA7837A1FCF7B7F92046F3F75DFB6A
:1048B00000192A793AA1FCF7AFF92046F3F755FB26
:1048C00000196A793BA128E6F3F74FFB001940A1D4
:1048D000AA68FCF7A1F92046F3F747FB001940A1AD
:1048E000EA68FCF799F92046F3F73FFB001940A16D
:1048F0002A6912E6052010210007F5F79FFF0746F9
:104900002046F3F732FB124900193A468C39FCF77E
:1049100083F92046F3F729FB001938A12A69FCF72F
:104920007BF939480068F3F7DAFD054601913068F4
:10493000F3F7D5FD06460F462046F3F716FB04496C
:10494000001932463B4674390095FCF765F9E6E5F7
:10495000C04701082C010020224453313842323034
:104960005F54656D7033223A252E316600000000D9
:1049700022696E746572727570745F706134223A68
:1049800025642C0022696E746572727570745F6C98
:104990006576656C5F706134223A25642C000000F6
:1049A00022696E746572727570745F706138223A34
:1049B00025642C0022696E746572727570745F6C68
:1049C0006576656C5F706138223A256400000000EE
:1049D00022636F756E7431223A25642C000000004A
:1049E00022636F756E7432223A25642C0000000039
:1049F00022636F756E7433223A25640022636F75EB
:104A00006E74223A25642C0018010020F8B50E4C73
:104A10000221217000F01EF80C4D0D4E172709E001
:104A2000304601F05FFE07280AD0FF202F70F530D6
:104A3000F5F78CFC2078411E2170F1D22878F8BD62
:104A400016202870FAE700004B0100204C010020DE
:104A50004CD3010810B57D2109010A48F3F743FA48
:104A600009A10848F3F74AFA0BA10648F3F746FAFA
:104A70000A4904480860F3F778FA094908600948C8
:104A8000007810BD901E002041542B51434F4150DF
:104A9000434C4F53453D30000D0A000054010020A7
:104AA000580100204C01002010B50949022008706F
:104AB000084809A101600F49182008600E4801F05C
:104AC00011FE0E49072800D008200870C0B210BDA2
:104AD0004B0100205401002041542B51434F4150C1
:104AE0004346473D2264746C73222C302C300D0AEF
:104AF000000000005801002018D201084C010020DD
:104B0000F8B50C4C0421217000F01AF80A4D0B4E38
:104B1000082705E0304601F0E5FD072806D02F7094
:104B20002078411E2170F5D22878F8BD0720287022
:104B3000FAE700004B0100204C01002050D2010890
:104B400010B57D2109010A48F3F7CDF909A10848FC
:104B5000F3F7D4F90CA10648F3F7D0F90B49044850
:104B60000860F3F702FA0A4908600A48007810BDA5
:104B7000901E002041542B51434F41504845414421
:104B80003D302C30000000000D0A000054010020D0
:104B9000580100204C010020F8B50E4C0421217072
:104BA00000F01EF80C4D0D4E082709E0304601F0CC
:104BB00099FD07280AD0FF202F70F530F5F7C6FBC6
:104BC0002078411E2170F1D22878F8BD0720287086
:104BD000FAE700004B0100204C01002034D201080C
:104BE000F8B57D2109012148F3F77DF920482C21F2
:104BF0000746F3F7B0F905461EA11C48F3F77EF906
:104C00001B4846300090F3F7B0F9194E174C203E80
:104C100000280CD02C210098F3F79DF90746204678
:104C2000F3F7A3F90019BA1B663A009906E00F489A
:104C3000F3F79BF9AA1B00193946203AF3F73AF922
:104C400011A10A48F3F75AF929460848F3F756F92B
:104C50000EA10648F3F752F90D4804602046F3F719
:104C600084F90C4908600C480078F8BD901E0020BB
:104C70000613002041542B51434F41504F50454E95
:104C80003D302C2200000000220000000D0A000030
:104C900054010020580100204C010020F8B50E4CB2
:104CA0000421217000F01EF80C4D0D4E082709E07C
:104CB000304601F017FD07280AD0FF202F70F5308D
:104CC000F5F744FB2078411E2170F1D22878F8BD19
:104CD00007202870FAE700004B0100204C0100205B
:104CE0006CD2010810B57D2109010C48F3F7FBF8DF
:104CF0000BA10A48F3F702F90E490848F3F7FEF84A
:104D00000DA10648F3F7FAF80C4904480860F3F7D8
:104D10002CF90B4908600B48007810BD901E00204C
:104D200041542B51434F41504F5054494F4E3D3009
:104D30002C302C009D1600200D0A0000540100208C
:104D4000580100204C010020F8B50E4C04212170C0
:104D500000F01EF80C4D0D4E082709E0304601F01A
:104D6000C1FC07280AD0FF202F70F530F5F7EEFAC6
:104D70002078411E2170F1D22878F8BD07202870D4
:104D8000FAE700004B0100204C01002088D2010806
:104D900010B57D2109010C48F3F7A5F80BA10A48CD
:104DA000F3F7ACF80E490848F3F7A8F80DA1064848
:104DB000F3F7A4F80C4904480860F3F7D6F80B4958
:104DC00008600B48007810BD901E002041542B5104
:104DD000434F41504F5054494F4E3D302C302C00E2
:104DE0001E1700200D0A0000540100205801002069
:104DF0004C010020F8B50E4C0421217000F01EF883
:104E00000C4D0D4E082709E0304601F06BFC0728D9
:104E10000AD0FF202F70F530F5F798FA2078411E60
:104E20002170F1D22878F8BD07202870FAE7000039
:104E30004B0100204C010020A4D2010810B57D21B7
:104E400009010C48F3F74FF80BA10A48F3F756F89D
:104E50000E490848F3F752F80DA10648F3F74EF84B
:104E60000C4904480860F3F780F80B4908600B48C8
:104E7000007810BD901E002041542B51434F4150EB
:104E80004F5054494F4E3D302C302C009F1700207E
:104E90000D0A000054010020580100204C010020A0
:104EA000F8B50E4C0421217000F01EF80C4D0D4E8B
:104EB000082709E0304601F015FC07280AD0FF203A
:104EC0002F70F530F5F742FA2078411E2170F1D2AB
:104ED0002878F8BD07202870FAE700004B01002071
:104EE0004C010020C0D2010810B57D2109010C48F9
:104EF000F2F7F9FF0BA10A48F3F700F80E4908484A
:104F0000F2F7FCFF0DA10648F2F7F8FF0C49044840
:104F10000860F3F72AF80B4908600B48007810BDC9
:104F2000901E002041542B51434F41504F50544943
:104F30004F4E3D302C302C00201800200D0A000070
:104F400054010020580100204C01002070B5184D7C
:104F50002C21686BF3F71EF804461648407D0128A3
:104F600006D1F5F77BFC014613A06A6BFBF744FE04
:104F7000194E002C19D07D21C9001848F2F7B3FF53
:104F80002221686BF3F706F8021BA11C1348921E3E
:104F9000F2F790FFF5F762FC0146104A10A0FBF70C
:104FA0002BFE15203070C0B270BD1420FAE700004F
:104FB0005C0100207C0000205B25645D4465627517
:104FC0006720646F776E6C696E6B20646174613A00
:104FD00025730D0A000000004C010020602600200F
:104FE0005B25645D526563656976656420646F77EF
:104FF0006E6C696E6B20646174613A25730D0A00F2
:1050000010B5FFF7A3FF152802D1034803F0BCFA3F
:105010000248007810BD0000602600204C010020EE
:1050200010B5074A0221117000F010F8054801F090
:1050300059FB0549072800D008200870C0B210BDF0
:105040004B010020DCD201084C01002010B57D216D
:1050500009010A48F2F747FF09A10848F2F74EFF95
:105060000DA10648F2F74AFF0C4904480860F2F720
:105070007CFF0B4908600B48007810BD901E002093
:1050800041542B51434F415053454E443D302C31F8
:105090002C322C30000000000D0A000054010020CA
:1050A000580100204C01002010B5074A0221117060
:1050B00000F010F8054801F015FB0549072800D05D
:1050C00008200870C0B210BD4B01002014D30108A5
:1050D0004C01002010B57D2109010F48F2F703FFB4
:1050E0000EA10D48F2F70AFF0B48F2F73EFF1149F7
:1050F000094C0B6C4031898800194A080EA1FBF756
:105100008BFD0F4804602046F2F72FFF0D49086021
:105110000D48007810BD0000901E002041542B5116
:10512000434F415053454E443D302C312C322C30AE
:105130002C0000009400002025642C25730D0A002B
:1051400054010020580100204C01002010B50849EE
:1051500004200870002000F011F8064801F0C2FA9F
:105160000549072800D008200870C0B210BD000013
:105170004B010020F8D201084C01002010B57D2120
:1051800009010A48F2F7AFFE02F064FA0748F2F7A5
:10519000ECFE06491A220A54054801600846F2F757
:1051A000E4FE044908600448007810BD901E002009
:1051B00054010020580100204C01002070B50E4819
:1051C0000F4C01780D480129406B06D00DA1F2F774
:1051D000A1FE00280CD01E200BE00EA1F2F79AFED3
:1051E0001D25002802D00020FFF70AFF257001E0EE
:1051F0001C202070207870BD440100205C0100203C
:105200004C0100202B51434F41504F50454E3A2006
:10521000302C30002B51434F41505552433A2030EF
:105220002C312C3100000000F8B50E480EA10160B1
:1052300011490E2008600320104C114D2070114EB2
:10524000082705E0304601F04DFA072806D02F70F8
:105250002078411E2170F5D22878F8BD07202870EB
:10526000FAE700005401002041542B514D544449A9
:1052700053433D300D0A0000580100204B0100202F
:105280004C01002078C101080148007870470000F7
:105290004C01002070B50D480DA101601349192083
:1052A0000860134C04202070124D07E0284601F0DE
:1052B00019FA072806D06420F5F748F82178481E27
:1052C0002070F3D20C48007870BD0000540100201B
:1052D00041542B514D544346473D227665727369C4
:1052E0006F6E222C302C310D0A0000005801002076
:1052F0004B01002044C001084C01002010B5074AB2
:105300000421117000F010F8054801F0EBF905498F
:10531000072800D008200870C0B210BD4B01002043
:105320007CC001084C01002010B57D2109011C48FA
:10533000F2F7D9FD1BA11A48F2F7E0FD1D49184804
:10534000F2F7DCFD1B481CA181300446F2F7E2FDB8
:10535000002816D11AA11248F2F7D0FD21461048B4
:10536000F2F7CCFD174814A10446F2F7D3FD00284C
:1053700007D113A10A48F2F7C1FD21460848F2F708
:10538000BDFD11A10648F2F7B9FD104904480860B7
:10539000F2F7EBFD0E4908600E48007810BD0000E2
:1053A000901E002041542B514D54434F4E4E3D30E2
:1053B0002C220000D01300204E554C4C0000000061
:1053C000222C2200D2140020220D0A0054010020B9
:1053D000580100204C01002001480078704700006F
:1053E0004C01002070B57D21C9001E48F2F77BFDFD
:1053F0001D4D1EA1686BF2F78DFD04461C48407DD3
:10540000012806D1F5F72AFA01461AA06A6BFBF7C4
:10541000F3FBE0787B2816D00A212046F2F79BFDAB
:10542000021BE11C0F48521FF2F744FDF5F716FA74
:1054300001460C4A17A0FBF7DFFB0A4803F0A4F86B
:105440001C48007870BD7D212046F2F784FD021BC8
:10545000E11C0448921EF2F72DFD17490120087047
:10546000E4E70000602600205C010020222C2200DE
:105470007C0000205B25645D446562756720646F75
:10548000776E6C696E6B20646174613A25730D0AE6
:10549000000000005B25645D5265636569766564A4
:1054A00020646F776E6C696E6B20646174613A255D
:1054B000730D0A004C0100209401002010B5074A2A
:1054C0000421117000F010F8054801F00BF90549AE
:1054D000072800D008200870C0B210BD4B01002082
:1054E00060C001084C010020F8B57D210901234866
:1054F000F2F7F9FC2248234E0078204C002812D005
:10550000304666302C210746F2F725FD05461EA1E0
:105510002046F2F7F3FC2046F2F727FD0019AA1BFC
:105520003946663A11E017482C2120300746F2F739
:1055300012FD054614A11148F2F7E0FC0F48F2F7FE
:1055400014FDAA1B00193946203AF2F7B3FC12A148
:105550000A48F2F7D3FC29460848F2F7CFFC0FA11E
:105560000648F2F7CBFC0E4804602046F2F7FDFC3B
:105570000C4908600C480078F8BD0000901E00201F
:1055800046010020E612002041542B514D544F504B
:10559000454E3D302C220000220000000D0A000084
:1055A00054010020580100204C01002010B508498A
:1055B00004200870002000F011F8064801F092F86D
:1055C0000549072800D008200870C0B210BD0000AF
:1055D0004B010020D0C001084C01002010B57D21F6
:1055E00009011648F2F77FFC15480078022804D01C
:1055F000002804D0012804D007E012A102E019A17C
:1056000000E020A10D48F2F779FC26490B48F2F79B
:1056100075FC25A10948F2F771FC26A10748F2F7AD
:105620006DFC02F065FB244904480860F2F79DFC1C
:10563000224908602248007810BD0000901E00201A
:105640004000002041542B514D545055423D302CC8
:10565000312C322C302C226368616E6E656C732F96
:105660000000000041542B514D545055423D302C08
:10567000302C302C302C226368616E6E656C732F79
:105680000000000041542B514D545055423D302CE8
:10569000312C312C302C226368616E6E656C732F57
:1056A000000000009B1500202F7075626C69736804
:1056B00000000000222C00005401002058010020AE
:1056C0004C01002010B5084904200870002000F0AB
:1056D00011F8064801F006F80549072800D008200F
:1056E0000870C0B210BD00004B010020ECC00108E2
:1056F0004C01002010B57D2109011648F2F7F3FB9B
:1057000015480078022804D0002804D0012804D0CD
:1057100007E012A102E016A100E01AA10D48F2F77D
:10572000EDFB1D490B48F2F7E9FB1CA10948F2F714
:10573000E5FB01F08FFF1AA10648F2F7DFFB1949DC
:1057400004480860F2F711FC174908601748007810
:1057500010BD0000901E00204000002041542B513D
:105760004D545055423D302C312C322C302C2200DF
:1057700041542B514D545055423D302C302C302C3F
:10578000302C220041542B514D545055423D302C69
:10579000312C312C302C22009B150020222C0000B3
:1057A0000D0A000054010020580100204C01002087
:1057B00010B5084904200870002000F011F80648D0
:1057C00000F090FF0549072800D008200870C0B2FB
:1057D00010BD00004B01002008C101084C01002051
:1057E00010B57D2109011648F2F77DFB15480078B8
:1057F000022804D0002804D0012804D007E012A118
:1058000002E016A100E01AA10D48F2F777FB1D494E
:105810000B48F2F773FB1CA10948F2F76FFB01F08C
:1058200019FF1AA10648F2F769FB194904480860F4
:10583000F2F79BFB174908601748007810BD00007D
:10584000901E00204000002041542B514D545055D3
:10585000423D302C312C322C302C220041542B5123
:105860004D545055423D302C302C302C302C2200E1
:1058700041542B514D545055423D302C312C312C3C
:10588000302C22009B150020222C00000D0A000065
:1058900054010020580100204C01002010B5084997
:1058A00004200870002000F011F8064800F01AFFEC
:1058B0000549072800D008200870C0B210BD0000BC
:1058C0004B01002024C101084C01002010B57D21AE
:1058D00009011648F2F707FB15480078022804D0A2
:1058E000002804D0012804D007E012A102E016A18C
:1058F00000E01AA10D48F2F701FB1D490B48F2F731
:10590000FDFA1CA10948F2F7F9FA01F0A3FE1AA169
:105910000648F2F7F3FA194904480860F2F725FB44
:10592000174908601748007810BD0000901E00203D
:105930004000002041542B514D545055423D302CD5
:10594000312C322C302C220041542B514D545055C7
:10595000423D302C302C302C302C220041542B5125
:105960004D545055423D302C312C312C302C2200DE
:105970009B150020222C00000D0A0000540100207D
:10598000580100204C01002010B50849042008707F
:10599000002000F011F8064800F0A4FE0549072891
:1059A00000D008200870C0B210BD00004B010020DC
:1059B000B4C001084C01002010B57D210901184830
:1059C000F2F791FA17480078022804D0002804D092
:1059D000012804D007E014A102E018A100E01CA1F6
:1059E0000F48F2F78BFA1F490D48F2F787FA1EA10C
:1059F0000B48F2F783FA0A48F2F7B7FA1B49084C4A
:105A00008A8800191AA1FBF707F91B4920460C6088
:105A1000F2F7ABFA194908601948007810BD000088
:105A2000901E00204000002041542B514D545055F1
:105A3000423D302C312C322C302C220041542B5141
:105A40004D545055423D302C302C302C302C2200FF
:105A500041542B514D545055423D302C312C312C5A
:105A6000302C22009B150020222C0000D4000020A6
:105A700025640D0A00000000540100205801002098
:105A80004C01002010B5084904200870002000F0E7
:105A900011F8064800F026FE0549072800D0082026
:105AA0000870C0B210BD00004B01002040C10108C9
:105AB0004C01002006490548096C0160044805496D
:105AC0004030808808600448007870475401002006
:105AD00094000020580100204C01002010B5084916
:105AE00004200870002000F011F8064800F0FAFDCC
:105AF0000549072800D008200870C0B210BD00007A
:105B00004B01002098C001084C01002010B57D21F8
:105B100009012048F2F7E7F91FA11E48F2F7EEF954
:105B20002148224C007B01280ED0032816D02146A4
:105B30001848F2F7E3F91E480078022818D0002828
:105B400018D0012818D01BE01AA11248F2F7D6F994
:105B500021461048F2F7D2F919A1E9E71BA10D4837
:105B6000F2F7CCF921460B48F2F7C8F921A1DFE79B
:105B700021A102E022A100E023A10648F2F7BEF92C
:105B8000234904480860F2F7F0F9224908602248E6
:105B9000007810BD901E002041542B514D54535598
:105BA000423D302C312C22007C0000201C160020AD
:105BB000400000206368616E6E656C732F0000000A
:105BC0002F737562736372696265000074622F6D72
:105BD0007174742D696E746567726174696F6E2D6E
:105BE0007475746F7269616C2F73656E736F727305
:105BF0002F0000002F727800222C320D0A000000C6
:105C0000222C300D0A000000222C310D0A00000069
:105C100054010020580100204C01002070B5284C90
:105C200028A1606BF2F776F92A4D002801D00920EF
:105C300032E029A1606BF2F76DF9002801D00B204A
:105C40002AE029A1606BF2F765F91026002818D127
:105C50002AA1606BF2F75EF9002812D12CA1606BCB
:105C6000F2F758F900280CD12EA1606BF2F752F927
:105C70001226002805D12FA1606BF2F74BF90028FE
:105C800001D02E7009E02FA1606BF2F743F90028D4
:105C900001D0162000E01C2028702EA1606BF2F7C6
:105CA00039F9002802D00020FFF79CFB2CA1606B83
:105CB000F2F730F9002801D004202870287870BD50
:105CC0005C0100202B514D544F50454E3A20302C52
:105CD000300000004C0100202B514D54434F4E4EDC
:105CE0003A20302C302C30002B514D545355423A31
:105CF00020302C312C302C32000000002B514D5420
:105D00005355423A20302C312C302C310000000009
:105D10002B514D545355423A20302C312C302C30DD
:105D2000000000002B514D545055423A20302C3188
:105D30002C3000002B514D545055423A20302C301D
:105D40002C3000002B514D54444953433A20302C01
:105D5000300000002B514D545245435600000000C6
:105D60002B514D54535441540000000010B5074AC4
:105D70000421117000F010F8054800F0B3FC05494B
:105D8000072800D008200870C0B210BD4B010020C9
:105D900028C001084C01002010B57D2109010848E8
:105DA000F2F7A1F807A10648F2F7A8F80C49044851
:105DB0000860F2F7DAF80B4908600B48007810BD6C
:105DC000901E002041542B514D544346473D2273B1
:105DD000736C222C302C312C302C300D0A0000003A
:105DE00054010020580100204C01002010B5074A42
:105DF0000421117000F010F8054800F073FC05490B
:105E0000072800D008200870C0B210BD4B01002048
:105E10000CC001084C01002010B57D2109010D487E
:105E2000F2F761F80CA10B48F2F768F80948F2F7AD
:105E30009CF81049074C8A7B00190FA1FAF7ECFE79
:105E40000F4804602046F2F790F80E4908600E48AB
:105E5000007810BD901E002041542B5153534C43E9
:105E600046473D302C302C227365636C6576656C3B
:105E7000222C00007C00002025640D0A0000000098
:105E800054010020580100204C010020F8B50E48B4
:105E90000EA1016011490E2008600320104C114D25
:105EA0002070114E082705E0304600F01BFC072843
:105EB00006D02F702078411E2170F5D22878F8BDC9
:105EC00007202870FAE700005401002041542B51AC
:105ED00049434C4F53453D300D0A00005801002006
:105EE0004B0100204C0100205CCF010801480078E4
:105EF000704700004C01002010B5074A04211170C2
:105F000000F010F8054800F0EDFB0549072800D027
:105F100008200870C0B210BD4B01002008CF010856
:105F20004C010020F8B57D2109012348F1F7DBFF82
:105F300022482C210746F2F70EF8054620A11E48FC
:105F4000F1F7DCFF1D4846300090F2F70EF81B4ECB
:105F5000194C203E00280CD02C210098F1F7FBFFB3
:105F600007462046F2F701F80019BA1B663A009975
:105F700006E01148F1F7F9FFAA1B00193946203A4B
:105F8000F1F798FF13A10C48F1F7B8FF29460A482A
:105F9000F1F7B4FF10A10848F1F7B0FF0FA10648D0
:105FA000F1F7ACFF0F4804602046F1F7DEFF0E4921
:105FB00008600E480078F8BD901E002006130020EF
:105FC00041542B51494F50454E3D302C302C2254DA
:105FD0004350222C220000002C3000002C310D0AEE
:105FE0000000000054010020580100204C01002056
:105FF000F0B52A4C2A4F607D99B0012806D1F4F7FC
:106000002DFC014627A07A6BFAF7F6FD207D1426B9
:106010002C4D002832D064216846F1F764FF2AA194
:10602000786BF1F777FF04460A21F1F794FF021B22
:10603000A11C6846921EF1F73DFF2C216846F1F73E
:10604000A9FF040028D07D21C9002148F1F74BFFAA
:1060500022216846F1F79EFF021BA11C1C48921EDC
:10606000F1F728FFF4F7FAFB0146194A19A0FAF7ED
:10607000C3FD15202870287819B0F0BD2C21786B4D
:10608000F1F788FF040007D07D21C9001048F1F71F
:106090002AFF2221786BDDE72E70ECE77C000020E0
:1060A0005C0100205B25645D446562756720646F58
:1060B000776E6C696E6B20646174613A25730D0AAA
:1060C000000000004C010020726563762200000091
:1060D000602600205B25645D5265636569766564B2
:1060E00020646F776E6C696E6B20646174613A2511
:1060F000730D0A0010B5044600F0D6FE074800F004
:10610000F1FA072807D12046FFF772FF152802D1C0
:10611000034802F039FA0348007810BD40CF010867
:10612000602600204C01002070B50C4C022121702B
:1061300000F01AF8FF260A4DF53607E0284600F071
:10614000D1FA072806D03046F4F700F92178481E26
:106150002070F3D20348007870BD00004B0100208E
:1061600024CF01084C01002010B57D2109011E48F3
:10617000F1F7B9FEFDF744FC1CA11B48F1F7BEFE88
:106180001DA11948F1F7BAFE1C4C207B052801D14E
:1061900001F060FA207B144C002816D12046F1F75C
:1061A000E4FE174900198A8816A1FAF735FD16A1F1
:1061B0002046F1F7A3FE2046F1F7D7FE104900195B
:1061C00040390A6C11A1FAF727FD11A10648F1F731
:1061D00095FE104920460C60F1F7C7FE0E49086095
:1061E0000E48007810BD0000901E002041542B5135
:1061F0004953454E443D0000302C00007C000020F7
:10620000D4000020256400002C220000257300002B
:10621000220D0A0054010020580100204C010020EA
:1062200070B5074807A1406BF1F774FE1D25094CB6
:10623000002802D00020FFF75DFF2570E8B270BD96
:106240005C01002051495552433A20227265637621
:10625000220000004C010020F8B50E480EA101609C
:1062600011490E2008600320104C114D2070114E72
:10627000082705E0304600F035FA072806D02F70D1
:106280002078411E2170F5D22878F8BD07202870AB
:10629000FAE700005401002041542B5149434C4F70
:1062A00053453D300D0A0000580100204B010020ED
:1062B0004C01002080C601080148007870470000AA
:1062C0004C01002010B5074A0421117000F010F8AD
:1062D000054800F007FA0549072800D00820087093
:1062E000C0B210BD4B0100202CC601084C0100209B
:1062F000F8B57D2109012148F1F7F5FD20482C2151
:106300000746F1F728FE05461EA11C48F1F7F6FDE9
:106310001B4846300090F1F728FE194E174C203EDE
:1063200000280CD02C210098F1F715FE07462046D6
:10633000F1F71BFE0019BA1B663A009906E00F48F8
:10634000F1F713FEAA1B00193946203AF1F7B2FD06
:1063500014A10A48F1F7D2FD29460848F1F7CEFD0D
:1063600011A10648F1F7CAFD114804602046F1F773
:10637000FCFD1049086010480078F8BD901E002010
:106380000613002041542B51494F50454E3D302CAF
:10639000302C225544502053455256494345222C17
:1063A00022000000222C31002C310D0A00000000D8
:1063B00054010020580100204C010020F0B52A4C67
:1063C0002A4F607D99B0012806D1F4F747FA0146BB
:1063D00027A07A6BFAF710FC207D14262C4D00289C
:1063E00032D064216846F1F77EFD2AA1786BF1F77F
:1063F00091FD04460A21F1F7AEFD021BA11C68467F
:10640000921EF1F757FD2C216846F1F7C3FD0400F9
:1064100028D07D21C9002148F1F765FD2221684679
:10642000F1F7B8FD021BA11C1C48921EF1F742FDBA
:10643000F4F714FA0146194A19A0FAF7DDFB152002
:106440002870287819B0F0BD2C21786BF1F7A2FDE7
:10645000040007D07D21C9001048F1F744FD222136
:10646000786BDDE72E70ECE77C0000205C010020FB
:106470005B25645D446562756720646F776E6C6947
:106480006E6B20646174613A25730D0A0000000090
:106490004C01002072656376220000006026002017
:1064A0005B25645D526563656976656420646F771A
:1064B0006E6C696E6B20646174613A25730D0A001D
:1064C00010B5FFF77BFF152802D1034802F05CF8F6
:1064D0000248007810BD0000602600204C0100201A
:1064E00010B5074A0421117000F010F8054800F0BB
:1064F000F9F80549072800D008200870C0B210BD7F
:106500004B01002048C601084C010020F8B57D2150
:1065100009013548F1F7E7FC34A13348F1F7EEFC07
:1065200035A13148F1F7EAFC34A12F48F1F7E6FC38
:1065300033480746F1F719FD314E2B4C663E0028D3
:106540000CD02C213846F1F706FD05462046F1F720
:106550000CFD0019AA1B3946663A0DE028482C218B
:1065600046380746F1F7F7FC05461F48F1F7FDFCF2
:10657000AA1B00193946203AF1F79CFC21A11A48C0
:10658000F1F7BCFC29461848F1F7B8FC1EA11648E3
:10659000F1F7B4FC1D4D287B052801D101F05AF814
:1065A000287B002812D11048F1F7DFFC18490019A8
:1065B0008A8818A1FAF730FB0B48F1F7D6FC14498A
:1065C000001940390A6C15A1FAF726FB14A10648F8
:1065D000F1F794FC134804602046F1F7C6FC124919
:1065E000086012480078F8BD901E002041542B51DD
:1065F0004953454E443D0000300000002C2200006D
:106600004C130020220000002C0000007C00002021
:10661000D400002025642C22000000002573000017
:10662000220D0A0054010020580100204C010020D6
:1066300070B51248124D0178124C686B012906D0D2
:1066400011A1F1F767FC00280CD00D2013E010A178
:10665000F1F760FC1D25002802D00020FFF730FF75
:10666000257009E00EA1686BF1F754FC002801D0F9
:106670000F2000E01C202070207870BD4401002015
:106680005C0100204C01002053454E44204F4B003C
:1066900051495552433A2022726563762200000028
:1066A00053454E44204641494C00000010B5094C6A
:1066B00009A0A0610420E0610320E07304E0084821
:1066C00000F010F8072803D0E07B411EE173F6D2FA
:1066D000207C10BD3C01002041540D0A0000000048
:1066E0001CB50108F8B50646164D00202886012184
:1066F0004902686BF1F7F7FB2C46203CA08BA1699F
:1067000082B21148F6F714F8F4F7A8F80746F4F740
:10671000A5F8B189C01B8842F9D33168686BF1F7DD
:10672000F9FB002801D0072008E07168686BF1F7D9
:10673000F1FB002801D0082000E004202074C0B242
:10674000F8BD00005C010020D404002070B50A4CA4
:106750000AA0A0610620E0610320E073094D04E077
:106760002846FFF7BFFF072803D0E07B411EE173F7
:10677000F6D2207C70BD00003C0100204154453021
:106780000D0A000038B50108F0B5254891B0406BFE
:1067900024A1F1F7BFFB254C050028D01421684641
:1067A000F1F7A1FB22A16846F1F7A8FB00A811228E
:1067B000E91D0230F1F77EFB6846F3F71FFA1D4D25
:1067C0001D4EA8613078012700280CD005A8F9F7E4
:1067D0003FF80599A869091A61610021F9F7B4F831
:1067E000277000203070E07A002803D014E00620E3
:1067F000207411E005A9A869F9F746F806983C212C
:1068000048430599401885B20C490D48F9F735FB06
:106810002846FCF711FAE772207C11B0F0BD0000A9
:106820005C0100202B43434C4B0000003C01002046
:1068300032300000940000201A000020D5F5000836
:10684000CC030020F8B50F4C0FA1A1610A21E16132
:1068500007461049002088610320E0730E4D08268A
:1068600005E02846FFF73EFF072806D02674E07BA8
:10687000411EE173F5D2207CF8BD3846FFF784FF56
:106880002074F8E73C01002041542B43434C4B3F1C
:106890000D0A000094000020A4B60108F0B52548B8
:1068A00091B0406B24A1F1F735FB254C050028D0B1
:1068B00014216846F1F717FB22A16846F1F71EFB89
:1068C00000A81122E91D0230F1F7F4FA6846F3F747
:1068D00095F91D4D1D4EA8613078012700280CD078
:1068E00005A8F8F7B5FF0599A869091A61610021A3
:1068F000F9F72AF8277000203070E07A002803D0DA
:1069000014E00620207411E005A9A869F8F7BCFF7F
:1069100006983C2148430599401885B20C490D481A
:10692000F9F7ABFA2846FCF787F9E772207C11B03B
:10693000F0BD00005C0100202B43434C4B000000E5
:106940003C01002032300000940000201A0000209A
:10695000D5F50008CC030020F8B50F4C0FA1A161BC
:106960000A21E16107461049002088610320E07395
:106970000E4D082605E02846FFF7B4FE072806D08E
:106980002674E07B411EE173F5D2207CF8BD3846C9
:10699000FFF784FF2074F8E73C01002041542B43AB
:1069A000434C4B3F0D0A00009400002088B60108BC
:1069B0000148007C704700003C01002070B5094C84
:1069C0000A21E17300F012F8074D04E02846FFF7B2
:1069D00089FE072803D0E17B481EE073F6D2207CB5
:1069E00070BD00003C010020FCB5010810B5C821B5
:1069F0000848F1F778FA08A10648F1F77FFA094C40
:106A00000448A061F1F7B1FAE0610748FFF76AFEB8
:106A100010BD0000C819002041542B4346554E3D7F
:106A2000300D0A003C010020FCB501080148007C43
:106A3000704700003C01002070B5094C0A21E17349
:106A400000F012F8074D04E02846FFF74BFE072838
:106A500003D0E17B481EE073F6D2207C70BD0000BD
:106A60003C010020E0B5010810B5C8210848F1F745
:106A70003AFA08A10648F1F741FA094C0448A06126
:106A8000F1F773FAE0610748FFF72CFE10BD000034
:106A9000C819002041542B4346554E3D300D0A0085
:106AA0003C010020E0B501080148007C704700006F
:106AB0003C01002070B5094C0A21E17300F012F886
:106AC000074D04E02846FFF70DFE072803D0E17BC1
:106AD000481EE073F6D2207C70BD00003C0100200F
:106AE000C4B5010810B5C8210848F1F7FCF908A1A0
:106AF0000648F1F703FA094C0448A061F1F735FAAA
:106B0000E0610748FFF7EEFD10BD0000C819002046
:106B100041542B4346554E3D310D0A003C010020A7
:106B2000C4B501080148007C704700003C0100200A
:106B300070B5094C0221E17300F012F8074D04E032
:106B40002846FFF7CFFD072803D0E17B481EE073FE
:106B5000F6D2207C70BD00003C010020C0B60108C8
:106B600010B5C8210748F1F7BEF9074A07A1054843
:106B7000FAF752F80D4C0348A061F1F7F6F9E0611D
:106B8000207C10BDC8190020A713002041542B43BE
:106B90004744434F4E543D312C22495056345636CB
:106BA000222C222573220D0A000000003C01002047
:106BB00010B5074807A1406BF1F7ACF9044920393B
:106BC000002801D0072000E008200874C0B210BDE2
:106BD0005C01002042433636304B0000F8B50746D2
:106BE0000D4C0EA0A0610920E0610320E0730E4D62
:106BF000082605E02846FFF775FD072806D026740D
:106C0000E07B411EE173F5D2207CF8BD3846FFF7EA
:106C1000CFFF2074F8E700003C01002041542B43D3
:106C2000474D4D0D0A0000006CB60108F8B51C4C2C
:106C30001CA0A0610B20E061032026462036E073F3
:106C40001B4D08270BE02846FFF74CFD072806D10F
:106C500018A1706BF1F75EF9002806D02774E07B6D
:106C6000411EE173EFD2207CF8BD0D4814213C3069
:106C70000746F1F738F93A21706BF1F76CF90546E0
:106C80004F21706BF1F767F9002DECD00028EAD0A6
:106C9000421BA91C3846921FF1F750F9E3E70000A8
:106CA0003C01002041542B4347534E3D310D0A0017
:106CB00070B5010849500000F8B51C4C1CA0A0613B
:106CC0000920E061032026462036E0731B4D08278B
:106CD0000BE02846FFF706FD072806D118A1706BC8
:106CE000F1F718F9002806D02774E07B411EE17304
:106CF000EFD2207CF8BD0D48142128300746F1F76B
:106D0000F2F80A21706BF1F726F905464F21706BF6
:106D1000F1F721F9002DECD00028EAD0421B691CC4
:106D20003846521FF1F70AF9E3E700003C01002062
:106D300041542B43494D490D0A0000008CB5010810
:106D4000495000000148007C704700003C010020D1
:106D500070B500F019F80320094C0A4DE0730826BD
:106D600005E02846FFF7BEFC072806D02674E17B25
:106D7000481EE073F5D2207C70BD07202074FAE72E
:106D80003C010020DCB6010810B5C8210B48F1F722
:106D9000AAF80BA10948F1F7B1F80DA10748F1F7DE
:106DA000ADF80EA10548F1F7A9F8104C0348A06111
:106DB000F1F7DBF8E061207C10BD0000C81900206D
:106DC00041542B4350534D533D312C2C2C0000008B
:106DD0002230313031313131312200002C2230303B
:106DE000303030303030220D0A0000003C010020ED
:106DF000FEB51F4C1FA0A0610820E06102202646BE
:106E0000E07320362EE01E48FFF76CFC072829D1DE
:106E10000020009001903A21706BF1F7BBF8074613
:106E20002C21706BF1F797F80025C71B7F1E0AE035
:106E3000F1F79BF869464018726BE91D525C11A18D
:106E4000F9F7EAFE6D1CAF426846F1DCF1F7BCF8D9
:106E5000C0B27070632803D0002801D0642801D12B
:106E600018202074E07B401EE073CCD2207CFEBD55
:106E70003C01002041542B4353510D0A00000000F7
:106E8000F8B601082563000010B50548F9F7A6F823
:106E90000448017E002902D18171F8F72FFB10BD53
:106EA000B8030020000000200820704710B50DA096
:106EB000F9F7A2FE13483A21406BF1F74CF80400B1
:106EC00004D109E010A0641CF9F796FE21780A2984
:106ED000F8D10EA0F9F790FE0A490720203908746E
:106EE00010BD000043757272656E746C7920736515
:106EF00074206672657175656E63792062616E6477
:106F0000000000005C010020256300000A00000072
:106F1000F8B5104C0320E073002000F021F80E4D6E
:106F20000E4E00270BE03046FFF7DCFB072806D1AA
:106F30002878002809D02F70002000F011F8E07B9D
:106F4000411EE173EFD2207CF8BD0020FFF7AEFFB9
:106F50002074F8E73C0100203F00002050B60108F3
:106F600010B5C8210A48F0F7BEFF0A48007801288A
:106F70000BD009A10648F0F7C1FF0A4C0448A061F4
:106F8000F0F7F3FFE061207C10BD07A1F2E70000FD
:106F9000C81900203F00002041542B5142414E446B
:106FA0003F0D0A003C01002041542B5142414E4408
:106FB0003D31302C382C32302C32382C322C342CC1
:106FC00031322C31332C36362C38352C350D0A0025
:106FD00070B500F019F80320094C0A4DE07308263B
:106FE00005E02846FFF77EFB072806D02674E17BE4
:106FF000481EE073F5D2207C70BD07202074FAE7AC
:107000003C01002054B5010810B5C8210948F0F72B
:107010006AFF09A10748F0F771FF0CA10548F0F7D6
:107020006DFF0B4C0348A061F0F79FFFE061207CEF
:1070300010BD0000C819002041542B514346473D64
:107040002264736576656E74222C30000D0A000090
:107050003C010020FEB5394D5021686BF0F79AFFD6
:1070600007462C213648F0F795FF01902E21686BDA
:10707000FCF7A8FC032801DB012400E000243A21EE
:10708000686BFCF79FFC032801DD012000E0002075
:107090002A4D2C4E203D002F41D0019900293ED091
:1070A00004433CD03A213846F0F755FF04460A2104
:1070B000F0F751FF02902248322146300090F0F75D
:1070C00012FF0098F0F751FF1D4F0299203FC3199E
:1070D0000A1B1846A11C6630D21EF0F7EBFE019881
:1070E000F0F743FF04460098F0F73FFFC01922462F
:1070F00066300199F0F7DEFEF3F7B0FB014612A00F
:10710000009AF9F779FD3046F0F72FFF80190FA1AB
:10711000009AF9F781FD07202874C0B2FEBDF3F78D
:107120009DFB01460DA0F9F767FD0648F0F71DFF2E
:1071300080190BA1F9F770FD0820EDE75C01002034
:1071400006130020901A00205B25645D446F6D617A
:10715000696E2049503A25730D0A00005B25645D75
:10716000446F6D61696E206E616D65207265736F2D
:107170006C7574696F6E206661696C65640D0A00D8
:1071800070B500F019F80420094C0A4DE073082688
:1071900005E02846FFF7A6FA072806D02674E17B0B
:1071A000481EE073F5D2207C70BD07202074FAE7FA
:1071B0003C0100204CB7010870B5C8211648F0F713
:1071C00092FE16482C210646F0F7E4FE124D04000C
:1071D0001AD013A12846F0F791FE15A12846F0F722
:1071E0008DFE2846F0F7C1FE0C4940192039621A7D
:1071F0003146203AF0F75EFE0DA12846F0F77EFEFC
:107200000CA12846F0F77AFE0B4C2846A561F0F752
:10721000ACFEE061207C70BDC81900200613002080
:1072200041542B5149444E534749503D302C0000A6
:10723000220000000D0A00003C01002070B500F0A3
:1072400019F80320094C0A4DE073082605E028468A
:10725000FFF748FA072806D02674E17B481EE07342
:10726000F5D2207C70BD07202074FAE73C01002095
:1072700030B7010810B5C8210B48F0F734FE0BA158
:107280000948F0F73BFE0D490748F0F737FE0CA11F
:107290000548F0F733FE0B4C0348A061F0F765FE9C
:1072A000E061207C10BD0000C819002041542B5122
:1072B00049444E534346473D302C00007E13002086
:1072C0000D0A00003C010020F8B5214C21A0A0616E
:1072D0000B20E0612248FFF705FA072832D1254646
:1072E000203520A1686BF0F715FE00282CD03A213C
:1072F000686BF0F730FE00252C21F0F72CFE401CC7
:107300006D1CEDB20646072DF6D3F0F75DFE05467F
:107310002C213046F0F71FFE401C0646F0F754FEC5
:1073200007462C213046F0F716FE401CF0F74CFEC5
:107330000646F3F793FA01463B462A460BA0009611
:10734000F9F75AFC207CF8BD08202074FAE7000009
:107350003C01002041542B51454E473D300D0A0061
:1073600014B701082B51454E470000005B25645DB2
:107370004E6574776F726B20496E666F726D6174C3
:10738000696F6E3A22525353493A2564222C225394
:10739000494E523A2564222C2242414E443A2564F9
:1073A000220D0A000148007C704700003C010020CB
:1073B00070B5094C0A21E17300F012F8074D04E0A2
:1073C0002846FFF78FF9072803D0E17B481EE073BA
:1073D000F6D2207C70BD00003C010020A8B5010859
:1073E00010B5C8210B48F0F77EFD0B48007B002844
:1073F0000DD00AA10748F0F781FD0F4C0548A061A8
:10740000F0F7B3FDE0610D48FFF76CF910BD0CA17A
:10741000F0E70000C81900207C00002041542B51E7
:10742000494346473D64617461666F726D61742CB7
:10743000302C310D0A0000003C010020A8B50108E5
:1074400041542B51494346473D64617461666F72F4
:107450006D61742C312C310D0A00000070B50C4C9C
:107460000CA0A0610B20E0610320E0730C4D082606
:1074700005E02846FFF736F9072806D02674E07B9A
:10748000411EE173F5D2207C70BD07202074FAE71D
:107490003C01002041542B515253543D310D0A0000
:1074A000ACBB010870B50C4C0CA0A0610B20E061D6
:1074B0000320E0730C4D082605E02846FFF712F97B
:1074C000072806D02674E07B411EE173F5D2207CAC
:1074D00070BD07202074FAE73C01002041542B5175
:1074E0005253543D310D0A0090BB01080148007C05
:1074F000704700003C01002070B5094C0A21E1737F
:1075000000F012F8074D04E02846FFF7EBF80728D3
:1075100003D0E17B481EE073F6D2207C70BD0000F2
:107520003C01002018B6010810B5C8210848F0F742
:10753000DAFC08A10648F0F7E1FC0A4C0448A06117
:10754000F0F713FDE0610848FFF7CCF810BD00002C
:10755000C819002041542B5153434C4B3D310D0A67
:10756000000000003C01002018B601080148007C22
:10757000704700003C01002070B5094C0A21E173FE
:1075800000F012F8074D04E02846FFF7ABF8072893
:1075900003D0E17B481EE073F6D2207C70BD000072
:1075A0003C01002034B6010810B5C8210848F0F7A6
:1075B0009AFC08A10648F0F7A1FC0A4C0448A06117
:1075C000F0F7D3FCE0610848FFF78CF810BD00002D
:1075D000C819002041542B5153434C4B3D300D0AE8
:1075E000000000003C01002034B6010870B50E4ECA
:1075F0003068050C84B202F017FA0C4A0421D080DE
:107600001181854201D1042C0DD004040C43F2F702
:10761000F7FE224631460220F2F7C8FEF2F7BCFE22
:107620000020FAF75FFB70BD00000808440000204E
:1076300010B505490548F8F787FC0448F8F796FCAB
:1076400003490120887610BD005C2605E003002078
:1076500000000020F0B5C9B0FCF7D2F90446FE489E
:107660008069139013A8F0F79FFF0546502134A8B6
:10767000F0F739FC2B46F9A2502134A8F0F743FA71
:107680000020109020AD2046F0F7EEFEF84B0022CF
:10769000F0F73CFE1A90F7481E90F7481B9119909E
:1076A00012E0012810D118980A1AF44818994018C5
:1076B000F3A1F9F7B1FA207E022801D0042803D102
:1076C000F0A1EE48F0F71AFCEC48F0F74EFC80B25F
:1076D0001890EA481A9E1B9CF0F747FCE749E54AD8
:1076E0004718E94934A849780394E34C0491029679
:1076F0000590203C607A0090103AE44938461E9B81
:10770000F9F78AFADD48FCF7DFFD1998067840782A
:107710000E90207E032802D0012806D00CE00E989F
:10772000182809DB18200E9006E00E980F2803DBBE
:107730000F2000270E9001E0002780E2761E00D582
:107740002036D348B4002018806C139013A8F0F7AB
:107750002BFF0190502120A8F0F7C5FBBFA25021BC
:1077600020A8019BF0F7CFF9C3482038407A0628BB
:1077700045D0C849611809690A0C0992032807D045
:1077800009B20A91012803D0032801D0092807D1A2
:10779000BF498039611809680A1409B20F9217911C
:1077A000022810D0032814D004281BD0052821D08B
:1077B000062824D0072828D0082837D009284ED0FA
:1077C0000A2851D056E0B4482018006A80B21D90B3
:1077D00050E0B14880302018806E010C80B20C91CE
:1077E000129047E0AB4880302018806D011400B241
:1077F000169119E0A9482018006B1F903AE0A7489D
:1078000080302018806F119034E0A248803020181A
:10781000816DA14880302018806E020C80B21290D9
:107820000C920814169008B2159023E08A48007D47
:10783000012806D0984880302018806E000C0C90EB
:1078400018E0964880302018806F954961180A6CBE
:107850009449611889681C92149111900AE091482A
:1078600020188068149005E0894880382018006846
:1078700000140F908148F0F778FB804C7A1C0019B7
:1078800089A1F9F7C9F97C482038407A012812D03B
:1078900002283DD003284FD0042878D0052870D086
:1078A00006286FD007286ED008286DD009286CD024
:1078B0000A286BD0C1E10A98F0F7C2FD00227C4B88
:1078C000F0F724FD029004911798F0F7B9FD00221B
:1078D000774BF0F71BFD009001910F98F0F7B0FD8A
:1078E0000022734BF0F712FD039108906348F0F704
:1078F0003CFB0499041902980490099805910290A0
:1079000006956CA12046039B089AF9F785F994E146
:107910000A98F0F795FD0022654BF0F7F7FC009010
:1079200001915648F0F721FB0019029568A1099BC7
:107930001D9AF9F771F980E11798F0F781FD00229F
:107940005B4BF0F7E3FC009001910F98F0F778FDA6
:107950000022574BF0F7DAFC069007914748F0F702
:1079600004FB04190C9A099812990290039204914D
:1079700005955CA12046079B069AF9F74DF95CE155
:1079800005E030E045E04EE0F2E015E134E1159825
:10799000F0F756FD0022464BF0F7B8FC0490039137
:1079A0001698F0F74DFD0022414BF0F7AFFC089020
:1079B00002910A98F0F744FD00223D4BF0F7A6FC37
:1079C000009001912D48F0F7D0FA03990319059121
:1079D0000299089803910290069549A11846099AC0
:1079E000F9F71AF929E10A98F0F72AFD0022304B3D
:1079F000F0F78CFC009001912048F0F7B6FA0319DB
:107A00001F980290039545A11846099AF9F704F9C1
:107A100013E11A48F0F7A9FA001920AB44A1119A12
:107A2000F9F7FAF809E11598F0F70AFD0022204B62
:107A3000F0F76CFC069005911698F0F701FD002216
:107A40001B4BF0F763FC049003910A98F0F7F8FCE5
:107A50000022174B72E000009400002025592F25CA
:107A60006D2F25642025483A254D3A255300000006
:107A700000408F40F61200207C000020901E002065
:107A800025642C00220000005C01002014E20108A3
:107A9000800C0808800D0808000F080880100808EE
:107AA00000120808001308082C222564223A00005E
:107AB000000024405B252E31662C252E31662C25B6
:107AC000642C252E31662C222573225D00000000D7
:107AD0005B25642C25642C252E31662C22257322EF
:107AE0005D0000005B252E31662C252E31662C258D
:107AF000642C25642C25642C222573225D00000053
:107B00005B25642C252E31662C252E31662C252EE6
:107B100031662C222573225D000000005B25642C59
:107B2000252E31662C25642C222573225D00000051
:107B30005B25642C222573225D000000F0F7E6FB34
:107B4000009002914A48F0F710FA059908950791BC
:107B500003990591029904190098039102901298D3
:107B6000009044A120460C9B099AF9F755F864E06F
:107B70004848007D012812D00A98F0F761FC0022E5
:107B8000454BF0F7C3FB009001913948F0F7EDF950
:107B90000295001941A10C9AF9F73EF84DE03448DE
:107BA000F0F7E3F914990091001901953FA11C9B8E
:107BB000119AF9F731F840E01798F0F741FC0022EC
:107BC000354BF0F7A3FB009001910F98F0F738FCCC
:107BD0000022314BF0F79AFB069004912448F0F70D
:107BE000C4F9041914980290039534A12046049B0B
:107BF000069AF9F711F820E00F98F0F721FC00221F
:107C0000334BF0F783FB009102900A98F0F718FCD1
:107C10000022214BF0F77AFB019106901448F0F70F
:107C2000A4F900990419049509980391009029A1D9
:107C30002046019B069AF8F7EFFF7F1CFFB20E98D3
:107C4000874200DA7AE528A10948F0F757F9084891
:107C5000F0F78BF9254C81B2207E012806D01098D0
:107C6000401CC0B21090022800D21AE549B0F0BD05
:107C7000901E00205B25642C25642C25642C252E69
:107C800031662C252E31662C252E31662C2225734B
:107C9000225D000094000020000024405B25642C3D
:107CA000252E31662C222573225D00005B25642C75
:107CB00025642C25642C222573225D005B252E3142
:107CC000662C252E31662C25642C222573225D001E
:107CD000000059405B252E31662C25642C252E3161
:107CE000662C222573225D007D0000005C000020D0
:107CF000F0B5FFB082B0FBF783FEFF250446F535F3
:107D0000294603A8F0F7EFF8294603A8F0F7EBF8A7
:107D10002046F0F7A9FB0022F84BF0F7F7FAF84AF3
:107D20006B46527807C3F74CF7A1627A03A8F8F7BD
:107D300073FF607AFD4FFE4EFE4D03AC012812D05A
:107D4000022850D003287CD004287BD005287AD084
:107D5000062879D0072878D0082877D0092876D047
:107D60000A2875D08AE23868F0F7B9FB074603A8FD
:107D70000091F0F7FAF800193A46EFA1009BF8F7E6
:107D80004BFF052010210007F2F758FD074603A816
:107D9000F0F7EBF800193A46EBA1F8F73DFF03A81E
:107DA000F0F7E3F800192A78EAA1F8F735FF03A8FD
:107DB000F0F7DBF800196A8EE9A1F8F72DFFEB4820
:107DC0000068F0F78CFB00900D463068F0F787FBF9
:107DD00006460F4603A8F0F7C8F8041932463B469A
:107DE000E3A1019521E23868F0F779FB06460F46DA
:107DF00003A8F0F7BAF800193B463246CEA1F8F7CF
:107E00000BFF052010210007F2F718FD064603A816
:107E1000F0F7ABF800193246CBA1F8F7FDFE03A846
:107E2000F0F7A3F800192A78CAA1F8F7F5FE03A81D
:107E3000F0F79BF800196A8EC9A1F8F7EDFE03A8C8
:107E400007E00BE04EE087E0BAE0C0E002E131E19C
:107E5000EFE1F0F78AF800192A8FAFE02046F0F73B
:107E600084F800196A8EC8A1F8F7D6FE0520102103
:107E70000007F2F7E3FC074603A8F0F776F80019CD
:107E80003A46B1A1F8F7C8FE03A8F0F76EF800195A
:107E90002A78B0A1F8F7C0FE03A8F0F766F8001939
:107EA000AA8EAFA1F8F7B8FEB0480068F0F717FB4C
:107EB000074600913068F0F712FB064603A80291CE
:107EC000F0F753F800990191001932460097B1A1DB
:107ED000029BF8F7A1FE03A8F0F747F80019EA8E15
:107EE000B3A1E4E03868F0F7FAFA06460F4603A8B3
:107EF000F0F73BF800193B4632468FA1F8F78CFEAD
:107F000003A8F0F732F800196A8E8FA1F8F784FE03
:107F1000052010210007F2F791FC064603A8F0F7B0
:107F200024F8001932468BA1F8F776FE03A8F0F783
:107F30001CF800192A788AA1F8F76EFE9F4800689D
:107F4000F0F7CDFA06460D4603A8F0F70EF8001933
:107F500032462B469AA16DE03868F0F7C0FA064623
:107F60000F4603A8F0F701F8001932463B4672A10C
:107F7000F8F752FE03A8EFF7F8FF00196A8E72A116
:107F8000F8F74AFE052010210007F2F757FC0646D5
:107F900003A8EFF7EAFF001932466EA1F8F73CFE9E
:107FA00003A8EFF7E2FF00192A786DA1F8F734FE75
:107FB00003A8EFF7DAFF864900190A6885A176E081
:107FC0002046EFF7D2FF001985A1AA686FE020468E
:107FD000EFF7CBFF00196A8E6BA1F8F71DFE03A81F
:107FE000EFF7C3FF0019AA8E57A1F8F715FE03A8F3
:107FF000EFF7BBFF0019EA8E56A1F8F70DFE3868BF
:10800000F0F76DFA05460E4603A8EFF7AEFF00192C
:108010002A46334675A1F8F7FFFD68480068F0F777
:108020005EFA05460E4603A8EFF79FFF0019334698
:108030002A4663A1F8F7F0FD70480068F0F74FFAA0
:1080400005460E4603A8EFF790FF00192A4633466F
:108050004AA111E1287D0128204613D0EFF785FFC2
:108060000019AA8E48A1F8F7D7FD3868F0F737FA5B
:1080700005460E4603A8EFF778FF00192A46334657
:108080005FA1F9E0EFF771FF00193FA1AA68F8F7C7
:10809000C3FD03A8EFF769FF00192BA1EA68F8F701
:1080A000BBFD03A8EFF761FF001958A12A69F8F793
:1080B000B3FDE3E0052010210007F2F7BFFB074600
:1080C00003A8EFF752FF00193A462FA1F8F7A4FDD5
:1080D00003A8EFF74AFF00191BA12A69F8F79CFDD6
:1080E00022480068F0F7FBF9054600913068F0F788
:1080F000F6F906460F4603A88EE0000000408F40C8
:108100005C0100205C0000206669656C64313D25DF
:1081100064266669656C64323D252E326626666982
:10812000656C64333D2564260000000024010020B6
:108130001C010020940000206669656C64343D25B4
:108140002E316626000000006669656C64353D25A9
:10815000642600006669656C64363D25642600006F
:108160006669656C64373D256426000018010020AF
:108170006669656C64383D252E3166266669656CD6
:1081800064393D252E3166006669656C64343D2591
:10819000642600006669656C64383D252E31662CC6
:1081A0006669656C64393D252E3166260000000045
:1081B0006669656C6431303D25640000280100204B
:1081C0006669656C64383D252E3166260000000026
:1081D000380100206669656C64383D256400000044
:1081E0006669656C64343D25640000006669656CF1
:1081F00064373D252E316626000000002C0100204A
:108200006669656C64353D252E3166006669656C6E
:1082100064363D2564000000EFF7A7FE0099019148
:10822000041932463B4600951DA12046F8F7F4FCA0
:1082300024E03868F0F753F907461F480091EFF73C
:1082400094FE1D4C3A4600191CA1009BF8F7E4FC73
:108250002046EFF78AFE00196A8E1C49F8F7DCFC0D
:108260003068F0F73CF905460E462046EFF77DFEF4
:1082700000192A46334616A1F8F7CEFC03A8EFF7FB
:1082800074FE04460C48EFF770FE0B4903AB401830
:10829000224612A1F8F7C0FC7FB002B0F0BD00008A
:1082A0006669656C64363D252E3166266669656CA7
:1082B00064373D252E316600901E00206669656C8E
:1082C00064363D252E3166260000000060810108DD
:1082D0006669656C64383D252E32660025642C2560
:1082E000730D0A0010B51048F8F786FC0F48007EA1
:1082F000012806D0022806D0032806D0042806D07C
:1083000008E00BA004E00CA002E00DA000E00EA02D
:10831000F8F772FC05481838C078012802D10CA083
:10832000F8F76AFC10BD0000A4E101085C00002021
:10833000434F41500D0A00005544500D0A00000003
:108340004D5154540D0A00005443500D0A000000D2
:1083500064726167696E6F5F363630315F6F74616A
:108360000D0A000010B5204C2069002804DAF2F74D
:1083700075FA01461DA02EE02069400004D5F2F7F1
:108380006DFA014621A026E02069800004D5F2F7AD
:1083900065FA014626A01EE02069C00004D5F2F768
:1083A0005DFA01462DA016E02069000104D5F2F720
:1083B00055FA014631A00EE02069400104D5F2F7DC
:1083C0004DFA014634A006E02069800105D5F2F798
:1083D00045FA014637A0F8F70FFC20690121C905CD
:1083E0000843206110BD0000401002405B25645D21
:1083F0007265626F6F74206572726F723A4C6F773C
:108400002D706F776572210D0A0000005B25645D99
:108410007265626F6F74206572726F723A57696E1F
:10842000646F77207761746368646F67210D0A0059
:108430005B25645D7265626F6F74206572726F7226
:108440003A496E646570656E64656E742077617418
:108450006368646F67210D0A000000005B25645D9E
:108460007265626F6F74206572726F723A536F66D5
:108470007477617265210D0A000000005B25645D60
:108480007265626F6F74206572726F723A504F52EC
:108490002F504452210D0A005B25645D7265626FA6
:1084A0006F74206572726F723A4E525354210D0AE6
:1084B000000000005B25645D7265626F6F7420656B
:1084C00072726F723A424F52210D0A0030B587B076
:1084D00014216846EFF707FD1C48C26A01210A43D0
:1084E000C262C06A0C030840009405900020052574
:1084F00001912D07029069462846F2F7DDF8002227
:1085000021462846F2F7A3F9FF202D30F1F71EFF90
:10851000012221462846F2F79AF9C820F1F716FF02
:108520000B490CA0F8F768FB3220F1F70FFF00228F
:1085300021462846F2F78BF9C820F1F707FF012200
:1085400021462846F2F783F907B030BD00100240FB
:10855000E612002041542B4E414D4525730D0A0073
:1085600070B500240546264606E0285D0D2801D09A
:108570000A2800D12E55641C2846EFF7F6FCA042CD
:10858000F3D8284670BD0000F1B5FF48FF4C0178D4
:108590002546203586B0012926D014216846EFF7FC
:1085A000A2FC0698FFF7DCFF0698EFF7DEFC024618
:1085B00068460699F7F703F90698EFF7D6FCC00569
:1085C000010E684607782646F14A38363B00F8F730
:1085D00066FB14F9F8F7F6F5F4F3F2F9F1F0EFEEC3
:1085E000EDF9F9F9F9F9ECF900210170DC21E9481C
:1085F000EFF779FCE8A10698EFF78CFC06460A2114
:10860000EFF7A9FC821B31460E31E248103AEFF732
:1086100051FCE54846210646EFF765FCDD48EFF7DB
:10862000A4FC0246DB493046EFF744FCDC21D94884
:10863000EFF759FCDDA10698EFF76CFC06460A211E
:10864000EFF789FC821B31460C31D2480E3AEFF726
:1086500031FCD5488121CA300646EFF744FCCD48AD
:10866000EFF783FC0246CB493046EFF723FCDC21D1
:10867000C848EFF738FCD1A10698EFF74BFC064647
:108680000A21EFF768FC821B31460B31C1480D3AD5
:10869000EFF710FCCC4881210646EFF724FCBD48DB
:1086A000EFF763FC0246BB493046EFF703FCDC21E1
:1086B000B848EFF718FCC5A10698EFF72BFC064663
:1086C0000A21EFF748FC821B31460931B1480B3AC9
:1086D000EFF7F0FBBC48C92181300646EFF703FCF9
:1086E000AC48EFF742FC0246AA493046EFF7E2FBFE
:1086F000DC21A848EFF7F7FBB7A10698EFF70AFCD3
:1087000006460A21EFF727FC821B31460E31A148AD
:10871000103AEFF7CFFBB44881210646EFF7E3FBB1
:108720009C48EFF722FC02469A493046EFF7C2FB1D
:10873000DC219848EFF7D7FBACA10698EFF7EAFBEE
:1087400006460A21EFF707FC821B31460E3191489D
:10875000103AEFF7AFFBA448812181300646EFF7CE
:10876000C2FB8C48EFF701FC02468A493046EFF71E
:10877000A1FBDC218748EFF7B6FBA0A10698EFF735
:10878000C9FB06460A21EFF7E6FB821B3146093199
:1087900080480B3AEFF78EFB7E48EFF715FC20611F
:1087A000DC217C48EFF79FFB0DE01EE23FE231E267
:1087B00023E2EEE111E2EAE1D6E1C6E1BEE1AEE19B
:1087C000A8E195E143E290A10698EFF7A3FB0646E6
:1087D0000A21EFF7C0FB821B31460C316D480E3A7F
:1087E000EFF768FB6B4F3878A072F0F729FFDC21B8
:1087F0003846EFF778FB88A10698EFF78BFB064623
:108800000A21EFF7A8FB821B3146093138460B3AA3
:10881000EFF750FB64482921A1300646EFF763FBD0
:108820003846EFF7A2FB024639463046EFF742FBE7
:10883000DC213846EFF757FB7AA10698EFF76AFB81
:1088400006460A21EFF787FB821B3146093138467D
:108850000B3AEFF72FFB3846EFF7B6FBA082DC218F
:108860003846EFF740FB72A10698EFF753FB064638
:108870000A21EFF770FB821B3146093138460B3A6B
:10888000EFF718FB3878DC2130382076B8783038AC
:1088900028733846EFF727FB68A10698EFF73AFBF5
:1088A00006460A21EFF757FB821B3146083138464E
:1088B0000A3AEFF7FFFA3846EFF786FB2077DC211C
:1088C0003846EFF710FB60A10698EFF723FB06464A
:1088D0000A21EFF740FB821B31460A3138460C3A39
:1088E000EFF7E8FA3846EFF76FFB6870DC2138469F
:1088F000EFF7F9FA57A10698EFF70CFB06460A21A5
:10890000EFF729FB821B31460D3138460F3AEFF75E
:10891000D1FA3846EFF758FB6077DC213846EFF79D
:10892000E2FA50A10698EFF7F5FA06460A21EFF7AA
:1089300012FB821B31460B3138460D3AEFF7BAFA7B
:108940003846EFF741FBE0772C213846EFF703FB81
:108950002C21EFF700FB401CEFF736FBA077DC2162
:108960003846EFF7C0FA42A10698EFF7D3FA04466B
:108970000A21EFF7F0FA021B21460C3138460E3A75
:10898000EFF798FA38467BE0940100205C00002065
:10899000FFFF0000A118002041542B5345525641BF
:1089A000444452223A2200000613002041542B4333
:1089B0004C49454E54223A220000000041542B55A8
:1089C0004E414D45223A22005114002041542B5073
:1089D0005744223A2200000041542B505542544F34
:1089E000504943223A2200009B15002041542B534A
:1089F0005542544F504943223A22000041542B54CF
:108A00004443223A2200000041542B494E544D4F1A
:108A100044223A220000000041542B41504E223A99
:108A20002200000041542B355654223A2200000007
:108A300041542B50524F223A2200000041542B54F3
:108A400052223A220000000041542B4E4F5544223E
:108A50003A22000041542B43535154494D45223A88
:108A60002200000041542B424B444E53223A220034
:108A700041542B544C534D4F44223A2200000000E5
:108A8000EFF7A2FA002800D0012068732C21724869
:108A9000EFF761FA2C21EFF75EFA401CEFF794FA3A
:108AA000A873DC216C48EFF71EFA6CA10698EFF76B
:108AB00031FA04460A21EFF74EFA021B21460A3129
:108AC00065480B3AEFF7F6F96348EFF77DFA664928
:108AD0000870FAF7A7FC65A15F48EFF71BFA0028BA
:108AE0007AD0F1F7BBFE014661A0F8F785F82AE0DD
:108AF000042971D1014640788978000409020843AD
:108B00006946C978684A084301463C39914263D8AE
:108B1000206198E002295FD14078607293E00429D7
:108B20005AD1014640788978000409020843694611
:108B3000C978084390424FD8608384E002294BD122
:108B40004078FF2848D1F8F7F5F804297DD101468F
:108B5000407889780004090208436946C9780843C7
:108B6000904272D8A0826EE004296ED1014640780E
:108B7000A0728978E1726946C9782173F0F760FDC7
:108B8000E07AF0F735FE207BF0F7D8FD5BE00229B4
:108B900006D0062959D14078002807D0012606E0E2
:108BA0004178314801700120404913E000266946B0
:108BB00048880B79E12740BA49793F01B84201D38F
:108BC000904240D120293ED82E7460862377697068
:108BD00037490020087036E037E0032935D10146D7
:108BE00040788978207629732DE002292DD14078AC
:108BF000411E1D2929D8607725E0052925D1401C73
:108C0000EFF7D8F900BA6946000A0979000208436B
:108C1000B06018E0052918D1401CEFF7CBF900BA75
:108C20006946000A097900020843F0600BE0052953
:108C30000BD1401CEFF7BEF900BA6946000A09796A
:108C4000000208433061FAF7EDFB07B0F0BD19A050
:108C5000F7F7D2FFF9E70000A118002041542B4D8F
:108C6000514F53223A2200004000002041545A0044
:108C70005B25645D52657365742074686520646566
:108C800076696365206166746572207265636569E3
:108C900076696E672074686520646F776E6C696EA4
:108CA0006B2E2E2E0D0A0000C3FFFF003E00002099
:108CB00047010020446F776E73747265616D207098
:108CC0006172616D65746572206572726F720A00FF
:108CD000F0B585B00026019663A002960068039067
:108CE00062A0006804906420F1F730FB03A8EFF75E
:108CF0003CF97D2483B2E40003AA80215C480094FF
:108D0000F1F7DEFE6420F1F721FB022301AA8121A5
:108D100057480094F1F74CFE684600790102684616
:108D20004079081880B280088000EFF79DFB002290
:108D3000504BEFF783FA0F27FF433A46EFF75EFBFE
:108D400000224D4BEFF76CFAEFF7DDFB4B49054680
:108D5000884203DCFF20C005C54200D3484D019680
:108D600064200296F1F7F2FA04A8EFF7FEF883B256
:108D700004AA80213E480094F1F7A2FE6420F1F796
:108D8000E5FA022301AA812139480094F1F710FE87
:108D900068460079010268464079081880B2800868
:108DA0008000EFF761FB374A374BEFF747FA3A4657
:108DB000EFF724FB354A364BEFF732FAEFF7A3FB18
:108DC00034490446884202D83348844200DD334C9B
:108DD00033480078002819D12846EFF780FB074672
:108DE0000E46F1F73BFD01463A4633462DA0F7F714
:108DF00003FF2046EFF773FB07460E46F1F72EFD03
:108E000001463A4633462EA0F7F7F6FEFF20C0058E
:108E1000304EC44206D231462046EFF7E2F8EFF773
:108E200031FB08E02C492046EFF7DBF8EFF72AFB8F
:108E30000F2109030843294F3146F8622846EFF70E
:108E4000D0F8EFF71FFB1649B8620978002909D05E
:108E5000234A314610802046EFF7C3F8EFF712FBA4
:108E60002049088005B0F0BDF5000000F3000000C7
:108E70007804002000405F40000018400000C84215
:108E80000000CA42D7A3703D0AF76540CDCCCCCCD8
:108E9000CC6C4740000020C20000FA420000FC42B7
:108EA000190000205B25645D48756D6964697479FB
:108EB000203D252E326620252572680D0A0000000F
:108EC0005B25645D74656D203D252E326620430D63
:108ED0000A00000000002041000020C19400002092
:108EE0004E000020500000203EB50FA00068029008
:108EF00000207D24E4000190012302AA8021009437
:108F00000A48F1F7DDFD022301AA812107480094F8
:108F1000F1F74EFD68460079002803D16846407994
:108F2000002800D001203EBDE700000078040020AA
:108F3000F0B585B00020019002904AA0006803902F
:108F400000F0C8F86420F1F701FA7D24E400022360
:108F500003AA882144480094F1F7B2FD062301AA30
:108F6000892141480094F1F723FD6846C079010248
:108F70006846007A081880B280088000EFF774FA1B
:108F800000223A4BEFF75AF9394C00222346EFF70B
:108F9000BDF9EFF7B8FA37490546884203DCFF20F0
:108FA000C005C54200D30025684600790102684625
:108FB0004079081880B2EFF757FA00222E4BEFF7EE
:108FC0003DF900222346EFF7A1F900222B4BEFF7E2
:108FD00027F9EFF798FA2A490446884202D8294827
:108FE000844200DD284C2948056044602848007808
:108FF000002819D12846EFF772FA07460E46F1F716
:109000002DFC01463A46334622A0F7F7F5FD2046EF
:10901000EFF765FA07460E46F1F720FC01463A469F
:10902000334623A0F7F7E8FD264E20463146EEF7FB
:10903000D8FFEFF727FA244C0746E062314628466E
:10904000EEF7CFFFEFF71EFA1149A0620978002969
:1090500003D01E4908801E490F8000F051F805B06A
:10906000F0BD0000E000000078040020000059403E
:10907000E0FFEF400000C84200E06540008046404D
:10908000000020C20000FA42000002431801002044
:10909000190000205B25645D48756D696469747909
:1090A000203D252E326620252572680D0A0000001D
:1090B0005B25645D74656D203D252E326620430D71
:1090C0000A00000000002041940000204E00002013
:1090D000500000201CB508A00068019001A8EEF720
:1090E00044FF83B27D20C000009001AA882103487C
:1090F000F1F7E6FC1CBD00002032000078040020DF
:109100001CB508A00068019001A8EEF72EFF83B2FD
:109110007D20C000009001AA88210348F1F7D0FC0F
:109120001CBD0000240B0000780400203EB50FA0F9
:109130000068029000207D24E4000190022302AA2E
:10914000882100940A48F1F7BBFC022301AA892177
:1091500007480094F1F72CFC68460079002803D1F9
:1091600068464079002800D001203EBDF32D000064
:1091700078040020F8B51D4800210170F1F740F98E
:109180001B4F00251A4EC837AC00A019F1F7F0F8B4
:10919000E019F1F7EDF817482018F1F7E9F815484C
:1091A000C8302018F1F7E4F813482018F1F7E0F878
:1091B0001148C8302018F1F7DBF810482018F1F7F3
:1091C000D7F80E48C8382018F1F7D2F80B48C83045
:1091D0002018F1F7CDF80A482018F1F7C9F86D1CEE
:1091E000EDB2202DD0D3F1F7D7F8F8BD7C000020E8
:1091F000000C0808900D0808200F080878110808CE
:109200000813080810B50E4900200E4A08708300A4
:109210009B189B6C002B0BD0401CC0B22028F6D3AF
:10922000002083009C18A36CE46CA34202D3401C72
:10923000087010BD401CC0B22028F2D310BD000041
:109240007C000020800C0808F0B5DC48DC4F047876
:109250008FB00025202C00D30024A000C1198E6CF3
:10926000002E62D0D5492039497A012912D002292D
:1092700040D0032961D004297ED005297DD006295C
:109280007CD007297BD008297AD0092979D00A29EE
:1092900078D04AE0CA49803941180968C94A80181B
:1092A00000690A14030C09B200B2099303920C91ED
:1092B000EFF7C6F80022C44BEFF728F802910490AC
:1092C0000C98EFF7BDF80022BF4BEFF71FF80090A6
:1092D00001910398EFF7B4F80022BB4BEFF716F8B3
:1092E000029B0593099B024602930B46B7A0F7F732
:1092F00083FC17E0C1494118096AB24A8018006925
:1093000089B20A91010C00B20991EFF799F8002295
:10931000AD4BEEF7FBFF00900191B9A0099A0A99B5
:10932000F7F76AFC3046F0F79DFC641C6D1CEDB24B
:10933000E4B2202D8ED30FB0F0BDA1498039411881
:109340000968A04A82181269AC4B8033C018806E3D
:109350000B140393030C80B209B2120C0B90099208
:109360000A930846EFF76CF80022974BEEF7CEFF12
:109370000E900091039806E01BE04DE066E06DE082
:10938000A8E0CFE0F5E0EFF75BF800228E4BEEF7B8
:10939000BDFF844609A80DC803920493009A029069
:1093A0000E980192009062460B46A0A0F7F724FCAD
:1093B000B8E7844941180969824A80328018806D73
:1093C0000A0C09B205910114099200B20C91EFF751
:1093D00037F800227C4BEEF799FF009003910C9830
:1093E000EFF72EF80022784BEEF790FF0A910C90E1
:1093F0000598EFF725F80022734BEEF787FF02463A
:109400000A9B009802900C98019300900B4693A041
:109410000999F7F7F1FB85E76A49411809699E4AFE
:109420008018006B0A0C09B2039009920846EFF706
:1094300007F80022644BEEF769FF024603980B46DB
:10944000009096A00999F7F7D7FB6BE79249803116
:109450004018816F9BA0F7F7CFFB63E7594941188C
:109460000969584A80328218926D644B8033C01863
:10947000806E0B0C0993030C80B20B900A9308B218
:10948000059010140C9010B2EEF7DAFF00224E4B4C
:10949000EEF73CFF029104900C98EEF7D1FF00220A
:1094A000494BEEF733FF0C9003910598EEF7C8FF98
:1094B0000022454BEEF72AFF0B4602990246059122
:1094C0000C9802900193009209A90EC98148F7F700
:1094D00093FB27E739491831097D012916D039490D
:1094E00041180969454A80328018806E000C0A9044
:1094F00008B2EEF7A5FF0022334BEEF707FF024656
:109500000B4675A00A99F7F777FB0BE762498031A4
:109510004118896F784A8218126C784BC01883689A
:1095200077A0F0E72649803941180968734A801806
:1095300080680A1409B2019003920846EEF780FF92
:109540000022214BEEF7E2FE00910A900398EEF71D
:1095500077FF00221C4BEEF7D9FE02460198009BD4
:1095600002900A98019300900B466FA0F7F744FB16
:10957000D8E6144941180969114A803A80180068F0
:109580000214080C099008B205901046EEF758FF37
:1095900000226E4BEEF7BAFE029003910598EEF7AB
:1095A0004FFF0022084BEEF7B1FE024609980090EB
:1095B0000B4667A0F7F720FBB4E600007C00002014
:1095C000800C0808800D0808000024406D6F64318D
:1095D0003A2074656D3A252E32662068756D3A25FD
:1095E0002E3266206164313A25642064733138621A
:1095F00032305F313A252E3166202000000F0808F6
:109600006D6F64323A2064697374616E63653A25E4
:1096100064206164313A25642064733138623230E9
:109620005F313A252E316620200000006D6F6433D3
:109630003A2074656D3A252E32662068756D3A259C
:109640002E3266206164313A2564206164323A2505
:1096500064206164333A2564202000006D6F643417
:109660003A6164313A256420647331386232305F84
:10967000313A252E316620647331386232305F32E0
:109680003A252E316620647331386232305F333AC6
:10969000252E316620200000801008086D6F64358B
:1096A0003A6164313A256420647331386232305F44
:1096B000313A252E3166207765696768743A2564EA
:1096C000202000006D6F64363A636F756E743A2522
:1096D0006420200058E101086D6F64383A616463CA
:1096E0003A25642020647331386232305F313A2584
:1096F0002E31662020000000001208080013080820
:109700006D6F64383A636F756E74313A256420204A
:10971000636F756E74323A25642020636F756E74C2
:10972000333A2564200000006D6F64393A20746577
:109730006D3A252E32662068756D3A252E326620E8
:10974000636F756E743A2564202000000000594054
:109750006D6F6431303A647331386232305F313A60
:10976000252E3166206164313A25642074656D3A96
:10977000252E326620200000F8B5764C207820286F
:1097800001D300202070734F203F787A3D46183D6A
:10979000012805D0032803D0092801D00A280FD1B9
:1097A000A889060468890643F0F72AFE20786A49EA
:1097B0008000411832460220F0F7F8FDF0F7ECFD8A
:1097C000644E787A183606285AD0092870D0644832
:1097D00062490068EEF705FCEEF754FE87B2E889AF
:1097E00000040743F0F70CFE20785E498000411822
:1097F0003A460220F0F7DAFDF0F7CEFD3046383871
:10980000407A02280FD0584F032855D0042814D08E
:1098100005282BD0062833D0072838D0082848D070
:10982000092845D07CE0AD8AF0F7EAFD20784E4962
:109830008000C83922E02A466DE0484F4B4839463F
:109840000068EEF7CEFBEEF71DFE050448483946EA
:109850000068EEF7C6FBEEF715FE80B20543F0F7A1
:10986000CFFD207881003F48C83070E0414805684E
:10987000F0F7C6FD20783C498000C8314118DAE78E
:10988000B568F0F7BDFD207881003B485FE02846D1
:10989000298A408A0D040543F0F7B2FD20782A4654
:1098A0008000C1190220F0F781FDF0F775FDC4E7D3
:1098B00047E0307D01280AD02846298A408A0D04D5
:1098C0000543F0F79DFD20788000C119B3E7B0682B
:1098D00000903769F568F0F793FD2078009A8100D1
:1098E000254809180220F0F761FDF0F755FDF0F763
:1098F00087FD207820498000C83141182A4602207F
:10990000F0F754FDF0F748FDF0F77AFD20783A467D
:1099100081001A4809180220F0F748FDF0F73CFDD5
:10992000F0F76EFD20780C498000C8314118022004
:10993000B269F0F73BFDF0F72FFD2078401C207056
:10994000F8BD3569F0F75CFD207881000B480918F7
:1099500071E700007C000020000C08080000204196
:1099600024010020900D0808E80F080828010020B5
:109970002C0100203801002078110808081308087D
:1099800010B500210A4604E0202B01D04354491CA5
:10999000521C835C002BF7D10022425410BD000002
:1099A000F0B5FFB082B0012149026846EEF79BFA9C
:1099B00000242546194F0FE03E193046EEF7FAFA1B
:1099C00000BA000AF17800020843AA00241D694683
:1099D0006D1C8850A4B2ADB21048EEF7C6FAA04292
:1099E000EAD80F4C0F4DE07B042140024019F0F7FC
:1099F00001F8E07B8022400240196946F0F726F822
:109A0000E07B401CC0B2E073142801D10020E07359
:109A1000F9F708FD7FB002B0F0BD0000901A0020F9
:109A20007C000020005E02081CB5002100910AA005
:109A30006B46019107E002781446303C092C02D8AD
:109A40005A54491CC9B20278401C002AF3D1184666
:109A5000EEF7BAFA80B21CBD76312E332E300000FC
:109A60000FB410B504AA039900F004F810BC08BCA8
:109A700004B01847F7B5FFB091B00D460646EEF7B3
:109A800074FA079000200990049028786D1C002833
:109A900070D0252832D100220823114604242878CA
:109AA0006D1C372840D014DC32283DD008DC00285B
:109AB0007ED0252822D0302836D0312843D133E03B
:109AC000332831D034282FD035282DD036283AD11C
:109AD0002AE064282FD008DC382825D0392823D064
:109AE000442826D058282ED145E0682811D06C286B
:109AF00017D0752821D0782825D13CE00799002976
:109B00007EDD3178814235D10798401E761C079062
:109B1000BBE72878682801D02143C0E719436D1CB2
:109B2000BDE701200143BAE70A277A431218303A09
:109B3000B5E701200143032003E001230320DB02FA
:109B400019430A230493079B002B59DD03289CD15A
:109B50005C48521E824200D90246521C0520000376
:109B60000143029200200EAA01910C920D90014631
:109B7000029A77E0A4E00123DB02032019431023BB
:109B8000E0E73478412C17D00DDC22462B3A130045
:109B9000F7F785F80F506A4B6A6A3E3E3E3E3E3EFE
:109BA0003E3E3E3E6A00612C1AD015DC224600E0A3
:109BB00081E0423A042A57D8049A0A2A54DD052340
:109BC000019A1B039A430192049AD317EDF7EAFE18
:109BD000E20F3623DB4312E02246623A042A43D8DE
:109BE000049A0A2A40DD0523019A1B039A43019235
:109BF000049AD317EDF7D6FEE20F5623DB4300E0BD
:109C000056E00027FF43E3187A41C01851411BE09A
:109C10000523019A1B039A430192049AD317EDF787
:109C2000C1FEE20F2F23DB43E9E7019A920401D43E
:109C300001220D92019AD20416D50123019A1B0329
:109C40009A435B001A4301920C9A14700C9A521CAE
:109C50000C92079A521E0792002A05DD029A521EA4
:109C6000761C0292002A8CD10199490428D40C99BF
:109C700000220A700D99002900D040420199C907BD
:109C800003D092990A6810600CE00199490703D546
:109C900092990A68108005E001990907F1D5929917
:109CA0000A681070091D09989291401C0990ECE611
:109CB0000998002801D10020C0437FB014B0F0BD46
:109CC0000998FAE7FF010000F8B520A00068002518
:109CD0001F4C2E4600906D1CEDB26B4602220121F6
:109CE0004820F6F78FF8012824D08220F0F72EFBC9
:109CF00000256D1CEDB26B46022200214820F5F7CD
:109D000075FF01281CD001202070684600880625B8
:109D100040BA00B2ED43EEF793FB2A46EEF76EFB36
:109D2000EEF7F1FB0B49884202DC0B49884200D96F
:109D30002670F8BD1420F0F709FB042DCBD3F7E70C
:109D40001420F0F703FB042DD3D3F1E70C2000001F
:109D5000480000200000164300005CC2F0B5044635
:109D6000FE4887B00078002813D005252D07202154
:109D70002846F0F763FD012805D040212846F0F77A
:109D80005DFD012805D13220F0F7E0FAF4A0F6F7E6
:109D900033FF0421206CEEF7A6F8F44D0020A862F2
:109DA00021464031E86200918880F14800224078E5
:109DB000A0712021EF48F0F74AFD28463838808A04
:109DC000FF30F530F0F7C2FAF9F71AFE2086F0F707
:109DD00045FD0146228EE8A0F6F70EFF206CEEF757
:109DE000C4F8216C66224018EBA1F6F715FF002796
:109DF000EA4E08E0EEF7B9F8216CF25D4018E6A1F2
:109E0000F6F70AFF7F1CE548EEF7AFF8B842206C82
:109E1000F0D8EEF7AAF80146206C66220818DEA1F9
:109E2000F6F7FAFE00273046103001900BE0EEF70F
:109E30009CF80146206C0818F1190A7CD6A1F6F7A7
:109E4000EBFE7F1C0198EEF790F8B842206CEED83C
:109E5000EEF78BF8216C04224018D1A1F6F7DCFE56
:109E6000FFF7E2FD0646206CEEF77FF8216C3246E4
:109E70004018CBA1F6F7D0FE206CEEF776F8216CF7
:109E8000228E4018C8A1F6F7C7FE206CEEF76DF8D9
:109E9000216CA2794018C2A1F6F7BEFE206CEEF745
:109EA00064F8216CB14E4018383E727ABCA1F6F7C6
:109EB000B3FE707ABE4F183E012812D0022874D02B
:109EC000032873D0042872D0052871D0062870D0DA
:109ED00007286FD008286ED009286DD00A286CD0CA
:109EE000FEE30120EFF70EF83946EEF77AF8EEF7C9
:109EF000C9FAE061AF48EEF745FD6086F3F7D2FAA4
:109F00003078012802D0022803D004E0FEF7E0FEFA
:109F100001E0FFF70DF8A848F0F7AAFF1420F0F7CA
:109F200015FA206CEEF721F8216C4018E169002940
:109F300001DB302200E0462297A1F6F76DFE206C8F
:109F4000EEF713F8216CE2694018002A00DA524259
:109F50009AA1F6F761FE052010210007F0F76EFCCC
:109F60000646206CEEF701F8216C324640188CA1B1
:109F7000F6F752FE206CEDF7F8FF216C22784018BE
:109F800087A1F6F749FE206CEDF7EFFF216C6278B0
:109F9000401883A1F6F740FE206CEDF7E6FF01467E
:109FA000206C628E081880A1FDE31DE0A3E05EE155
:109FB000F3E179E281E233E3D0E3F5E376A1F6F76A
:109FC0002BFE206CEDF7D1FF216CE26A4018002ACD
:109FD00000DA524279A1F6F71FFE206CEDF7C5FFBB
:109FE000216CA26A401884E00120EEF78BFF39460D
:109FF000EDF7F7FFEEF746FAE0616E48EEF7C2FCC8
:10A000006086707801280FD0022814D003281AD057
:10A0100000202087206CEDF7A8FF216C4018E16933
:10A02000002925DB302224E0F3F798F820876248E6
:10A03000F0F71EFFEEE7F6F7A7FB2887EFF764FDC2
:10A04000EFF79EFDE6E7F6F791FBF3F78FFA00F0E6
:10A05000DBFE01225B495C48F2F77CFA6420F0F7F2
:10A0600075F9F6F727FC00F0F1FEF6F75BFBD0E799
:10A07000462249A1F6F7D0FD206CEDF776FF216C62
:10A08000E2694018002A00DA52424CA1F6F7C4FDFA
:10A09000052010210007F0F7D1FB0646206CEDF7F4
:10A0A00064FF216C324640183DA1F6F7B5FD206CE7
:10A0B000EDF75BFF216C2278401839A1F6F7ACFD73
:10A0C000206CEDF752FF216C6278401834A1F6F74E
:10A0D000A3FD206CEDF749FF216C628E401832A180
:10A0E000F6F79AFD206CEDF740FF0146206C228FB9
:10A0F00008182DA120E32F48EEF744FC6086334872
:10A10000EEF740FCA0860120EEF73CFCE086F3F77A
:10A11000C9F93078012802D0022803D004E0FEF704
:10A12000D7FD01E0FEF704FF2348F0F7A1FE14205D
:10A13000F0F70CF9206CEDF718FF216C628E4018D7
:10A1400019A1F6F769FD052010210007F0F776FB4D
:10A150000646206CEDF709FF216C39E0160000205F
:10A1600041542B5057524D320D0A000094000020EC
:10A170005C010020000400505B25645D72656D6128
:10A18000696E696E672062617474657279203D251D
:10A1900064206D760D0A000025630000E6120020A1
:10A1A000252E327800000000252E347800000000B3
:10A1B000000020411000001078040020252E337884
:10A1C00000000000030000205805002002000004E9
:10A1D00040183246F849F6F71FFD206CEDF7C5FE32
:10A1E0000146206C22780818F349F6F715FD206C1B
:10A1F000EDF7BBFE0146206C62780818EE49F6F7D1
:10A200000BFD206CEDF7B1FE216CA28E4018EA49DF
:10A210000831F6F701FD206CEDF7A7FE216C401820
:10A22000E16A002901DB302200E04622E3A1F6F7D3
:10A23000F3FC206CEDF799FE216CE26A4018002ACD
:10A2400000DA5242DC491C31F6F7E6FC206CEDF7EF
:10A250008CFE216CA26A4018D7490831F6F7DCFC65
:10A26000206CEDF782FE216CE28E401841E7D44865
:10A27000EEF788FB60860120EEF744FE3946EDF7E5
:10A28000B0FEEEF7FFF8E0610120EEF7E9FE0220F4
:10A29000EEF738FE3946EDF7A4FEEEF7F3F820624C
:10A2A0000220EEF7DDFE0320EEF72CFE3946EDF737
:10A2B00098FEEEF7E7F860620320EEF7D1FE206C1F
:10A2C000EDF753FE216C4018E169002901DB3022D3
:10A2D00000E04622B9A1F6F79FFC206CEDF745FEA1
:10A2E000216CE2694018002A00DA5242B2491C315E
:10A2F000F6F792FC206CEDF738FE216C628E401868
:10A30000AD490831F6F788FC052010210007F0F769
:10A3100095FA0646206CEDF728FE216C324640186F
:10A32000A549F6F779FC206CEDF71FFE216C227829
:10A330004018A149F6F770FC206CEDF716FE216C71
:10A34000627840189C495DE1302200E046229BA1E2
:10A35000F6F762FC206CEDF708FE216C226A4018CB
:10A36000002A00DA524294491C31F6F755FC206C61
:10A37000EDF7FBFD216C4018616A00297EDB30227D
:10A380008EA1F6F749FC206CEDF7EFFD216C626AB7
:10A39000401886E288491C31CEE1B078002811D1FE
:10A3A000F6F702FCF6F7D2FBEFF768FCFF20F5307A
:10A3B000EFF7CCFFEFF762FCF6F7E6FBF6F7B6FB3C
:10A3C0000120B0700120EEF79DFD3946EDF709FE42
:10A3D000EEF758F8E0617A48EEF7D4FA6086F6F7BF
:10A3E000E3FBF6F7B3FBEFF751FC0646F6F7CCFBC1
:10A3F000F6F79CFBF0F732FA0146324671A0F6F709
:10A40000FBFB206CEDF7B1FD0146206C0818E169FB
:10A41000002901DB302200E0462268A1F6F7FCFBB0
:10A42000206CEDF7A2FD0146206CE2690818002AB5
:10A4300000DA524260491C31F6F7EEFB206CEDF772
:10A4400094FD0146206C628E08185B490831F6F7CE
:10A45000E3FB052010210007F0F7F0F90746206C18
:10A46000EDF783FD0146206C3A4608185249F6F78D
:10A47000D3FB206CEDF779FD216C00E0CEE04018B5
:10A4800022784D49F6F7C8FB206CEDF76EFD216C84
:10A49000627840184849F6F7BFFB206CEDF765FD80
:10A4A000216C3246401806E0206CEDF75EFD014657
:10A4B000206CAA68081849A13EE14148EEF762FA0B
:10A4C00060864848EEF75EFAA0860120EEF75AFA59
:10A4D000E0860120EEF716FD3946EDF782FDEDF737
:10A4E000D1FFE0610120EEF7BBFD0220EEF70AFD8F
:10A4F0003946EDF776FDEDF7C5FF20620220EEF755
:10A50000AFFD0320EEF7FEFC3946EDF76AFDEDF7EF
:10A51000B9FF60620320EEF7A3FD052010210007BC
:10A52000F0F78CF90646206CEDF71FFD216C3246E2
:10A5300040182149F6F770FB206CEDF716FD014637
:10A54000206C227808181C49F6F766FB206CEDF7A2
:10A550000CFD0146206C627808181749F6F75CFB81
:10A56000206CEDF702FD0146206C628E081812493E
:10A570000831F6F751FB206CEDF7F7FC0146206C33
:10A58000A28E08180C490831F6F746FB206CEDF74F
:10A59000ECFC0146206CE28E081807490831F6F7FA
:10A5A0003BFB206CEDF7E1FC0146206C0818E169EB
:10A5B000002919DB302218E0A0A101082563000062
:10A5C000100000105B25645D576569676874206939
:10A5D0007320256420670D0A00000000252E3878BE
:10A5E00000000000020000044622FEA1F6F714FB62
:10A5F000206CEDF7BAFC216CE2694018002A00DA01
:10A600005242F949F6F708FB206CEDF7AEFC216CDD
:10A610004018216A002900DA98E695E64622AFE65E
:10A62000287D012823D0F148EEF7ACF9A086206CF4
:10A63000EDF79BFC216CA28E4018EB491439F6F71C
:10A64000EBFA0120EEF75EFC3946EDF7CAFCEDF7B8
:10A6500019FFE0610120EEF703FD206CEDF785FCAA
:10A66000216C4018E16900291ADB302219E0206CC6
:10A67000EDF77BFC216CAA684018DD49F6F7CCFAAF
:10A68000206CEDF772FC216CEA684018D849F6F7A7
:10A69000C3FA206CEDF769FC216C2A6940180AE7BF
:10A6A0004622D0A1F6F7B8FA206CEDF75EFC216CDB
:10A6B000E2694018002A00DA5242CB49F6F7ACFAB8
:10A6C000206CEDF752FC216C22784018C6491C39E9
:10A6D000F6F7A2FA206CEDF748FC216C401800E078
:10A6E0002CE0C14962781C39F6F796FA206CEDF738
:10A6F0003CFC216CA2784018BB491C39F6F78CFA57
:10A70000206CEDF732FC216CE2784018B6491C3918
:10A71000F6F782FA206CEDF728FC216C22794018BC
:10A72000B1491C39F6F778FA206CEDF71EFC216C64
:10A7300062794018AC491C39F6F76EFA206CEDF7D7
:10A7400014FC216C4018AB498A69A949F6F764FAF0
:10A75000A84818380490067800273FE2F2F7A2FED6
:10A760003078012802D0022803D004E0FEF7B0FAC6
:10A7700001E0FEF7DDFBA048F0F77AFB1420EFF7CD
:10A78000E5FD052010210007F0F758F80646206C7B
:10A79000EDF7EBFB216C3246401893491C39F6F774
:10A7A0003BFA206C01E006E014E0EDF7DEFB216CE3
:10A7B0002A6940188E49F6F72FFA206CEDF7D5FB81
:10A7C000216C4018E16A002902DB3022FFF7F6FB1A
:10A7D0004622FBE7F5F79AF9F9F7B2FA8748EEF760
:10A7E000D1F860860120EEF78DFB3946EDF7F9FBD5
:10A7F000EDF748FEE0610120EEF732FC206CEDF74A
:10A80000B4FB0146206C0818E169002901DB302205
:10A8100000E0462273A1F6F7FFF9206CEDF7A5FBE7
:10A820000146206CE2690818002A00DA52426E499B
:10A83000F6F7F2F9206CEDF798FB0146206C628E7A
:10A84000081869491439F6F7E7F9206CEDF78DFB24
:10A850000146206C2278081863491C39F6F7DCF9A8
:10A86000206CEDF782FB0146206C627808185E4987
:10A870001C39F6F7D1F9206CEDF777FB0146206C17
:10A880000818E16A002901DB302200E0462255A1C8
:10A89000F6F7C2F9206CEDF768FB0146206CE26A1E
:10A8A0000818002A00DB75E5524273E5761E00D5D4
:10A8B00020365348B5002818806C03904D4838382E
:10A8C000407A06287ED008287DD0092828D04D4817
:10A8D000281800690190206CEDF747FB216C4318A4
:10A8E00001984149020C14391846F6F795F9414888
:10A8F0003838407A032813D0206CEDF736FB216CF2
:10A90000401801998AB238491439F6F785F939485F
:10A910003838407A012803D0032801D009281AD1F9
:10A9200037488038281801680191206CEDF71DFB2D
:10A93000216C401801990A0C2B491439F6F76CF96F
:10A94000206CEDF712FB216C401801998AB2264960
:10A950001439F6F761F927483838407A02280FD1C0
:10A9600029482818006A0190206CEDF7FEFA216C46
:10A97000431801981C4982B214391846F6F74CF96D
:10A980001C483838407A03281AD11F4880302818CC
:10A99000816E0191206CEDF7E8FA216C4018019965
:10A9A0000A0C11491439F6F737F9206CEDF7DDFA86
:10A9B000216C401801998AB20B491439F6F72CF929
:10A9C0000C4801E047E091E03838407A04282DD166
:10A9D0000C4880302818816D0191206CEDF7C5FA84
:10A9E000216C13E025630000BCA1010802000004F3
:10A9F000DCA501089400002078040020100000105D
:10AA0000800C0808800D0808000F080840180199FC
:10AA10000A0C8549F6F700F9206CEDF7A6FA216CCF
:10AA2000401801998AB28049F6F7F6F87F48407AD3
:10AA300005280CD17E482818006B0190206CEDF79A
:10AA400094FA216C019A40187A49F6F7E5F87748AC
:10AA5000407A06280DD1764880302818806F019002
:10AA6000206CEDF782FA216C019A40187149F6F7D3
:10AA7000D3F86E48407A072834D16F482818806D83
:10AA800002906E482818806E0190206CEDF76DFAE8
:10AA9000216C431801986449020C1846F6F7BCF87B
:10AAA000206CEDF762FA0146206C0B1801985E49A4
:10AAB00082B21846F6F7B0F8206CEDF756FA216C22
:10AAC000431802985849020C1846F6F7A5F8206C6E
:10AAD000EDF74BFA216C43180298534982B218469D
:10AAE000F6F79AF85148407A082822D14F48383072
:10AAF000007D012822D051482818806E02904E48CF
:10AB00008038281801690191206CEDF72EFA216C2C
:10AB1000431802984449020C1846F6F77DF8206C59
:10AB2000EDF723FA216C401801998AB23E49F6F7F5
:10AB300073F83E48407A092827D033E03C488030FB
:10AB40002818806F05903E482818006C02903D48F8
:10AB5000281880680190206CEDF707FA216C059A9F
:10AB600040183449F6F758F8206CEDF7FEF9216CDF
:10AB7000029A40182F49F6F74FF8206CEDF7F5F9D7
:10AB8000216C019A40182B49D1E72E48281880687B
:10AB90000190206CEDF7E9F9216C019A40182549E4
:10ABA000F6F73AF82148407A0A280BD126482818A7
:10ABB0000568206CEDF7D9F9216C2A0C40181A4968
:10ABC000F6F72AF8206CEDF7D0F90146206C039ACD
:10ABD00008181849F6F720F87F1CFFB2049840784F
:10ABE000B84200D962E6206CEDF7BFF900990F4D2D
:10ABF0008880287E022801D0042806D1206CEDF739
:10AC0000B4F9C003010C009881800020A871E8719C
:10AC10002872012220210D48EFF719FE0C48F0F7A9
:10AC200089F907B0F0BD0000A8A101085C00002070
:10AC300080100808DCA50108000E0808800F08082D
:10AC40000012080800130808000C0808000400504F
:10AC5000C404002070B50446F8F7D2FE2086EFF752
:10AC6000FDFD0146228E2FA0F5F7C6FFF8F7DCFEAA
:10AC7000344C607A09280FD1052001210007EFF735
:10AC8000DDFD012820D0EFF7E9FD01462EA0F5F704
:10AC9000B3FF607A092843D02A4DC0B23835062860
:10ACA0001CD0082824D00121C9032D48EFF7C6FD88
:10ACB00001280ED0EFF7D2FD01462AA0F5F79CFF40
:10ACC000607A06280AD010E0EFF7C8FD01462CA0F4
:10ACD000DDE7EFF7C3FD014630A0EFE7EFF7BEFD7C
:10ACE000014635A0AA68F5F787FF607A082817D1D2
:10ACF000287D012814D1EFF7B1FD014633A0AA68E1
:10AD0000F5F77AFFEFF7AAFD014635A0EA68F5F7F7
:10AD100073FFEFF7A3FD014636A02A69F5F76CFF34
:10AD200070BD00005B25645D72656D61696E696E62
:10AD3000672062617474657279203D2564206D76A8
:10AD40000D0A00005C0000205B25645D5041385F07
:10AD50007374617475733A4F70656E0D0A0D0A0055
:10AD6000000400505B25645D504231355F737461AF
:10AD70007475733A4F70656E0D0A0D0A000000007D
:10AD80005B25645D5041385F7374617475733A4339
:10AD90006C6F73650D0A0D0A000000005B25645D91
:10ADA000504231355F7374617475733A436C6F73DD
:10ADB000650D0A0D0A0000005B25645D636F756E0A
:10ADC00074206973202564200D0A00005B25645DF2
:10ADD000636F756E7431206973202564200D0A003D
:10ADE0005B25645D636F756E743220697320256422
:10ADF000200D0A005B25645D636F756E74332069F6
:10AE000073202564200D0A0000B587B01421684620
:10AE1000EDF769F80C48C26A01210A43C262C06AB0
:10AE2000029108400590032040020090022001900A
:10AE30000320039004200490052069460007EFF7E3
:10AE40003BFC07B000BD00000010024000B587B019
:10AE500014216846EDF747F80A48C16A01221143F8
:10AE6000C162C06A6946104005900320400200900C
:10AE7000032001900020029005200007EFF71CFC42
:10AE800007B000BD00100240F0B5834C87B0E07CF5
:10AE900001287DD10025E574207B012600280BD1F7
:10AEA00026737E497E48F4F7E8FF7E497C48F5F733
:10AEB0004BF87B48F5F75AF8207A0122401C2072A3
:10AEC00091037948EFF7C3FCF4F7C5FF774F009083
:10AED00025E00098F4F7C5FF7D21C900884206D31C
:10AEE0000098F4F7BEFFB84201D2667317E00098ED
:10AEF000F4F7B7FFB84212D31120EEF7D5FC257254
:10AF00000027012189036848EFF79DFC6420EFF7D3
:10AF10001DFA7F1C0A2FF4DB0320607306E0052076
:10AF200080210007EFF78AFC0028D2D001210022FF
:10AF300089035D48EFF78BFC207A052802D1257242
:10AF400002206073607B5A4F012806D0022851D03E
:10AF500003284DD16573F5F7D1FE6573142168465A
:10AF6000ECF7C1FF5348C16A3143C162C06A694608
:10AF7000C007C00F05900120000300900520019636
:10AF800002950007EFF798FB00220121090300E07A
:10AF90002EE005200007EFF75AFCC820EFF7D6F99E
:10AFA0000122052011030007EFF751FC3C484249FC
:10AFB0002838F4F7C9FF3A482838F4F7D7FFA575C1
:10AFC000207E002814D13D48C078042810D1344890
:10AFD0003C38F5F703F87D203969C000414330481B
:10AFE0003C38F4F7B1FF2E483C38F4F7BFFF6672E7
:10AFF00007B0F0BDBD72FD723D730020EEF720FB7F
:10B000000020EEF7F5FB0020EEF798FB2676A8204F
:10B01000EEF74AFC22482838F4F7E0FF20483C3895
:10B02000F4F7DCFF1E482830F4F7D8FF1C483C300A
:10B03000F4F7D4FF1A485030F4F7D0FF0720A0717E
:10B040001548801DF2F750FBFF20F530EFF77EF931
:10B0500013481B491438F4F710FF114811491438EC
:10B06000F4F772FF012251030F48EFF7F0FB0C4891
:10B070001438F4F77BFFE575A6753220EFF766F913
:10B0800010A0F5F7B9FD6420EFF760F910A0F5F70F
:10B09000B3FD6573ACE700000000002055F5000823
:10B0A000A40300208813000000040050B80B000027
:10B0B0005C0000200010024060EA00005C010020FB
:10B0C00071F5000841542B5057524D320D0A0000C3
:10B0D000534C4545500D0A00F0B5054685B016A005
:10B0E0000024006803AE012703901DE0012D02D06B
:10B0F000022D03D005E0632C1AD802E00F488442E9
:10B1000016D87D20C000012302901A46C521019760
:10B1100000960B48EFF75CFD6846007BC107C90F3E
:10B120006846641C0173A4B26846007B0028DDD128
:10B13000204605B0F0BD000001000000E70300005C
:10B140007804002090D7010898D70108A4D70108F7
:10B15000C8D70108DCD70108B8D701081F1C1F1E7B
:10B160001F1E1F1F1E1F1E1F1F1D1F1E1F1E1F1FF6
:10B170001E1F1E1FE4DB010806000000512101080C
:10B18000E9240108E9240108B0DE0108D4DC010843
:10B1900001000000E9240108E9240108D92401087C
:10B1A000ACDC01082CDB0108070000008D1F010842
:10B1B000C91F0108E9240108D4DE0108D4DB010815
:10B1C00005000000351901086D190108E92401087E
:10B1D000D8DA010850DB010806000000BD23010891
:10B1E000F9230108E9240108B4DD010820DA010887
:10B1F00005000000E9240108E9240108E51C010814
:10B2000098DF01084CDC010804000000E924010873
:10B21000E9240108751D0108E4E00108A8DB010824
:10B2200004000000E9240108E924010825170108A9
:10B23000E8DF010840DC010809000000452501089D
:10B24000BD250108E924010888E0010868DC01083F
:10B2500007000000551701088D170108E9240108AF
:10B2600000DB010864DB0108060000005D2801081E
:10B2700095280108E9240108E0DD01085CDB0108EC
:10B28000040000004123010875230108E924010896
:10B2900088DD0108C0DA010809000000BD220108AC
:10B2A000F9220108E924010828DD0108CCDA0108A7
:10B2B00009000000E926010825270108E924010802
:10B2C00058DD0108B8DA0108040000006D27010804
:10B2D000A5270108E924010850DF010844DB010823
:10B2E00007000000711E0108BD1E0108E9240108C5
:10B2F00090D9010810DC010804000000851601083F
:10B30000B9160108E9240108F0DB01089CDC0108FA
:10B31000040000003116010869160108E92401083B
:10B320001CDF010818DC010804000000F1210108FD
:10B330002D220108E92401084CD90108DCDB0108B1
:10B3400005000000ED24010829250108E924010871
:10B3500034DE010820DC010807000000DD2A0108B6
:10B36000312B0108E9240108B4E001087CDB010865
:10B3700007000000C52B0108E9240108F92B01088A
:10B3800084DE0108A4DC010804000000251C01087B
:10B390006D1C0108E924010860DE01082CDC0108AD
:10B3A00004000000E92401080B1701080117010837
:10B3B00000DD0108ACDA0108060000003D1F0108AD
:10B3C000E9240108E9240108D8DC010894DB01081C
:10B3D0000F000000E9240108411E0108E9240108CA
:10B3E00018E10108B0DB010807000000B5190108E9
:10B3F000ED190108E9240108F8DE010870DB0108F5
:10B4000008000000D518010811190108E9240108F5
:10B4100014D9010854DC010806000000351A01089F
:10B42000A91A0108E924010888D8010838DB0108B5
:10B4300007000000D12701080D280108E9240108B0
:10B44000C4D8010834DC0108060000006D2601089C
:10B45000A9260108E9240108ECD8010860DC0108EC
:10B460000500000095210108C9210108E92401080F
:10B4700074DC0108C8DB010807000000E9240108AA
:10B480001D1E0108111E010808E00108BCDB0108AF
:10B490000B000000D517010829180108E92401084C
:10B4A0000CDE010818DA010807000000DD28010899
:10B4B00015290108E9240108F4D901084CDA01082A
:10B4C000070000005D29010895290108E924010809
:10B4D00028DA010878DA010807000000DD290108F0
:10B4E000152A0108E924010854DA0108A4DA010840
:10B4F000070000005D2A0108952A0108E9240108D7
:10B5000080DA010888DB010809000000A11B01089E
:10B51000DD1B0108E92401082CE00108BCE2010858
:10B5200000000000000000002C010000AD660108D2
:10B53000A96E0108A96E0108BCE20108C0E2010879
:10B54000010000002C0100004D670108A96E0108F0
:10B55000A96E0108BCE20108C0E201080200000077
:10B560002C010000D16F010809700108A96E0108C3
:10B57000BCE20108C0E20108040000002C01000048
:10B58000A96E0108A96E01082D6C0108BCE2010832
:10B59000C0E20108030000002C010000A96E0108B0
:10B5A000A96E0108B96C0108BCE20108C0E20108FB
:10B5B00005000000F4010000B1730108E173010807
:10B5C000A5730108BCE20108C0E201080600000002
:10B5D000D0070000B56A0108E56A0108A96A0108F8
:10B5E000BCE20108C0E2010807000000D00700002B
:10B5F000396A0108696A01082D6A0108BCE201087C
:10B60000C0E2010808000000D0070000BD69010881
:10B61000ED690108B1690108BCE20108C0E2010856
:10B6200009000000F4010000F974010829750108FF
:10B63000ED740108BCE20108C0E201080A00000044
:10B64000F401000079750108A97501086D750108FC
:10B65000BCE20108C0E201080B0000002C01000060
:10B66000116F0108616F0108AD6E0108BCE20108AD
:10B67000C0E201080C0000002C010000DD6B010895
:10B68000A96E0108B16B0108BCE20108C0E2010823
:10B690000D0000002C01000059690108A96E010885
:10B6A0009D680108BCE20108C0E201080E0000002C
:10B6B0002C01000045680108A96E0108896701088E
:10B6C000BCE20108C0E201080F0000002C010000EC
:10B6D000316B0108616B0108256B0108BCE20108B0
:10B6E000C0E20108100000002C010000516D0108AB
:10B6F000896D0108456D0108BCE20108C0E201083E
:10B70000110000002C010000A96E0108A96E0108BB
:10B71000F16D0108BCE20108C0E20108120000005E
:10B72000F4010000A96E0108A96E0108C9720108A0
:10B73000BCE20108C0E20108130000002C01000077
:10B740003D72010875720108A96E0108BCE201088A
:10B75000C0E2010814000000E80300008171010844
:10B76000B971010855700108BCE20108C0E2010886
:10B7700015000000F4010000A96E0108A94A0108A3
:10B78000A96E0108BCE20108C0E201081600000031
:10B79000DC050000994B0108E14B0108A96E010886
:10B7A000BCE20108C0E2010817000000F40100003B
:10B7B000014B0108414B0108A96E0108BCE20108D8
:10B7C000C0E2010818000000F40100009D4C0108CF
:10B7D000E54C0108A96E0108BCE20108C0E20108BD
:10B7E00019000000F4010000494D0108914D0108C5
:10B7F000A96E0108BCE20108C0E201081A000000BD
:10B80000F4010000F54D01083D4E0108A96E010844
:10B81000BCE20108C0E201081B000000F4010000C6
:10B82000A14E0108E94E0108A96E0108B8E201081D
:10B83000C0E201081C000000F401000021500108D2
:10B840004D500108A96E0108BCE20108C0E20108E0
:10B850001D000000E80300004D5101087D51010862
:10B86000A96E0108BCE20108C0E201081E00000048
:10B87000E8030000A9500108D5500108A96E01088D
:10B88000BCE20108C0E201081F000000F401000052
:10B8900001500108A96E01084D4F0108BCE20108E2
:10B8A000C0E2010820000000F40100000D4A010878
:10B8B000554A0108A96E01080000000000000000C0
:10B8C0002100000000000000BD510108A96E010820
:10B8D000A96E0108BCE20108C0E2010822000000D4
:10B8E000F4010000C5620108F1620108A96E0108B7
:10B8F000BCE20108C0E2010823000000E8030000E8
:10B90000E16401080D650108A96E0108BCE20108A7
:10B91000C0E2010824000000F4010000C164010835
:10B92000A96E0108BD630108BCE20108C0E201087C
:10B9300025000000F401000059620108B962010805
:10B94000A96E0108000000000000000026000000B1
:10B950000000000031660108A96E0108A96E010807
:10B96000BCE20108C0E20108270000002C01000031
:10B97000ED5D0108195E0108A96E0108BCE201082D
:10B98000C0E20108280000002C0100006D5D0108E4
:10B99000995D0108A96E0108BCE20108C0E2010836
:10B9A00029000000C8000000A96E01089552010896
:10B9B000A96E0108BCE20108C0E201082A000000EB
:10B9C000B0040000BD540108E9540108A96E010843
:10B9D000BCE20108C0E201082B000000F4010000F5
:10B9E000FD52010829530108A96E0108BCE20108B3
:10B9F000C0E201082C000000F4010000DD5A01083B
:10BA00000D5B0108A96E0108B8E20108C0E2010857
:10BA10002D000000F401000089590108B9590108FE
:10BA2000A96E0108BCE20108C0E201082E00000076
:10BA3000F4010000AD550108DD550108A96E0108AB
:10BA4000BCE20108C0E201082F000000F401000080
:10BA5000C5560108F5560108A96E0108BCE20108A7
:10BA6000C0E2010830000000F4010000B1570108F5
:10BA7000E1570108A96E0108BCE20108C0E2010813
:10BA800031000000F40100009D580108CD58010864
:10BA9000A96E0108BCE20108C0E201083200000002
:10BAA000E8030000855A0108B55A0108A96E01088B
:10BAB000BCE20108C0E2010833000000F40100000C
:10BAC000D9530108E5530108A96E0108BCE2010839
:10BAD000C0E2010834000000F4010000295201080E
:10BAE00089520108A96E0108000000000000000052
:10BAF00035000000000000001D5C0108A96E01086F
:10BB0000A96E0108BCE20108C0E20108360000008D
:10BB1000F4010000F95E0108255F0108A96E010823
:10BB2000BCE20108C0E2010837000000E8030000A1
:10BB30002961010869610108A96E0108BCE20108D8
:10BB4000C0E2010838000000F4010000F5600108BF
:10BB5000A96E0108F15F0108BCE20108C0E201081A
:10BB600039000000F40100008D5E0108ED5E01085F
:10BB7000A96E010800000000000000003A0000006B
:10BB80000000000021620108A96E0108A96E0108E9
:10BB9000BCE20108C0E201083B000000D007000041
:10BBA000A5740108A96E0108A96E0108BCE201088C
:10BBB000C0E201083C000000D00700005D740108ED
:10BBC000A96E0108A96E0108BCE20108000000008E
:10BBD000000000002C010000AD660108A96E0108FC
:10BBE000A96E0108BCE20108C0E2010801000000E2
:10BBF0002C0100004D670108A96E0108A96E01081B
:10BC0000BCE20108C0E20108020000002C010000B3
:10BC1000D16F010809700108A96E0108BCE2010892
:10BC2000C0E20108040000002C010000A96E010818
:10BC3000A96E01082D6C0108BCE20108C0E20108F0
:10BC4000030000002C010000A96E0108A96E010884
:10BC5000B96C0108BCE20108C0E20108050000005F
:10BC6000F4010000B1730108E1730108A573010834
:10BC7000BCE20108C0E2010806000000D007000095
:10BC8000B56A0108E56A0108A96A0108BCE2010871
:10BC9000C0E2010807000000D0070000396A01086F
:10BCA000696A01082D6A0108BCE20108C0E20108C6
:10BCB00008000000D0070000BD690108ED69010817
:10BCC000B1690108BCE20108C0E2010809000000F6
:10BCD000F4010000F974010829750108ED740108E8
:10BCE000BCE20108C0E201080A000000F401000003
:10BCF00079750108A97501086D750108BCE2010894
:10BD0000C0E201080B0000002C010000116F0108C7
:10BD1000616F0108AD6E0108BCE20108C0E20108D4
:10BD20000C0000002C010000DD6B0108A96E010869
:10BD3000B16B0108BCE20108C0E201080D0000007F
:10BD40002C01000059690108A96E01089D680108CD
:10BD5000BCE20108C0E201080E0000002C01000056
:10BD600045680108A96E010889670108BCE201085D
:10BD7000C0E201080F0000002C010000316B010837
:10BD8000616B0108256B0108BCE20108C0E20108F3
:10BD9000100000002C010000516D0108896D0108A0
:10BDA000456D0108BCE20108C0E201081100000075
:10BDB0002C010000A96E0108A96E0108F16D0108AF
:10BDC000BCE20108C0E2010812000000F40100001A
:10BDD000A96E0108A96E0108C9720108BCE2010838
:10BDE000C0E20108130000002C0100003D720108B0
:10BDF00075720108A96E0108BCE20108C0E20108E1
:10BE000014000000E803000081710108B971010805
:10BE100055700108BCE20108C0E2010815000000ED
:10BE2000F4010000A96E0108A94A0108A96E0108E1
:10BE3000BCE20108C0E2010816000000DC050000B9
:10BE4000994B0108E14B0108A96E0108BCE2010809
:10BE5000C0E2010817000000F4010000014B0108D6
:10BE6000414B0108A96E0108BCE20108C0E20108CB
:10BE700018000000F40100009D4C0108E54C010889
:10BE8000A96E0108BCE20108C0E201081900000027
:10BE9000F4010000494D0108914D0108A96E010807
:10BEA000BCE20108C0E201081A000000F401000031
:10BEB000F54D01083D4E0108A96E0108BCE20108DC
:10BEC000C0E201081B000000F4010000A14E0108BF
:10BED000E94E0108A96E0108B8E20108C0E20108B4
:10BEE0001C000000F4010000215001084D50010821
:10BEF000A96E0108BCE20108C0E201081D000000B3
:10BF0000E80300004D5101087D510108A96E0108A8
:10BF1000BCE20108C0E201081E000000E8030000C6
:10BF2000A9500108D5500108A96E0108BCE201081A
:10BF3000C0E201081F000000F401000001500108E8
:10BF4000A96E01084D4F0108BCE20108C0E20108DA
:10BF500020000000F40100000D4A0108554A0108C4
:10BF6000A96E010800000000000000002100000090
:10BF700000000000BD510108A96E0108A96E01086A
:10BF8000BCE20108C0E2010822000000F401000048
:10BF9000C5620108F1620108A96E0108BCE201084E
:10BFA000C0E2010823000000E8030000E16401088A
:10BFB0000D650108A96E0108BCE20108C0E2010894
:10BFC00024000000F4010000C1640108A96E01080A
:10BFD000BD630108BCE20108C0E2010825000000C1
:10BFE000F401000059620108B9620108A96E010854
:10BFF000000000000000000026000000000000001B
:10C0000031660108A96E0108A96E0108BCE20108A9
:10C01000C0E20108270000002C010000ED5D0108CE
:10C02000195E0108A96E0108BCE20108C0E201081E
:10C03000280000002C0100006D5D0108995D0108D9
:10C04000A96E0108BCE20108C0E201082900000055
:10C05000C8000000A96E010895520108A96E0108E8
:10C06000BCE20108C0E201082A000000B0040000A0
:10C07000BD540108E9540108A96E0108BCE2010899
:10C08000C0E201082B000000F4010000FD5201088D
:10C0900029530108A96E0108BCE20108C0E20108A9
:10C0A0002C000000F4010000DD5A01080D5B0108BE
:10C0B000A96E0108B8E20108C0E201082D000000E5
:10C0C000F401000089590108B9590108A96E010855
:10C0D000BCE20108C0E201082E000000F4010000EB
:10C0E000AD550108DD550108A96E0108BCE2010843
:10C0F000C0E201082F000000F4010000C55601084D
:10C10000F5560108A96E0108BCE20108C0E2010869
:10C1100030000000F4010000B1570108E1570108A8
:10C12000A96E0108BCE20108C0E20108310000006C
:10C13000F40100009D580108CD580108A96E0108BE
:10C14000BCE20108C0E2010832000000E803000080
:10C15000855A0108B55A0108A96E0108BCE2010818
:10C16000C0E2010833000000F4010000D9530108C7
:10C17000E5530108A96E0108BCE20108C0E201080C
:10C1800034000000F401000029520108895201081E
:10C19000A96E01080000000000000000350000004A
:10C1A000000000001D5C0108A96E0108A96E0108CD
:10C1B000BCE20108C0E2010836000000F401000002
:10C1C000F95E0108255F0108A96E0108BCE20108BB
:10C1D000C0E2010837000000E803000029610108FF
:10C1E00069610108A96E0108BCE20108C0E201080A
:10C1F00038000000F4010000F5600108A96E010894
:10C20000F15F0108BCE20108C0E20108390000004A
:10C21000F40100008D5E0108ED5E0108A96E0108C1
:10C2200000000000000000003A00000000000000D4
:10C2300021620108A96E0108A96E0108BCE201088B
:10C24000C0E201083B000000D0070000A57401080F
:10C25000A96E0108A96E0108BCE20108C0E201084C
:10C260003C000000D00700005D740108A96E0108C1
:10C27000A96E0108BCE201080000000000000000F7
:10C280002C010000AD660108A96E0108A96E010825
:10C29000BCE20108C0E20108010000002C0100001E
:10C2A0004D670108A96E0108A96E0108BCE20108EA
:10C2B000C0E20108020000002C010000D16F01085B
:10C2C00009700108A96E0108BCE20108C0E201087A
:10C2D000040000002C010000A96E0108A96E0108ED
:10C2E0002D6C0108BCE20108C0E201080300000057
:10C2F0002C010000A96E0108A96E0108B96C0108A3
:10C30000BCE20108C0E2010805000000F4010000E1
:10C31000B1730108E1730108A5730108BCE20108CB
:10C32000C0E2010806000000D0070000B56A01085D
:10C33000E56A0108A96A0108BCE20108C0E2010837
:10C3400007000000D0070000396A0108696A010887
:10C350002D6A0108BCE20108C0E2010808000000E3
:10C36000D0070000BD690108ED690108B169010845
:10C37000BCE20108C0E2010809000000F40100006D
:10C38000F974010829750108ED740108BCE201087F
:10C39000C0E201080A000000F401000079750108FC
:10C3A000A97501086D750108BCE20108C0E2010829
:10C3B0000B0000002C010000116F0108616F0108E3
:10C3C000AD6E0108BCE20108C0E201080C000000EB
:10C3D0002C010000DD6B0108A96E0108B16B01089A
:10C3E000BCE20108C0E201080D0000002C010000C1
:10C3F00059690108A96E01089D680108BCE201089D
:10C40000C0E201080E0000002C0100004568010890
:10C41000A96E010889670108BCE20108C0E20108B1
:10C420000F0000002C010000316B0108616B010856
:10C43000256B0108BCE20108C0E201081000000001
:10C440002C010000516D0108896D0108456D01083E
:10C45000BCE20108C0E20108110000002C0100004C
:10C46000A96E0108A96E0108F16D0108BCE201087E
:10C47000C0E2010812000000F4010000A96E0108EA
:10C48000A96E0108C9720108BCE20108C0E20108F6
:10C49000130000002C0100003D72010875720108B4
:10C4A000A96E0108BCE20108C0E201081400000006
:10C4B000E803000081710108B97101085570010895
:10C4C000BCE20108C0E2010815000000F401000010
:10C4D000A96E0108A94A0108A96E0108BCE2010879
:10C4E000C0E2010816000000DC050000994B0108BD
:10C4F000E14B0108A96E0108BCE20108C0E2010895
:10C5000017000000F4010000014B0108414B010835
:10C51000A96E0108BCE20108C0E201081800000091
:10C52000F40100009D4C0108E54C0108A96E0108CA
:10C53000BCE20108C0E2010819000000F40100009B
:10C54000494D0108914D0108A96E0108BCE201089E
:10C55000C0E201081A000000F4010000F54D0108D6
:10C560003D4E0108A96E0108BCE20108C0E20108C5
:10C570001B000000F4010000A14E0108E94E010873
:10C58000A96E0108B8E20108C0E201081C00000021
:10C59000F4010000215001084D500108A96E010866
:10C5A000BCE20108C0E201081D000000E803000031
:10C5B0004D5101087D510108A96E0108BCE2010836
:10C5C000C0E201081E000000E8030000A9500108B5
:10C5D000D5500108A96E0108BCE20108C0E20108BB
:10C5E0001F000000F401000001500108A96E0108BD
:10C5F0004D4F0108BCE20108C0E201082000000024
:10C60000F40100000D4A0108554A0108A96E01080D
:10C6100000000000000000002100000000000000F9
:10C62000BD510108A96E0108A96E0108BCE201080C
:10C63000C0E2010822000000F4010000C562010808
:10C64000F1620108A96E0108BCE20108C0E201081C
:10C6500023000000E8030000E16401080D65010803
:10C66000A96E0108BCE20108C0E201082400000034
:10C67000F4010000C1640108A96E0108BD6301084E
:10C68000BCE20108C0E2010825000000F40100003E
:10C6900059620108B9620108A96E01080000000092
:10C6A00000000000260000000000000031660108C4
:10C6B000A96E0108A96E0108BCE20108C0E20108E8
:10C6C000270000002C010000ED5D0108195E010843
:10C6D000A96E0108BCE20108C0E2010828000000C0
:10C6E0002C0100006D5D0108995D0108A96E01082B
:10C6F000BCE20108C0E2010829000000C8000000F7
:10C70000A96E010895520108A96E0108BCE2010852
:10C71000C0E201082A000000B0040000BD54010876
:10C72000E9540108A96E0108BCE20108C0E2010851
:10C730002B000000F4010000FD52010829530108FC
:10C74000A96E0108BCE20108C0E201082C0000004B
:10C75000F4010000DD5A01080D5B0108A96E010813
:10C76000B8E20108C0E201082D000000F401000059
:10C7700089590108B9590108A96E0108BCE20108EC
:10C78000C0E201082E000000F4010000AD550108D0
:10C79000DD550108A96E0108BCE20108C0E20108EC
:10C7A0002F000000F4010000C5560108F5560108ED
:10C7B000A96E0108BCE20108C0E2010830000000D7
:10C7C000F4010000B1570108E1570108A96E010802
:10C7D000BCE20108C0E2010831000000F4010000E1
:10C7E0009D580108CD580108A96E0108BCE2010856
:10C7F000C0E2010832000000E8030000855A010889
:10C80000B55A0108A96E0108BCE20108C0E201089E
:10C8100033000000F4010000D9530108E55301087A
:10C82000A96E0108BCE20108C0E201083400000062
:10C83000F40100002952010889520108A96E01087B
:10C8400000000000000000003500000000000000B3
:10C850001D5C0108A96E0108A96E0108BCE201086F
:10C86000C0E2010836000000F4010000F95E010892
:10C87000255F0108A96E0108BCE20108C0E20108B9
:10C8800037000000E8030000296101086961010820
:10C89000A96E0108BCE20108C0E2010838000000EE
:10C8A000F4010000F5600108A96E0108F15F0108BC
:10C8B000BCE20108C0E2010839000000F4010000F8
:10C8C0008D5E0108ED5E0108A96E01080000000000
:10C8D000000000003A000000000000002162010892
:10C8E000A96E0108A96E0108BCE20108C0E20108B6
:10C8F0003B000000D0070000A5740108A96E0108E4
:10C90000A96E0108BCE20108C0E201083C00000079
:10C91000D00700005D740108A96E0108A96E010826
:10C92000BCE2010800000000000000002C01000033
:10C93000AD660108A96E0108A96E0108BCE20108F4
:10C94000C0E20108010000002C0100004D67010851
:10C95000A96E0108A96E0108BCE20108C0E2010845
:10C96000020000002C010000D16F010809700108CD
:10C97000A96E0108BCE20108C0E201080400000041
:10C980002C010000A96E0108A96E01082D6C010898
:10C99000BCE20108C0E20108030000002C01000015
:10C9A000A96E0108A96E0108B96C0108BCE2010872
:10C9B000C0E2010805000000F4010000B1730108A5
:10C9C000E1730108A5730108BCE20108C0E2010897
:10C9D00006000000D0070000B56A0108E56A0108FA
:10C9E000A96A0108BCE20108C0E2010807000000D2
:10C9F000D0070000396A0108696A01082D6A010838
:10CA0000BCE20108C0E2010808000000D0070000F5
:10CA1000BD690108ED690108B1690108BCE20108BE
:10CA2000C0E2010809000000F4010000F9740108E7
:10CA300029750108ED740108BCE20108C0E2010893
:10CA40000A000000F401000079750108A9750108C9
:10CA50006D750108BCE20108C0E201080B0000008E
:10CA60002C010000116F0108616F0108AD6E010813
:10CA7000BCE20108C0E201080C0000002C0100002B
:10CA8000DD6B0108A96E0108B16B0108BCE2010869
:10CA9000C0E201080D0000002C01000059690108E6
:10CAA000A96E01089D680108BCE20108C0E2010806
:10CAB0000E0000002C01000045680108A96E010865
:10CAC00089670108BCE20108C0E201080F0000000C
:10CAD0002C010000316B0108616B0108256B010816
:10CAE000BCE20108C0E20108100000002C010000B7
:10CAF000516D0108896D0108456D0108BCE201080E
:10CB0000C0E20108110000002C010000A96E01081C
:10CB1000A96E0108F16D0108BCE20108C0E201083C
:10CB200012000000F4010000A96E0108A96E0108BE
:10CB3000C9720108BCE20108C0E20108130000004C
:10CB40002C0100003D72010875720108A96E0108F0
:10CB5000BCE20108C0E2010814000000E803000084
:10CB600081710108B971010855700108BCE2010822
:10CB7000C0E2010815000000F4010000A96E0108E0
:10CB8000A94A0108A96E0108BCE20108C0E2010837
:10CB900016000000DC050000994B0108E14B01087C
:10CBA000A96E0108BCE20108C0E2010817000000FC
:10CBB000F4010000014B0108414B0108A96E010876
:10CBC000BCE20108C0E2010818000000F401000006
:10CBD0009D4C0108E54C0108A96E0108BCE2010862
:10CBE000C0E2010819000000F4010000494D0108ED
:10CBF000914D0108A96E0108BCE20108C0E20108DC
:10CC00001A000000F4010000F54D01083D4E010836
:10CC1000A96E0108BCE20108C0E201081B00000087
:10CC2000F4010000A14E0108E94E0108A96E0108B7
:10CC3000B8E20108C0E201081C000000F401000095
:10CC4000215001084D500108A96E0108BCE20108FD
:10CC5000C0E201081D000000E80300004D5101087A
:10CC60007D510108A96E0108BCE20108C0E201087B
:10CC70001E000000E8030000A9500108D55001087B
:10CC8000A96E0108BCE20108C0E201081F00000013
:10CC9000F401000001500108A96E01084D4F010880
:10CCA000BCE20108C0E2010820000000F40100001D
:10CCB0000D4A0108554A0108A96E0108000000004C
:10CCC000000000002100000000000000BD5101082C
:10CCD000A96E0108A96E0108BCE20108C0E20108C2
:10CCE00022000000F4010000C5620108F1620108A1
:10CCF000A96E0108BCE20108C0E20108230000009F
:10CD0000E8030000E16401080D650108A96E01084F
:10CD1000BCE20108C0E2010824000000F4010000A8
:10CD2000C1640108A96E0108BD630108BCE20108E5
:10CD3000C0E2010825000000F4010000596201086A
:10CD4000B9620108A96E010800000000000000009F
:10CD5000260000000000000031660108A96E0108ED
:10CD6000A96E0108BCE20108C0E20108270000002A
:10CD70002C010000ED5D0108195E0108A96E010893
:10CD8000BCE20108C0E20108280000002C010000FC
:10CD90006D5D0108995D0108A96E0108BCE20108FA
:10CDA000C0E2010829000000C8000000A96E0108C7
:10CDB00095520108A96E0108BCE20108C0E2010811
:10CDC0002A000000B0040000BD540108E954010825
:10CDD000A96E0108BCE20108C0E201082B000000B6
:10CDE000F4010000FD52010829530108A96E010851
:10CDF000BCE20108C0E201082C000000F4010000C0
:10CE0000DD5A01080D5B0108A96E0108B8E20108AE
:10CE1000C0E201082D000000F4010000895901085A
:10CE2000B9590108A96E0108BCE20108C0E2010875
:10CE30002E000000F4010000AD550108DD55010889
:10CE4000A96E0108BCE20108C0E201082F00000041
:10CE5000F4010000C5560108F5560108A96E010845
:10CE6000BCE20108C0E2010830000000F40100004B
:10CE7000B1570108E1570108A96E0108BCE2010899
:10CE8000C0E2010831000000F40100009D580108D3
:10CE9000CD580108A96E0108BCE20108C0E20108F2
:10CEA00032000000E8030000855A0108B55A010865
:10CEB000A96E0108BCE20108C0E2010833000000CD
:10CEC000F4010000D9530108E5530108A96E0108D7
:10CED000BCE20108C0E2010834000000F4010000D7
:10CEE0002952010889520108A96E010800000000BA
:10CEF0000000000035000000000000001D5C01087B
:10CF0000A96E0108A96E0108BCE20108C0E201088F
:10CF100036000000F4010000F95E0108255F0108F9
:10CF2000A96E0108BCE20108C0E201083700000058
:10CF3000E80300002961010869610108A96E010880
:10CF4000BCE20108C0E2010838000000F401000062
:10CF5000F5600108A96E0108F15F0108BCE2010853
:10CF6000C0E2010839000000F40100008D5E0108F4
:10CF7000ED5E0108A96E010800000000000000003D
:10CF80003A0000000000000021620108A96E0108BB
:10CF9000A96E0108BCE20108C0E201083B000000E4
:10CFA000D0070000A5740108A96E0108A96E010848
:10CFB000BCE20108C0E201083C000000D00700000C
:10CFC0005D740108A96E0108A96E0108BCE20108A0
:10CFD00000000000000000002C010000AD66010808
:10CFE000A96E0108A96E0108BCE20108C0E20108AF
:10CFF000010000002C0100004D670108A96E010826
:10D00000A96E0108BCE20108C0E2010802000000AC
:10D010002C010000D16F010809700108A96E0108F8
:10D02000BCE20108C0E20108040000002C0100007D
:10D03000A96E0108A96E01082D6C0108BCE2010867
:10D04000C0E20108030000002C010000A96E0108E5
:10D05000A96E0108B96C0108BCE20108C0E2010830
:10D0600005000000F4010000B1730108E17301083C
:10D07000A5730108BCE20108C0E201080600000037
:10D08000D0070000B56A0108E56A0108A96A01082D
:10D09000BCE20108C0E2010807000000D007000060
:10D0A000396A0108696A01082D6A0108BCE20108B1
:10D0B000C0E2010808000000D0070000BD690108B7
:10D0C000ED690108B1690108BCE20108C0E201088C
:10D0D00009000000F4010000F97401082975010835
:10D0E000ED740108BCE20108C0E201080A0000007A
:10D0F000F401000079750108A97501086D75010832
:10D10000BCE20108C0E201080B0000002C01000095
:10D11000116F0108616F0108AD6E0108BCE20108E2
:10D12000C0E201080C0000002C010000DD6B0108CA
:10D13000A96E0108B16B0108BCE20108C0E2010858
:10D140000D0000002C01000059690108A96E0108BA
:10D150009D680108BCE20108C0E201080E00000061
:10D160002C01000045680108A96E010889670108C3
:10D17000BCE20108C0E201080F0000002C01000021
:10D18000316B0108616B0108256B0108BCE20108E5
:10D19000C0E20108100000002C010000516D0108E0
:10D1A000896D0108456D0108BCE20108C0E2010873
:10D1B000110000002C010000A96E0108A96E0108F1
:10D1C000F16D0108BCE20108C0E201081200000094
:10D1D000F4010000A96E0108A96E0108C9720108D6
:10D1E000BCE20108C0E20108130000002C010000AD
:10D1F0003D72010875720108A96E0108BCE20108C0
:10D20000C0E2010814000000E80300008171010879
:10D21000B971010855700108BCE20108C0E20108BB
:10D2200015000000F4010000A96E0108A94A0108D8
:10D23000A96E0108BCE20108C0E201081600000066
:10D24000DC050000994B0108E14B0108A96E0108BB
:10D25000BCE20108C0E2010817000000F401000070
:10D26000014B0108414B0108A96E0108BCE201080D
:10D27000C0E2010818000000F40100009D4C010804
:10D28000E54C0108A96E0108BCE20108C0E20108F2
:10D2900019000000F4010000494D0108914D0108FA
:10D2A000A96E0108BCE20108C0E201081A000000F2
:10D2B000F4010000F54D01083D4E0108A96E01087A
:10D2C000BCE20108C0E201081B000000F4010000FC
:10D2D000A14E0108E94E0108A96E0108B8E2010853
:10D2E000C0E201081C000000F40100002150010808
:10D2F0004D500108A96E0108BCE20108C0E2010816
:10D300001D000000E80300004D5101087D51010897
:10D31000A96E0108BCE20108C0E201081E0000007D
:10D32000E8030000A9500108D5500108A96E0108C2
:10D33000BCE20108C0E201081F000000F401000087
:10D3400001500108A96E01084D4F0108BCE2010817
:10D35000C0E2010820000000F40100000D4A0108AD
:10D36000554A0108A96E01080000000000000000F5
:10D370002100000000000000BD510108A96E010855
:10D38000A96E0108BCE20108C0E201082200000009
:10D39000F4010000C5620108F1620108A96E0108EC
:10D3A000BCE20108C0E2010823000000E80300001D
:10D3B000E16401080D650108A96E0108BCE20108DD
:10D3C000C0E2010824000000F4010000C16401086B
:10D3D000A96E0108BD630108BCE20108C0E20108B2
:10D3E00025000000F401000059620108B96201083B
:10D3F000A96E0108000000000000000026000000E7
:10D400000000000031660108A96E0108A96E01083C
:10D41000BCE20108C0E20108270000002C01000066
:10D42000ED5D0108195E0108A96E0108BCE2010862
:10D43000C0E20108280000002C0100006D5D010819
:10D44000995D0108A96E0108BCE20108C0E201086B
:10D4500029000000C8000000A96E010895520108CB
:10D46000A96E0108BCE20108C0E201082A00000020
:10D47000B0040000BD540108E9540108A96E010878
:10D48000BCE20108C0E201082B000000F40100002A
:10D49000FD52010829530108A96E0108BCE20108E8
:10D4A000C0E201082C000000F4010000DD5A010870
:10D4B0000D5B0108A96E0108B8E20108C0E201088D
:10D4C0002D000000F401000089590108B959010834
:10D4D000A96E0108BCE20108C0E201082E000000AC
:10D4E000F4010000AD550108DD550108A96E0108E1
:10D4F000BCE20108C0E201082F000000F4010000B6
:10D50000C5560108F5560108A96E0108BCE20108DC
:10D51000C0E2010830000000F4010000B15701082A
:10D52000E1570108A96E0108BCE20108C0E2010848
:10D5300031000000F40100009D580108CD58010899
:10D54000A96E0108BCE20108C0E201083200000037
:10D55000E8030000855A0108B55A0108A96E0108C0
:10D56000BCE20108C0E2010833000000F401000041
:10D57000D9530108E5530108A96E0108BCE201086E
:10D58000C0E2010834000000F40100002952010843
:10D5900089520108A96E0108000000000000000087
:10D5A00035000000000000001D5C0108A96E0108A4
:10D5B000A96E0108BCE20108C0E2010836000000C3
:10D5C000F4010000F95E0108255F0108A96E010859
:10D5D000BCE20108C0E2010837000000E8030000D7
:10D5E0002961010869610108A96E0108BCE201080E
:10D5F000C0E2010838000000F4010000F5600108F5
:10D60000A96E0108F15F0108BCE20108C0E201084F
:10D6100039000000F40100008D5E0108ED5E010894
:10D62000A96E010800000000000000003A000000A0
:10D630000000000021620108A96E0108A96E01081E
:10D64000BCE20108C0E201083B000000D007000076
:10D65000A5740108A96E0108A96E0108BCE20108C1
:10D66000C0E201083C000000D00700005D74010822
:10D67000A96E0108A96E010800000000000000006A
:10D680000102030406070809030406080C10182009
:10D6900030000000000102030400404040404040D0
:10D6A0004040404141414141404040404040404075
:10D6B00040404040404040404040050202020202DB
:10D6C0000202020202020202020220202020202086
:10D6D00020202020020202020202029090909090EC
:10D6E00090101010101010101010101010101010BA
:10D6F0001010101010020202020202888888888826
:10D700008808080808080808080808080808080819
:10D710000808080808020202024000009AD6010820
:10D720001F1C1F1E1F1E1F1F1E1F1E1F4A616E75FE
:10D73000617279004665627275617279004D61723D
:10D74000636800417072696C004D6179004A756EC2
:10D7500065004A756C79004175677573740053658F
:10D760007074656D626572004F63746F62657200FC
:10D770004E6F76656D62657200446563656D6265C6
:10D7800072001F1D1F1E1F1E1F1F1E1F1E1F0000B9
:10D790000D0A4F4B0D0A00000D0A4552524F520D13
:10D7A0000A0000000D0A41545F504152414D5F454F
:10D7B00052524F520D0A00000D0A41545F52585FF9
:10D7C0004552524F520D0A000D0A41545F425553C3
:10D7D000595F4552524F520D0A0000000D0A415444
:10D7E0005F544553545F504152414D5F4F5645522F
:10D7F000464C4F570D0A00005B25645D0D0A4154ED
:10D800002B3C434D443E3F20202020202020203A26
:10D810002048656C70206F6E203C434D443E0D0ADD
:10D8200041542B3C434D443E2020202020202020EA
:10D83000203A2052756E203C434D443E0D0A41541F
:10D840002B3C434D443E3D3C76616C75653E203A31
:10D8500020536574207468652076616C75650D0AC7
:10D8600041542B3C434D443E3D3F2020202020206E
:10D87000203A20476574207468652076616C756570
:10D880000D0A0D0A0000000041542B424B444E5338
:10D8900020203A20476574206F72205365742064FD
:10D8A000796E616D696320646F6D61696E206E6170
:10D8B0006D65207265736F6C7574696F6E20495069
:10D8C0002000000041542B544C534D4F4420203A2B
:10D8D00020476574206F722053657420746865203A
:10D8E000544C53206D6F64652000000041542B534D
:10D8F0004C45455020203A20476574206F722053D4
:10D9000065742074686520736C656570206D6F6444
:10D910006520000041542B43535154494D4520206C
:10D920003A20476574206F722053657420746865CF
:10D930002074696D6520746F206A6F696E20746849
:10D9400065206E6574776F726B20000041542B5018
:10D95000524F20202020203A20476574206F7220EB
:10D960005365742075736167652061677265656DC5
:10D97000656E742028313A434F41502C323A554459
:10D98000502C333A4D5154542C343A5443502900BE
:10D9900041542B494E544D4F4420203A2047657442
:10D9A000206F7220536574207468652074726967F3
:10D9B00067657220696E74657272757074206D6F20
:10D9C00064652028303A696E7075742C313A66614E
:10D9D0006C6C696E67206F7220726973696E672C58
:10D9E000323A66616C6C696E672C333A726973699E
:10D9F0006E67290041542B555249313A20476574CE
:10DA0000206F722073657420436F4150206F7074D3
:10DA1000696F6E203100000041542B55524931008E
:10DA200041542B464452310041542B555249323A0D
:10DA300020476574206F722073657420436F4150D6
:10DA4000206F7074696F6E203200000041542B55B6
:10DA50005249320041542B555249333A204765749C
:10DA6000206F722073657420436F4150206F707473
:10DA7000696F6E203300000041542B55524933002A
:10DA800041542B555249343A20476574206F722017
:10DA900073657420436F4150206F7074696F6E20FE
:10DAA0003400000041542B555249340041542B4C52
:10DAB000444154410000000041542B5444430000B1
:10DAC00041542B505542544F5049430041542B531D
:10DAD0005542544F5049430041542B444555492029
:10DAE0002020203A20476574206F722073657420CF
:10DAF00074686520446576696365204944000000C8
:10DB000041542B434C49454E5420203A20476574DC
:10DB1000206F722053657420746865204D515454F1
:10DB200020636C69656E74494400000041542B43C6
:10DB300046474D4F4400000041542B544C534D4F29
:10DB40004400000041542B494E544D4F4400000006
:10DB500041542B50574F52440000000041542B5069
:10DB60005744000041542B554E414D4500000000E4
:10DB700041542B43535154494D45000041542B57B8
:10DB8000454947524500000041542B444F574E54DD
:10DB90004500000041542B47455453454E534F52C6
:10DBA00056414C554500000041542B434647000068
:10DBB00041542B444E5343464700000041542B43ED
:10DBC0004C4F434B4C4F470041542B4745544C4F0F
:10DBD0004700000041542B444555490041542B5205
:10DBE00058444C0041542B4D4F44454C000000001C
:10DBF00041542B41504E20202020203A204765746C
:10DC0000206F7220736574207468652041504E0047
:10DC100041542B41504E000041542B50524F0000B4
:10DC200041542B57454947415000000041542B4374
:10DC30004450000041542B534C4545500000000017
:10DC400041542B53455256414444520041542B46B3
:10DC50004452000041542B424B444E5300000000FC
:10DC600041542B4D514F530041542B434C49454E89
:10DC70005400000041542B4D514F5320203A205363
:10DC800065742074686520516F53206C6576656CEF
:10DC9000206F66204D5154540000000041542B3534
:10DCA0005654000041542B455854000041545A200A
:10DCB000202020202020203A2054726967206120F3
:10DCC0007265736574206F6620746865204D4355D6
:10DCD0000000000041545A0041542B4C444154412F
:10DCE0002020203A2047657420746865206C617399
:10DCF000742075706C6F6164206461746100000051
:10DD000041542B43445020202020203A205265616A
:10DD100064206F7220436C65617220636163686583
:10DD2000642064617461000041542B505542544F8B
:10DD30005049433A20476574206F72207365742000
:10DD40004D515454207075626C697368696E672018
:10DD5000746F70696300000041542B535542544F57
:10DD60005049433A20476574206F722073657420D0
:10DD70004D51545420737562736372697074696F86
:10DD80006E20746F7069630041542B5057442020FB
:10DD90002020203A20476574206F7220536574203C
:10DDA000746865204D5154542070617373776F729D
:10DDB0006400000041542B50574F52442020203A19
:10DDC00020476574206F7220736574207468652025
:10DDD00053797374656D2070617373776F7264002B
:10DDE00041542B554E414D452020203A2047657423
:10DDF000206F722053657420746865204D5154540F
:10DE000020557365726E616D6500000041542B43AF
:10DE10004C4F434B4C4F473A20476574206F72205C
:10DE200073657420534854207265636F7264207464
:10DE3000696D650041542B5258444C202020203AF3
:10DE400020476574206F72205365742074686520C4
:10DE5000726563656976696E672074696D65000037
:10DE600041542B45585420202020203A20476574E7
:10DE7000206F722053657420436F756E7420766135
:10DE80006C75650041542B57454947524520203A4F
:10DE90002047657420776569676874206F72207306
:10DEA00065742077656967687420746F2030670037
:10DEB00041542B4D4F44454C2020203A2047657457
:10DEC000206D6F64756C6520696E666F726D61742C
:10DED000696F6E0041542B4346474D4F4420203A12
:10DEE00020576F726B696E67206D6F646520736574
:10DEF0006C656374696F6E0041542B444E53434606
:10DF00004720203A20476574206F722053657420A3
:10DF1000444E5320536572766572000041542B3590
:10DF2000565420202020203A20476574206F72200C
:10DF300053657420657874656E6420746865207418
:10DF4000696D65206F6620355620706F77657200A9
:10DF500041542B54444320202020203A204765740C
:10DF6000206F722073657420746865206170706C16
:10DF700069636174696F6E20646174612074726199
:10DF80006E736D697373696F6E20696E74657276F6
:10DF9000616C20696E20730041542B46445231203D
:10DFA000202020203A2052657365742070617261D0
:10DFB0006D657465727320746F20666163746F722F
:10DFC000792064656661756C742076616C75657323
:10DFD0002065786365707420666F7220706173735A
:10DFE000776F72647300000041542B434647202032
:10DFF0002020203A205072696E7420616C6C20736E
:10E00000657474696E67730041542B4745544C4FD7
:10E010004720203A205072696E74207365726961DE
:10E020006C20706F7274206C6F67730041542B44C6
:10E030004F574E54453A20476574206F72207365E0
:10E04000742074686520636F6E76657273696F6E95
:10E05000206265747765656E2074686520737461ED
:10E060006E646172642076657273696F6E20616E92
:10E07000642031542076657273696F6E20646F7707
:10E080006E6C696E6B73000041542B5345525641C0
:10E090004444523A20476574206F722053657420BF
:10E0A0007468652053657276657220616464726578
:10E0B0007373000041542B57454947415020203A83
:10E0C00020476574206F7220536574207468652042
:10E0D00047617056616C7565206F6620776569676A
:10E0E0006874000041542B46445220202020203ADE
:10E0F00020526573657420506172616D657465723C
:10E100007320746F20466163746F72792044656672
:10E1100061756C740000000041542B474554534511
:10E120004E534F5256414C554520202020203A2036
:10E1300052657475726E73207468652063757272AF
:10E14000656E742073656E736F72206D6561737593
:10E1500072656D656E7400006D6F64373A6164318D
:10E160003A2564206164323A2564206164333A259B
:10E170006420647331386232305F313A252E316663
:10E1800020647331386232305F323A252E31662096
:10E19000647331386232305F333A252E3166202085
:10E1A000000000000D0A44524147494E4F20534E93
:10E1B000353056332D4E42204E422D496F54205358
:10E1C000656E736F72204E6F64650D0A496D6167ED
:10E1D000652056657273696F6E3A2076312E332E44
:10E1E000300D0A4E422D496F5420537461636B20E9
:10E1F0003A20442D42433636304B2D3030340D0A10
:10E2000050726F746F636F6C20696E205573656414
:10E210003A2000007B22494D4549223A22257322AB
:10E220002C22494D5349223A222573222C224D6F2C
:10E2300064656C223A22534E353056332D4E4222BD
:10E240002C226D6F64223A25642C226261747465FD
:10E250007279223A252E32662C227369676E616CC0
:10E26000223A25642C2274696D65223A2225732294
:10E270002C0000005B25645D536574207468652084
:10E28000436F4150206D6573736167652049442079
:10E29000616E64206175746F6D61746963616C6C2B
:10E2A000792067656E6572617465206120746F6B9B
:10E2B000656E0D0A000000003E0000004F4B00009C
:10E2C0004552524F52000000E8E2010800000020D1
:10E2D000B00100002C89000810E30108B001002003
:10E2E000F82C0000680D01086102553F13640D020F
:10E2F00074200A116E78321F5A1C08DA1E0809129F
:10E300001401460231044B901CBCBA013E89CF0077
:04000005080078C1B6
:00000001FF
