:020000040800F2
:1078000088330020D5780008DD05010821D3000861
:107810000000000000000000000000000000000068
:107820000000000000000000000000000108010846
:107830000000000000000000790701084D08010861
:10784000E7780008E7780008ED070108E778000806
:10785000E7780008B59A0008E7780008BF9A0008A2
:10786000E7780008E77800089D930008E7780008AB
:10787000E7780008E7780008E7780008E77800086C
:10788000E7780008E7780008E778000800000000C3
:10789000E7780008E7780008E7780008E77800084C
:1078A000E7780008E7780008E7780008051901087C
:1078B000151901087D07010800000000E77800089D
:1078C0000348854601F03EF800480047ED550108A1
:1078D000883300200448804704480047FEE7FEE75D
:1078E000FEE7FEE7FEE7FEE7A90A0108C178000807
:1078F00030B50B46014600202022012409E00D4648
:10790000D5409D4205D31D469540491B25469540CF
:1079100040191546521E002DF1DC30BD70B5002413
:107920002546002801DA01244042002901DA012518
:107930004942FFF7DDFFAC4200D04042002C00D0AE
:10794000494270BDF0B51FB40646002082B005461E
:107950004024019100901BE0019922460F463046D9
:1079600000F02CFE049A059B801A994110D3104612
:107970001946224600F012FE361A8F410197224620
:1079800001200021009F00F009FE38184D410090B1
:107990002046641E0028DFDC019B00982946324601
:1079A00007B0F0BDF0B51FB486B000200090019084
:1079B00002900698069980B204900798090C020478
:1079C0000014114307900027089D099806913E4630
:1079D0003C4603900398A9B20204000C039004985B
:1079E0002D0C154348430021224600F0D7FDC7194E
:1079F000714110340E46402CECDB3846029A00F000
:107A0000CDFD009A019B8018009059410298019188
:107A1000103002904028CCDB00980BB0F0BD000085
:107A20000048704730FD010810B50446FFF7F8FF25
:107A30000068005DC007C00F10BD014661391929FB
:107A400000D820387047000038B50446C0681821B7
:107A5000401E4843A16840183C21484361684018D3
:107A60003C2148432168451860690C21484321693D
:107A700040186921C900401A3021FFF74FFF114A11
:107A800050434219084600921A2902DB0E49511848
:107A900000910C21FFF742FF0C4A5043009A8018D6
:107AA00000900B4806E0491E425C074B5A43009B7E
:107AB000D21800920029F6DC2146684600F0AAFDA3
:107AC000009838BD801F8607805101008033E10196
:107AD00034FD010870B50546002900D10721541A6C
:107AE000FF206E30241D844209DB286800F03DF938
:107AF000A04204DC2868401C2860012070BD002CD6
:107B000005DA2868401E286000F02FF904190721C3
:107B10002046FFF703FF401C70BDFFB589B00998F0
:107B20001D46002402920890A20002AB99580878E2
:107B3000491C995000280DD0252810D00A990129F8
:107B40000AD9099908700998401C09900A98401EA2
:107B50000A90F6E0641EF4E000200DB0F0BD087855
:107B6000491C99500028F5D03021022607915A2847
:107B7000EFD020DC4D287BD014DC442842D008DC38
:107B80002528DBD041282AD042282ED04328E0D116
:107B900030E046283DD047284ED0482857D04928C5
:107BA000D7D156E0523803000AF077F8087779A168
:107BB000838693A1A3CB613803000AF06EF8190EF7
:107BC00014192125C22F14C253C2C2565BC261C20E
:107BD0006CC27274C287969BC2006FA000E075A051
:107BE000A9690691BCE082A000E08D482969F8E708
:107BF0008CA140E064216869FFF790FE13307CE0BF
:107C0000E8687AE08BA105E0E868069020200790FC
:107C100074E08BA1641CA200995092E08B486969C2
:107C20000818069006A8EA69A969FFF753FF6421BE
:107C30000698FFF773FE12E0844869690426081865
:107C4000069006A8EA69A969FFF744FF56E0A8680C
:107C500053E0A8680C211730FFF760FE491C06911D
:107C60004CE005E00326E86900E02869401C44E098
:107C7000686842E076A1641CA20002A8815060E01E
:107C8000A8680C2801DA73A000E073A0641CA200AD
:107C900002A9885055E071A1EDE773A1EBE72868D0
:107CA0002BE073A1E7E7A8690126002825D107206A
:107CB00023E0A969E86912E0644869690818069038
:107CC00006A8EA69A969FFF705FF16E00126A86979
:107CD00013E0A8690721801DFFF720FEE869401A1C
:107CE0000721C01DFFF71AFE07E052A1C3E761A1FB
:107CF000C1E70426554869690818069000206946BE
:107D0000087101AF15E00A210698FFF707FE303130
:107D10007F1E39700A210698FFF700FE06900028A2
:107D200007D102E07F1E079838703046761E002883
:107D3000F8DC3046761E0028E5DC641CA10002A8B1
:107D40004750002C00DBEFE60999002008700899E5
:107D50000998401A01E70178401C0029FBD10699D7
:107D60004A1E06920029F6DC90E710B5044681070A
:107D70000BD16421FFF7D2FD00290AD1FF219131F7
:107D80002046FFF7CBFD002903D00020FF306E30E6
:107D900010BD0120FAE7000053756E004D6F6E00B4
:107DA0005475650057656400546875004672690033
:107DB0005361740053756E646179004D6F6E646138
:107DC000790054756573646179005765646E6573F5
:107DD00064617900546875727364617900467269F0
:107DE0006461790053617475726461790000000008
:107DF0004A616E00466562004D617200417072001A
:107E00004D6179004A756E004A756C0041756700D6
:107E1000536570004F6374004E6F760044656300D5
:107E200040FD01082561202562202565202554207C
:107E300025590000256D2F25642F257900000000AD
:107E400025592D256D2D2564000000006C070000CC
:107E50000A000000414D0000504D000025493A2520
:107E60004D3A25532025700025483A254D00000045
:107E70000900000025483A254D3A2553000000002E
:107E800010B5034606A21A210B48FFF746FE0A4822
:107E9000017A302901D120210172074810BD00006C
:107EA00025612025622025642025483A254D3A2564
:107EB000532025590A000000402F002010B500F083
:107EC000A1FBFFF7DDFF10BD03460B439B0703D06B
:107ED00009E008C9121F08C0042AFAD203E00B788F
:107EE0000370401C491C521EF9D27047D2B201E007
:107EF0000270401C491EFBD270470022F6E710B505
:107F000013460A4604461946FFF7F0FF204610BD07
:107F1000421E5378521C002BFBD10B781370491C66
:107F2000521C002BF9D1704730B505462A460B4646
:107F300010781C78521C5B1C002801D0A042F7D09E
:107F4000002C03D0002802D06D1CEFE7284630BD7E
:107F500010B5044605E00B780370401C002B00D0E0
:107F6000491C521EF7D2204610BDCAB2401E4178AD
:107F7000401C8A4202D00029F9D100207047421CDF
:107F80000178401C0029FBD1801A704710B50022EF
:107F900000E0521C835C8C5CA34201D1002BF8D121
:107FA000D8B2E1B2401A10BD0246C9B200E0401C8E
:107FB0000378002BFBD102E003788B4203D0401EF4
:107FC0009042F9D2002070470321001D401E037823
:107FD00012021A43491EF9D51046704770B506467D
:107FE00009F0B4FE046805460A220021304600F07C
:107FF0009DFB2C6070BD024670B54A40D30FDB0775
:1080000040002DD04A002AD0010E140E00021202A8
:108010000919400A520A8418E50104465443000A2B
:10802000120A2E045043A4194219200CC543AA1861
:10803000120C0125AD03521C521912047F3924047D
:1080400000D0521C104301D44000491EC2B20C069D
:10805000C0092018401C4008802A02D003E00020FC
:1080600070BD40084000002900DA0020184370BDB0
:1080700070B502464A40D50F40004A00ED0740085F
:108080005208002814D0002A12D0C40DD30D41028A
:108090000120C0055202490A520AE41A09181218AE
:1080A0007D34914201D3641C00E04900002C01DAC8
:1080B000002070BD0023914201D3891A0343400878
:1080C00049000028F7D100290AD0914202D10121AC
:1080D000C90705E0914201D2012101E00121C94314
:1080E000E005C018401900F059FB70BDF0B5074617
:1080F0000846584087B0C00F049048000E4659000B
:1081000040084908BC1A884105D2384631461E4607
:1081100017460B4602465800400810434CD0300D1D
:10812000039040055900400D490D0590401A0290FA
:10813000402872DA18030121000B09050843019059
:1081400004980092002805D00199524200208841ED
:1081500000920190029840210A1A0199009800F0BB
:108160001DFA05460C466B4607CB00F038FAC019DD
:108170007141039A0E0D0023D71756401A467A40D4
:10818000164344D0049A002A2DD0029A012A039A59
:1081900015DC1205C01A914101263605001C7141FB
:1081A000D20F059ED2070093019202962A462346DB
:1081B00000F042FB07B0F0BD38463146FAE716053D
:1081C000224A0F46B218C01AB74101210905001C06
:1081D0004F4100187F41114618187941E20F1043B2
:1081E0006D19644113E0E2076D0815436408C20786
:1081F0001443039A01261205C01A91413605001C4A
:108200007141CE07400830434908C01851412A4601
:10821000234600F004FBCDE7FFE70498012240006D
:10822000C117121A00238B4104983146C417381A1B
:10823000A141EEE730B40124E407634030BC55E7C8
:1082400030B40124E407614030BC4FE70000E0FF98
:10825000F0B51FB488B00B990998002448400999DB
:10826000C00F490049080991C0070B9900904900C7
:1082700049080B9109990898A64608431CD00B9908
:108280000A98084318D0099801244000420D48007C
:10829000410D099824050003000B204309900B9819
:1082A0000003000B20430B9050181C49401800227B
:1082B00001901446104605E0002001460DB0F0BDC7
:1082C000032801DA034600E003239C46C11A0AAEE4
:1082D0000AE05F0008ADED5B4F00F75B7D430027D0
:1082E000AA187C41491C5B1E6145F2DD410004ABCC
:1082F0005A522104120C0A43240C401C0828DFDBCC
:10830000019802900099704601910090059B049A93
:108310000799069800F090FAD0E700000DFCFFFFE7
:10832000F0B50C465C4085B0E40FE40703944C00C4
:1083300000266408590094464908024602962243E2
:1083400021D062460A431ED06200570D4A000E0338
:108350002303550D012402462C492405781B1B0BD1
:10836000360B401823432643614600901C46501AA2
:10837000B44103D30098401C009002E0921800988A
:108380005B41002803DA0020014605B0F0BD002063
:10839000012109050746864611E064461D46141B67
:1083A000B54106D36546521BB341744607430C439F
:1083B000A646CD0740084908284392185B41054668
:1083C0000D43EAD11046184313D060461946504079
:1083D0007140084306D06046101AB34106D201220C
:1083E000002306E000220123DB0702E00122D24342
:1083F0005310009874460105381C6141029C039D8E
:108400000019694100F00BFABFE70000FD0300000E
:1084100070B54B005B0803430BD04B005C0D00268E
:1084200033466542B341D417AD1AA34102DB0020A5
:10843000014670BD12053018514170BDC217C10F01
:10844000504010B54018CA079623002100F0AEF93D
:1084500010BD00000EB5C217C10F5040CA0740182A
:108460000021054B0293019200910A460B4600F051
:10847000E3F903B000BD0000330400000EB5054968
:108480000291002100910A460B46019100F0D4F9B7
:1084900003B000BD33040000C20F410040020123BD
:1084A000400ADB05D207090EC0187F2901DA002037
:1084B0007047962903DC9623591AC84001E0963983
:1084C0008840002AF4D04042704741004002012217
:1084D000400AD205090E80187F2901DA0020704772
:1084E000962903DC9622511AC84070479639884075
:1084F0007047000070B5CD0F4A0009030123090B36
:108500001B0519430B4BED070024520D9A4201DA6B
:10851000002070BD074B34339A4203DC9A1A00F0F6
:108520004DF802E00449511888402C43F1D04042F4
:1085300070BD0000FF030000CDFBFFFFC20FD2079C
:10854000400040080BD0C10D0723DB01C9184002D1
:108550000905400A1143C208400711437047002033
:1085600001467047CB0FDB07490010B549080246AA
:108570000A4307D00A0D07240903E401090B121B63
:10858000002A01DC002010BDC900440F0C43C100CB
:10859000E018D205801800F001F910BD10B5202AAE
:1085A00004DB0146203A9140002010BD9140202379
:1085B0009C1A0346E3401943904010BD10B5202A91
:1085C00004DB0846203AD040002110BD0B46D340C2
:1085D000D0402024A21A91400843194610BD10B57E
:1085E000202A06DBCB170846203A1041C1170B435F
:1085F00006E00B461341D0402024A21A91400843C4
:10860000194610BD10B5024900F004F810BD000075
:108610005C2F002070B50C4600683C21FFF768F91C
:1086200021603C21FFF764F961601821FFF760F9D0
:108630000546A1600721001DFFF75AF9A1610F4807
:10864000A90008180E49FFF753F90246443288087A
:108650006261E0613B2802D3910700D0401C0021F9
:10866000084B0A462161995C814203D8401A521C8A
:108670002261F8E7401CE060204670BD6C0B0000F2
:10868000B505000096FD01080FB400B589B00CA92E
:1086900000910B990023CB60204B214A069307924F
:1086A000042201921F4A02921F4A089202466B4618
:1086B000002000F0E8F909B008BC04B0184770B514
:1086C00086B006460020C0430190002015460C46A7
:1086D0000091029104903246694604A8FFF7D4FF46
:1086E000024604982118002D05D0002801D0084624
:1086F00000E020462860049800280DD0002A02DD02
:108700000098884208D0081B0190009432466946C0
:10871000029404A8FFF7B8FF06B070BDDD8C000816
:10872000FD8C0008FFFFFF7F297A0008F7B5009C49
:108730000F4600262578641C002D05D0FFF770F940
:108740000068405DC007F5D12B2D02D02D2D18D02B
:10875000641E39462046029A00F0E2FA002F04D047
:108760003968A14201D100993960710502240029BC
:108770000BDA4042002803DD09F0E8FA0460A007A4
:10878000FEBD012080020643E3E70028F8DA09F085
:10879000DDFA04600048FEBDFFFFFF7F002904DA18
:1087A000401C490001D140084000704770B40024CB
:1087B000050C05D11024000402D1002921D0112478
:1087C000050E01D100020834050F01D10001241D5E
:1087D000850F01D18000A41C002801DB4000641C2F
:1087E000002908D020252E1B0D46F540A14000D0C1
:1087F00001212943084301061B1B000ADB1D02D58A
:10880000002070BC7047DB05181880180029F8DAC2
:10881000401C4900F5D170BC40084000704710B5BD
:10882000002B08DA0024401C614192185B411A4376
:1088300001D14008400010BDF0B51FB482B005461C
:108840000C0003D0084609F0F9F902E009F0F6F946
:1088500020300246009021462846FFF79FFE049BE9
:10886000059A04460F4618431143084314D018468E
:1088700010431BD0009840210A1A18460599FFF7AB
:108880009DFE05460E46009A05990498FFF786FE60
:10889000084305D0012004E02046394607B0F0BD6A
:1088A0000020C11705430E432C43374300990E980F
:1088B0006305401A7905E40A00220C43FD0A0A30D8
:1088C00002D500200146E9E70105101969410C9C19
:1088D0000D9D00196941FFF7A2FFDFE74A00090378
:1088E0000123090B1B0519430A4B10B5520D9A427F
:1088F00002DA0020014610BD064B34339A4203DCF5
:108900009A1AFFF75BFE10BD034BD218FFF746FE25
:1089100010BD0000FF030000CDFBFFFF10B50029D4
:1089200004DB0124E40740428C412146002B04DB98
:108930001C460123DB075242A341994200D19042D9
:1089400010BD0000064C0125064E05E0E36807CC8B
:108950002B430C3C98471034B442F7D3FEF7B4FFD6
:10896000140B0208340B0208FFB5087889B01546CD
:10897000FF2805D0491C2D2804D00022002407E040
:1089800000240BE00122F9E70A235C430419491C87
:108990000878FF28F8D1002A00D064420020049013
:1089A0002A7801462D2A01D02B2A0FD16D1C2D2AA1
:1089B00002D00022049209E00122FBE700260A22ED
:1089C00033466D1CFEF7EEFF381871412F78FF2FEC
:1089D000F4D10C9AA218069202460A4304D0FF234F
:1089E000069A9133DA4205DA002109980A4606C050
:1089F0000DB0F0BD0024B74AB54D2646079200F0F1
:108A0000F1F9029006980391002801DA474200E04C
:108A1000074639050020AF4A001C514101910090E2
:108A200012E0F80707D022462B4630460799FFF799
:108A30000FFC0646079122462B4610461946FFF7C3
:108A400007FC04460D467F10002FEAD10698019BD3
:108A50000028009A0399029806DAFFF761FC324673
:108A6000079BFFF75DFC05E0FFF7F2FB3246079B33
:108A7000FFF7EEFB049A002A02D00122D2075140F0
:108A8000099A03C2B4E7FFB591B000200990002510
:108A9000ED432E209E685C681F460190B9696D1CED
:108AA000129888470090396A88470028F6D10098C4
:108AB000401C0AD00D20C0018443002E12DD009816
:108AC0002B2809D02D280DD103E00020C04315B07C
:108AD000F0BD012080020443B9696D1C12988847DB
:108AE000761E009003A9600501D52D2000E02B2003
:108AF0006A461073491C0CA80F9102900AE0B969EC
:108B00006D1C12988847009001204002044313987E
:108B1000761E0560002E02DD00983028EFD0019906
:108B20000098884246D18020044308E00998401EFE
:108B300009900120400204431399681C0860B96938
:108B40006D1C761E1298884700903028EED031E0D8
:108B50000199884205D1200603D480200443761E63
:108B60001EE0009809F0CCF9002826D00120400230
:108B7000044307A90F980331761E88420BD2009850
:108B80000F99303808700F98401C0F90200607D5B9
:108B90000998401E03E0200602D40998401C099061
:108BA000A00502D51399681C0860B9696D1C12985C
:108BB00088470090002ECBDC59E0002E57DD00984E
:108BC000652801D0452852D1A00550D503200002C8
:108BD0008443B9696D1C761E129888470090002E58
:108BE0000CDD2B2804D02D2808D1FF2001300443B0
:108BF000B9696D1C12988847761E0090E00501D572
:108C00002D2100E02B21029801700298401C029057
:108C1000019025E00120400204430EA90298013191
:108C2000761E88420ED20098029930380006000E57
:108C3000087003D10299019881420AD90298401C18
:108C4000029006E0E00501D5234801E022484042B9
:108C50000990B9696D1C12988847009013980560B7
:108C6000002E04DD009809F04BF90028D2D1F969F3
:108C7000129888470F99FF200870029903AA08707C
:108C800000200A900B900CA90AA8099BFFF76CFE24
:108C9000A00502D40120C04319E72420044209D0D2
:108CA000E00713D138680B9A0A99031D3B600068EE
:108CB00006C00BE00B990A98FFF754FC0146E00749
:108CC00004D13868021D3A60006801602846FEE65B
:108CD000000014400000F03FF1D8FFFF4268002A76
:108CE00008D001680B78491C002B03D0521E06C027
:108CF000184670470121C160881E70474268002AEB
:108D00000BD0C3680168002B07D183688B4204D065
:108D1000491E521C06C0002070470020C043704707
:108D2000F7B582B0029C00272078641C1546019795
:108D3000302802D0002D15D015E020780127641CC2
:108D4000782804D0582802D0002D09D00BE0002D3F
:108D500001D0102D07D1002710252078641C02E0D7
:108D6000082500E00A250026009610E0009901275A
:108D700069430818020C294680B2714300908E188E
:108D80003804864201D3012001902078641C2946D2
:108D900000F019F80028E9DA0398002805D0002F20
:108DA00001D0641E00E0029C04600198002806D0F7
:108DB00008F0CCFF02210160C81E05B0F0BD00998B
:108DC00030040843F9E73A2800D23038202302461D
:108DD0009A43412A01D310463738884201D30020F4
:108DE000C04370470EB5054A029200220092134616
:108DF0000192FFF721FD03B000BD00003304000025
:108E000070B58C180578401C6B075B0F01D1037897
:108E1000401C2A1106D10278401C03E006780E702F
:108E2000401C491C5B1EF9D12B0705D40023521EA0
:108E30000DD40B70491CFAE70378401CCB1A921C26
:108E400003E01D780D70491C5B1C521EF9D5A14230
:108E5000D8D3002070BD000070B5044603F06CFF4D
:108E600001461F48808E48431E49FEF757FDFFF715
:108E7000E5FA05461C48007800282CD11B4884429E
:108E80000BD12846FFF75AFB04460E4601F078FF47
:108E900001462246334616A01BE01B4884420BD1F4
:108EA0002846FFF74BFB04460E4601F069FF0146DA
:108EB0002246334615A00CE0012C0CD12846FFF7C2
:108EC0003DFB06460C4601F05BFF01463246234659
:108ED00014A008F08FFE2846FFF7F7FA80B270BDA5
:108EE000A8000020FF0F00001F000020100000104D
:108EF0005B25645D6164635F6D562831293A252ED8
:108F000032660D0A00000000020000045B25645D6B
:108F10006164635F6D562832293A252E32660D0A48
:108F2000000000005B25645D6164635F6D5628335B
:108F3000293A252E32660D0A0000000038B5044695
:108F4000064805490068FEF7D3FC604300E0401E78
:108F500000900028FBD138BD40420F00CC0100201A
:108F6000F8B50446006881688907890F012902D194
:108F70000168C90722D18168114A102611400125D4
:108F800000290ED18168294381600120FFF7D6FFB7
:108F900001F0F6FE07460CE001F0F2FEC01B0A28C5
:108FA00007D9606D30436065A06D2843A06501203E
:108FB000F8BD20680068C043C007EDD10020F8BDAF
:108FC0001700008070B50646002411F0F3F92BA1BC
:108FD0003046FEF7DBFF00281AD029A13046FEF705
:108FE000D5FF002815D0274D18206043295830465A
:108FF000FEF79AFF002810D023A13046FEF794FF19
:10900000002810D0182044436019816830468847F2
:1090100070BD30460AF056FB70BD641CE4B22F2CC4
:10902000E2D9012070BD19A13046FEF77DFF00286E
:109030000AD0182044436019C16830468847002888
:10904000F0D10BF0A9FC16E011A13046FEF76CFF41
:1090500000280AD001F094FE01461820444360190C
:1090600042690CA008F0C6FD05E0182044436019D1
:10907000016930468847002070BD0000415400005F
:1090800041543F00ACD001083D3F00003D000000CE
:109090003F0000005B25645D25730D0A00000000A1
:1090A000F8B5564F00222021384601F062FE7D209F
:1090B000C00001F0DBFB5248514C407A01250226EA
:1090C000183C01280ED003280CD009280AD0022809
:1090D00025D0052861D0072879D0082879D00A281A
:1090E00079D084E004F098FC11F0E2FE012806D16A
:1090F000257044A008F07EFD142001F0B7FB11F0AC
:10910000F9FF012806D1267044A008F073FD142051
:1091100001F0ACFB2078002837D146A030E000F009
:10912000A1FF00F0DBFF642001F0A0FB80213846A6
:1091300001F016FE002812D004F06EFC022013F09D
:1091400067FF4349884206D2657042A008F052FD8D
:10915000142001F08BFB607800280CD015E06670BD
:1091600044A008F047FD142001F080FB00F05CFFF4
:1091700000F096FF09E008F0D1FA012809D049A0D3
:1091800008F038FD142001F071FB514802F002F99B
:109190002DE0032060704FA0F2E708F003FD08F017
:1091A000D3FC00F0FBFFFF20F53001F05FFB00F087
:1091B000F5FF08F0E7FC08F0B7FC4DA008F01AFD39
:1091C000142001F053FB12E001E002E003E04EA0A6
:1091D0000BE054A009E007F0BBFC12F053FD20792E
:1091E000002801D057A000E05CA008F003FD012298
:1091F0002021384601F0BDFDF8BD000000040050FC
:10920000680000205573652053656E736F72206986
:10921000732053485432780D0A00000055736520BE
:1092200053656E736F722069732053485433780D01
:109230000A0000004E6F204932432064657669635E
:10924000652064657465637465640D0A0000000040
:10925000E70300005573652053656E736F722069D4
:1092600073204C494441525F4C6974655F763348C2
:10927000500D0A005573652053656E736F72206937
:109280007320756C747261736F6E696320646973A7
:1092900074616E6365206D6561737572656D656E71
:1092A000740D0A004E6F2064697374616E636520EB
:1092B0006D6561737572656D656E74206465766940
:1092C00063652064657465637465640D0A0000005D
:1092D000A00400205573652053656E736F7220697A
:1092E0007320756C742073656E736F720D0A0000C5
:1092F0005573652053656E736F72206973204858EB
:109300003731310D0A0000003378414443202B20CF
:10931000337844533138423230206D6F64650D0A22
:1093200000000000546872656520696E7465727291
:1093300075707420636F6E74616374206D6F646503
:109340000D0A00005573652053656E736F722069B6
:109350007320544D503131370D0A00004E6F2054A8
:109360004D503131372064657465637465640D0A4E
:109370000000000030B50024074B43431B0D04D010
:10938000E4183C256B43C01AF6E73C2801D33C386F
:10939000641C10600C6030BD4444000010B50248ED
:1093A00001F094F910BD00008806002030B5446C2F
:1093B0001C252C400125A540046C65600468636091
:1093C0008368102B036803D099600068C26030BDC9
:1093D0009A600068C16030BDFEB5354D0646002775
:1093E0007F1CFFB2304600F083F8002835D13046AC
:1093F00000F078FA3146442000F080FA012028700D
:109400002C4801F033FA304600F06CFA3146BE20A9
:1094100000F074FA304600F01BFA0446304600F0C3
:1094200017FA000200B2204308D5C043401CFFF7E2
:1094300011F80022204BFEF70BFF05E0FFF70AF8BA
:109440000322D243FEF7E4FFFFF78CF804461B48E3
:10945000844202D81A48844203DD00202870194C47
:1094600004E01948844201D1022FB9D3174800788B
:1094700000280ED12046FFF761F80746009101F061
:109480007FFC0099019101463246009710A008F038
:10949000B1FB012E04D0022E04D0032E04D004E030
:1094A0006C6002E0AC6000E0EC602046FEBD0000B5
:1094B0004C010020EE0200000000B0BF00005CC2C2
:1094C0000000FA4200C0CCC30000AA421F000020E6
:1094D0005B25645D445331384232302825642920AD
:1094E00074656D7020697320252E3166200D0A0089
:1094F00010B5044600F0A4F8012C06D005200007A2
:10950000022C06D0032C07D00AE0012208210848CB
:1095100004E00122510201E00122910201F029FC44
:10952000204600F0A5F9204600F0C2F810BD00006A
:109530000004005030B500221949032387B00128E8
:1095400013D005240125240702281FD003281BD18E
:10955000C86A2843C862C86A284005900815009068
:1095600069460193029220460CE0CC6A0220044333
:10957000CC62C96A019301400591082000900292D3
:109580006946084801F02AFB07B030BDC86A284385
:10959000C862C86AC007C00F059001204002DEE71C
:1095A0000010024000040050F0B500260125224CB6
:1095B00087B0012818D005231B07022823D00328D1
:1095C00037D1012297023946184601F0D2FBE06AF2
:1095D0002843E062E06A009728400590052069462C
:1095E00001960295000722E0144F01220821384617
:1095F00001F0BFFBE16A02200143E162E16A014040
:10960000082005910EE0012251021F46184601F084
:10961000B0FBE06A2843E062E06AC007C00F059033
:10962000012040020090694601960295384601F0FB
:10963000D5FA07B0F0BD0000001002400004005051
:1096400010B501221849022386B0012812D0052442
:10965000240702281ED003281AD1C86A1043C86202
:10966000C86A10400590081500906946039301925E
:1096700020460BE0C86A1843C862C86A69461840A9
:1096800005900820009003930192084801F0A6FA83
:1096900006B010BDC86A1043C862C86AC007C00FD0
:1096A000059001204002DFE7001002400004005056
:1096B00070B50024012806D005252D0702282AD0E0
:1096C00003284ED074E00120FFF76EFF394D04E00F
:1096D000641CE4B2012000F0ABF90821284601F037
:1096E0003FFB002802D0642CF2D35FE0642C5DD2F3
:1096F000002404E0641CE4B2012000F099F9082180
:10970000284601F02DFB002802D1F02CF2D34DE0C9
:10971000F02C4BD24CE00220FFF746FF01267602E8
:1097200004E0641CE4B2012000F082F931462846CE
:1097300001F016FB002802D0642CF2D336E0642C32
:1097400034D2002404E0641CE4B2012000F070F97B
:109750003146284601F004FB0028D9D1F02CF2D381
:1097600024E00320FFF720FF0126B60204E0641C7A
:10977000E4B2012000F05CF93146284601F0F0FA2D
:10978000002802D0642CF2D310E0642C0ED2002406
:1097900004E0641CE4B2012000F04AF93146284696
:1097A00001F0DEFA0028B3D1F02CF2D3012070BD15
:1097B000002070BD0004005070B5012806D00524BB
:1097C0002407022813D003282BD025E00120FFF71F
:1097D00037FF1E4C00220821204601F0CAFA0A2059
:1097E00000F026F90120FFF7DFFE08210EE002203D
:1097F000FFF726FF01256D0200222946204601F0D1
:10980000B8FA0A2000F014F9022018E0204601F00E
:10981000A7FA012817D000222D2000F009F91046E0
:1098200070BD0320FFF70CFF0125AD020022294681
:10983000204601F09EFA0A2000F0FAF80320FFF714
:10984000B3FE2946E2E70122E6E7000000040050EB
:1098500070B5002506462C463046FFF7ADFFA04008
:109860002843641CE4B2C5B2082CF5D3284670BD69
:1098700070B51A4D012814D005242407022825D0DC
:10988000032822D1FFF7DCFE00220126B602314672
:10989000204601F06EFA284600F0CAF8012231464F
:1098A0000DE00120FFF7CCFE0D4C002208212046E0
:1098B00001F05FFA284600F0BBF80122082120469B
:1098C00001F057FA0F2000F0B3F870BD0220FFF747
:1098D000B7FE002201267602D9E70000EE02000062
:1098E0000004005010B50446FFF7C2FF2046FFF702
:1098F000DFFE2146CC2000F001F810BDF8B504468B
:1099000001291FD005252D07022949D0032946D159
:109910000320FFF795FE00260127BF02E007C00FD6
:10992000640800286BD000223946284601F021FA4D
:10993000082000F07DF801223946284601F019FA86
:109940003A206AE00120FFF77BFE384E0025E00751
:10995000C00F640800280ED000220821304601F014
:1099600008FA082000F064F801220821304601F0CE
:1099700000FA3A200DE000220821304601F0F9F902
:10998000462000F055F801220821304601F0F1F997
:10999000022000F04DF86D1CEDB2082DD7D3F8BDB4
:1099A0000220FFF74DFE002601277F02E007C00FCF
:1099B000640800280ED000223946284601F0D9F963
:1099C000082000F035F801223946284601F0D1F987
:1099D0003A200DE000223946284601F0CAF9462017
:1099E00000F026F801223946284601F0C2F902208B
:1099F00000F01EF8761CF6B2082ED7D3F8BD002270
:109A00003946284601F0B5F9462000F011F8012248
:109A10003946284601F0ADF9022000F009F8761C1D
:109A2000F6B2082E00D279E7F8BD0000000400501D
:109A300006E00021491CC9B20429FBD3401E80B2B4
:109A40000028F6D17047000010B55021014800F001
:109A500021FA10BD005E0208F8B500261248710216
:109A60000F1881141148FEF748FA00252C46A8006B
:109A7000C01900F075FA0D49020E0A550919020CB9
:109A80004A70020A6D1C241D8A70ADB2C870A4B25F
:109A9000802DECD3054906A008F0ACF8761CF6B290
:109AA000142EDBD3F8BD0000005E0208701F0020FA
:109AB0002573000010B5012001F084F810BD10B529
:109AC000102001F07FF8FF20013001F07BF88020AA
:109AD00001F078F80120C00301F074F810BD000017
:109AE00070B586B0054614216846FEF706FA0220D6
:109AF0000024354901228603344B002D06D0012D68
:109B000024D0022D32D0032D40D054E0CD6A15432D
:109B1000CD62CA6AD207D20F0592CA6A0243CA62EC
:109B2000C96A00960140032005910190029469469C
:109B3000184601F053F81020009005200194694662
:109B40000294000701F04AF806B070BDCD6A1543D3
:109B5000CD62CA6AD207D20F0592CA6A0243CA62AC
:109B6000C96A009601401A4805911EE0CD6A154366
:109B7000CD62CA6AD207D20F0592CA6A0243CA628C
:109B8000C96A00960140134805910EE0CD6A15435D
:109B9000CD62CA6AD207D20F0592CA6A0243CA626C
:109BA000C96A009601400C480591019069460294EB
:109BB000184601F013F800220221072001F0AAFC48
:109BC000072001F09BFCBFE700100240000400509A
:109BD00000003110000021100000111010B586B0F7
:109BE000044614216846FEF788F90523002024491D
:109BF00001221B07002C06D0012C15D0022C1DD0F1
:109C0000032C25D033E0CC6A1443CC62C96A00929D
:109C1000C907C90F059103210191029069461846B1
:109C200000F0DCFF06B010BDCC6A1443CC62C96AF8
:109C30000092C907C90F0591124912E0CC6A14437A
:109C4000CC62C96A0092C907C90F05910E4908E0A4
:109C5000CC6A1443CC62C96A0092C907C90F059146
:109C60000A49019102906946184600F0B7FF0022A8
:109C70000221052001F04EFC052001F03FFCD1E758
:109C800000100240000031100000211000001110EF
:109C900030B587B0044614216846FEF72EF9052535
:109CA00000202549012210232D07002C06D0012C6D
:109CB00015D0022C1DD0032C25D033E0CC6A1443E0
:109CC000CC62C96A0093C907C90F059103210191AC
:109CD00002906946284600F081FF07B030BDCC6A8B
:109CE0001443CC62C96A0093C907C90F059113498F
:109CF00012E0CC6A1443CC62C96A0093C907C90F49
:109D000005910F4908E0CC6A1443CC62C96A0093FC
:109D1000C907C90F05910B49019102906946284670
:109D200000F05CFF00220221072001F0F3FB072076
:109D300001F0E4FBD1E70000001002400000311008
:109D4000000021100000111010B5044600F0E8FDDD
:109D500022460349022000F0B9FD00F0ADFD10BD20
:109D6000080008087047000010B5084900224A6141
:109D700007494B684C1523434B604B680824234329
:109D80004B60C009C001026010BD0000282F0020F8
:109D90000020024010B5214A00219069C3052048E7
:109DA00004D54169022319434161911593699B05CB
:109DB00005D5436901242343436163021943936931
:109DC0005B0505D54369082423434361E301194337
:109DD00093691B0505D5436904242343436163024A
:109DE000194393699B0405D54369102423434361B8
:109DF0006302194393699B0304D5446920231C43E0
:109E0000446119439369DB0305D543694024234327
:109E10004361A0020143916110BD00000020024097
:109E2000282F002070B5054600F0AAFF0646184C02
:109E30000AE0681C08D0002D04D000F0A1FF801BB0
:109E4000A84201D9032070BDA069C007F1D1A06963
:109E5000800701D50220A061A069C00511D4A069C6
:109E600080050ED4A06940050BD4A069000508D474
:109E7000A069800405D4A069800302D4A069C0034E
:109E800003D5FFF787FF012070BD002070BD0000E3
:109E90000020024070B50D460646002400F0C8FDC3
:109EA000094A0020956041C20849074800F052FD68
:109EB000002806D0641CE4B2032CF5D104A007F0FE
:109EC00099FE00F089FD70BD601E00200801002091
:109ED0006572726F7220696E204572617365206FC2
:109EE0007065726174696F6E0A0D0000F8B51646F0
:109EF0000F460546002400F09BFD14E0A0003A58F0
:109F00002946022000F076FD002809D008A007F0BD
:109F100071FE00F05BFD01460CA007F06BFE04E053
:109F2000641CA4B22D1DB442E8D300F055FDF8BD69
:109F30006572726F7220696E205772697465206F46
:109F40007065726174696F6E0A0D000077726974D2
:109F5000655F6572726F725F666C61673A25780043
:109F60000168024841604068704700000801002015
:109F700001491320887170470000002010B507497F
:109F8000074806F09CFF0748818E07484143044874
:109F900006F0FCFF024807F00BF810BDAD9F00086B
:109FA000300400206800002080EE360010B50B4819
:109FB000818E0B4841430B4806F0E8FF094806F044
:109FC000F7FF09480078012807D10848817F002958
:109FD00003D10121C1762030417010BD68000020FE
:109FE00080EE3600300400204500002000000020F4
:109FF00000B587B014216846FDF77FFF0948C16AA4
:10A0000001221143C162C06A694610400590602078
:10A0100000900020019002900520000700F0DEFD76
:10A0200007B000BD0010024000B587B0142168469B
:10A03000FDF763FF0948C26A02210A43C262C06A8F
:10A04000084005908020009003200190002002909D
:10A050006946034800F0C2FD07B000BD0010024091
:10A060000004005000B587B014216846FDF745FF95
:10A070000948C26A02210A43C262C06A08400590C8
:10A080008020009000200190012002906946034842
:10A0900000F0A4FD07B000BD001002400004005015
:10A0A00000B587B014216846FDF727FF0948C26A4A
:10A0B00002210A43C262C06A084005904020009015
:10A0C00003200190002002906946034800F086FDBD
:10A0D00007B000BD001002400004005000B587B07A
:10A0E00014216846FDF709FF0A48C26A02210A43A3
:10A0F000C262C06A08400590402000900120019093
:10A1000000200290032003906946034800F066FD9A
:10A1100007B000BD0010024000040050F0B58DB043
:10A1200004462C216846FDF7E8FE2046FDF756FF61
:10A130000C90601DFDF752FF0B9020460830FDF794
:10A140004DFF074620460B30FDF748FF06462046E8
:10A150000E30FDF743FF054620461130FDF73EFF68
:10A160000146074A0C98801805900B986A46401ED5
:10A170000490E2C26846FDF767FC0DB0F0BD000038
:10A1800094F8FFFF08B500906846FDF797FE01467A
:10A1900001A007F02FFD08BD2573000010B503F0E6
:10A1A0007DF80149486010BD5C01002070B503F0E6
:10A1B00075F80C4C00252060616888420ED0401A6A
:10A1C000FEF73CF90849096CFDF752FFFEF764F908
:10A1D0000649A06040180649884200D3A560A068DF
:10A1E00070BD00005C010020A8000020A0860100D6
:10A1F000410D0300F8B5054604464035287C00268D
:10A20000012808D001202874206881688907890FF7
:10A2100001290ED101E00220F8BD0168C90708D06C
:10A22000606D2021084360650126002028743046B7
:10A23000F8BD616DFF220132914302221143616535
:10A24000C1688907890F0091C16889088900C160C8
:10A250002068816892071143816000F091FD0746F4
:10A260000EE000F08DFDC01B0A2809D9606D0221A7
:10A270008843102108436065002028740120F8BD40
:10A28000206880680028ECDB2068C168009A1143D0
:10A29000C160606D80088000401C6065C5E70000FB
:10A2A000F8B506460D464036317C01290DD0012116
:10A2B000317401688A68520709D5416D2022114323
:10A2C0004165002030740120F8BD0220F8BD174B15
:10A2D0006A68D80547109A42154C8A6A2B6812D0D2
:10A2E0005B035B0B1A438A622968490305D5A168A1
:10A2F0000143A1600A20FEF721FE2868800312D5E1
:10A30000A06838430EE05B035B0B9A438A622968BE
:10A31000490302D5A1688143A1602868800302D562
:10A32000A068B843A06000203074F8BD01100000A0
:10A33000002701400068006C7047000070B5040001
:10A3400006D0606D264600254036002802D006E083
:10A35000012070BDA5653574204600F0D3F8606D0E
:10A36000C00603D421688868400705D5606D1021B8
:10A37000084360653574EBE7606DFF22013290435E
:10A3800002221043606588688207920F5B48012AA9
:10A3900002D10A68D2072BD1032362689B079A4235
:10A3A00005D05B429A4202D05B009A4209D10A6909
:10A3B000920092080A6121680A6963681A430A6177
:10A3C0000CE00A69920092080A6181680F229204E7
:10A3D0009143816081686268114381602168CA6825
:10A3E00018239A43CA602168CA68A3681A43CA60DE
:10A3F000816801225206914381608168A28E5206D3
:10A400001143816020688168C90004D481680122F9
:10A410001207114381602068C168394A1140C16048
:10A420002069E168022825D0002001432046203021
:10A430000278037B52035B001A431143226B1143E2
:10A44000A26992031143E269D20311432268D368DF
:10A450001943D160616A0A46FF3AC23A05D0A26A3E
:10A4600011432268D3681943D16042780121012A3F
:10A4700002D00BE00420D8E70078002823D0606DDC
:10A48000202210436065A06D0843A065E06B0128A1
:10A4900020681FD00169C90703D001694908490034
:10A4A000016120684169C908C900416120684169AA
:10A4B000A26B11434161A565606D80088000401C5E
:10A4C0006065002070BD2068C26801231B041A4328
:10A4D000C260DBE70269FF239B009A4302612068A8
:10A4E0000269236CA66C1A43636C33431A430261FE
:10A4F000206802690A430261D3E700000027014097
:10A500001902FEFF00680449884204D10348416BE8
:10A51000421511434163704700240140001002407E
:10A52000F8B504464069254640350E4608280BD04C
:10A530002068C068C00709D0606D202108436065AD
:10A54000002028740120F8BD082700E00C2700F047
:10A5500017FC009011E0701C0FD0002E05D000F009
:10A560000FFC0099401AB04207D9606D04210843DE
:10A570006065002028740320F8BD20680068384218
:10A58000E9D0606D01214902084360652068C16817
:10A5900009058A0F0C21002A1BD12022125D002AF6
:10A5A00017D10268120714D5826853070122002BC5
:10A5B00008DB43688B434360606D1302984310438C
:10A5C000606506E0606D202318436065A06D104350
:10A5D000A065A069002801D1206801600020F8BDB5
:10A5E00070B50446216800208968490721D42546B2
:10A5F0004035297C01291CD001212974E1690129F8
:10A6000004D02046FEF7ACFC002811D1616D0A4A47
:10A610001140FF220132114361650021A1652974B7
:10A6200022681C21116021688A6804231A438A6009
:10A6300070BD022070BD0000FEF1FFFF30B5014685
:10A6400020314A790023022A04D00422C2630B710C
:10A65000012030BD026814680E25AC431460026806
:10A660001468640864001460446C1C2214400122C5
:10A670001546006CA54045604A7118460B7130BD07
:10A6800070B50024014620314A79022A03D0042102
:10A69000C163012418E0026813680E25AB43136000
:10A6A000026813685B085B001360436C1C22134054
:10A6B000012215469D40036C5D604A7100220A71BB
:10A6C000816B002900D08847204670BDF0B4016C32
:10A6D0000D6801680C68466C1C2304221E40174656
:10A6E000B7402F420ED067070CD50C68A40602D4E1
:10A6F0000C6894430C60416C19408A40016C4A60BC
:10A70000016B1AE00227B74002462F402032002F8B
:10A7100017D0A70715D50C68A40605D40C680A2520
:10A72000AC430C6001215171446C02211C40036C4C
:10A73000A140596000211171C16A002918D0F0BCF4
:10A7400008470827B7402F4212D0240710D50C68BD
:10A750000E25AC430C60446C01211C400B46A34009
:10A76000046C6360C163517100211171416BE4E7B6
:10A77000F0BC704770B504003CD01F482568142118
:10A780002818FDF7B5F8800060641C482064022199
:10A79000204620300246417129681948E36801408B
:10A7A000A06866691843236933431843A3691843B3
:10A7B000E3691843236A1843084328600121A0680D
:10A7C0008903884210D00D488030836A656C1C2153
:10A7D0000D400F26AE40B3438362656C63680D4045
:10A7E000816AAB400B4383620020E0630121517119
:10A7F000107170BD012070BDF8FFFDBF0000024068
:10A800000F80FFFFF8B504468C4620300179002503
:10A81000012909D00126067141790027012905D0B7
:10A82000077102252846F8BD0220F8BD02214171BA
:10A83000E7632068016849084900016061462046D5
:10A84000FEF7B4FD206B00282068016801D00E22BD
:10A8500005E0042291430160206801680A22114347
:10A8600001602068016831430160DBE770B5044690
:10A8700000F086FA0546601C02D0044800782418CF
:10A8800000F07EFA401BA042FAD370BDC001002048
:10A8900070B5074D04462846FFF7C4FA002805D1D5
:10A8A0000449486120602846FFF7BCFA70BD0000EB
:10A8B00050C30000282F00200348416801221143A3
:10A8C000416000207047000000200240F8B5124DA2
:10A8D0000746287C14460E46012807D0012028741C
:10A8E0000E48FFF79FFA002802D00CE00220F8BDC6
:10A8F00000216961022F09D0012F09D0002F09D052
:10A900000648FFF78FFA00212974F8BD3460FAE792
:10A910003480F8E73470F6E7282F002050C3000099
:10A9200009494868C0070DD0EFF3108072B6074A96
:10A93000CA60074ACA6080F310884868C00701D01F
:10A94000012070470020704700200240EFCDAB8906
:10A9500005040302F8B51A4E0546307C0F4601285F
:10A9600007D0012030741748FFF75CFA010002D0CD
:10A9700021E00220F8BD0020C04338606C6814E07C
:10A980002046FFF7F1F90F48FFF74CFA01460E4851
:10A99000426808239A434260426843159A434260E2
:10A9A000002901D03C6006E08034A8686A68C001D4
:10A9B0008018A042E4D8002030740846F8BD00009A
:10A9C000282F002050C300000020024001484069A9
:10A9D00070470000282F00200548416802221143DB
:10A9E000416041680122114341600020704700002E
:10A9F00000200240F8B50C4C1646207C0F4601287A
:10AA000008D0012020740948FFF70CFA002500281F
:10AA100002D006E00220F8BD65613E600348FFF702
:10AA200001FA2574F8BD0000282F002050C3000053
:10AA300011484168C9070BD0EFF3108172B60F4A75
:10AA4000C2600F4AC26081F310884168C9070ED105
:10AA5000416889070DD5EFF3108172B6094A02618A
:10AA6000094A026181F310884068800701D50120FE
:10AA7000704700207047000000200240EFCDAB89F6
:10AA800005040302BFAE9D8C16151413F8B5484A91
:10AA9000494C9278494B9446464A01219579444A5B
:10AAA000C903D778267D5A7A153D884223D1062AD4
:10AAB0001DD0082A02D0092A19D001E0012E16D093
:10AAC0003B486646012E15D1092A13D0394A322D4A
:10AAD00010D3042F0ED10125557695710222C27034
:10AAE0009D71374800F03CF96070257032E0A06835
:10AAF000401CA060F8BD10280ED0012831D0C11F25
:10AB0000F93905D08028F5D12A4901204875F8BDCA
:10AB1000274902204871F8BD082A01D1012E1CD016
:10AB2000234861460129F6D12249322DF3D3082A60
:10AB3000F1D1002EEFD1042FEDD101254D768D718D
:10AB40000221C1700520DD711021000700F008F915
:10AB5000E070A57002F058FDF8BDE068401CE060B0
:10AB6000F8BD082A02D0092A1DD001E0012E1AD012
:10AB70000F4861460129F3D10E49322DF0D3082A3E
:10AB8000EED1002EECD1042FEAD101254D768D7146
:10AB90000221C17005201D722946000700F0E0F86F
:10ABA00060712571D6E72069401C2061F8BD000066
:10ABB0008401002000000020A80000206800002080
:10ABC0000004005010B504494A69024202D04861AD
:10ABD000FFF75CFF10BD000000040140F8B5002342
:10ABE0000124A7E027469F403A4070D04D68022DCF
:10ABF00001D0122D14D1DD08AD002D1800952D6A5D
:10AC00005E07AC46F50E0F26AE46AE406546B54330
:10AC1000AC460E697546AE4065462E43009D2E62D9
:10AC20004D68012D05D0022D03D0112D01D0122D1C
:10AC300016D185680326AC465D00AE46AE4065463B
:10AC4000B543AC46CE687546AE4065462E43866039
:10AC500046680D79BE43ED06ED0F9D4035434560D6
:10AC600006685F000325BD40AE46AE430D79B4468D
:10AC7000AE07B60FBE4065462E430660C6687546F1
:10AC8000AE438D68BD403543C5604D68ED0050D57D
:10AC90002B4D6E6B26436E639E082A4DB6007519C8
:10ACA000AC46AD689E07360F0F27B740BD4305275A
:10ACB0003F07B84201D100271AE0234FB84201D123
:10ACC000012715E0214FB84202D1022710E030E001
:10ACD0001F4FB84201D103270AE01E4FB84201D1ED
:10ACE000042705E01C4FB84201D1052700E00627E4
:10ACF000B7402F436546AF60184D2E684F689643A6
:10AD0000FF0300D516432E606E684F689643BF035D
:10AD100000D516436E60AE684F689643FF0200D5BB
:10AD20001643AE60EE684F689643BF0200D51643E7
:10AD3000EE605B1C0A681546DD4000D052E7F8BDA6
:10AD400000100240000001400004005000080050C4
:10AD5000000C005000100050001C00500004014086
:10AD60000069084000D00120704742694A404261B2
:10AD70007047002A01D081617047816270470000EE
:10AD80000148806870470000C001002070B502468D
:10AD900040325378202B1CD11378012B19D001237A
:10ADA000137024245470046825689D43256004684A
:10ADB00025681E03B5432560046825680D4325609A
:10ADC0000068016819430160202050700020107055
:10ADD00070BD022070BD70B5024640325378202B02
:10ADE0001BD11378012B18D0012414702423537025
:10ADF00003681D68A5431D6005682B680F26360291
:10AE0000B3430902194329600068016821430160C6
:10AE1000202050700020107070BD022070BD000016
:10AE200070B5040006D02546403568780026002815
:10AE300002D005E0012070BD2E70204600F0ACFA73
:10AE400024206870206801684908490001600F21CA
:10AE50006068090688432168086121688A680120C2
:10AE6000C00382438A60E1680129A16808D02122D9
:10AE70009202114322689160E168022902D005E044
:10AE80000143F7E701212268C902516021684A683D
:10AE90000F4B1A434A602168CA688243CA606169DD
:10AEA00020690843A169090208432168C860216A32
:10AEB000E0690843216808602068016801221143A5
:10AEC00001606664202068702663AE70002070BD4B
:10AED00000800002FFB5054604464035687881B021
:10AEE000202878D12878012875D001202870FFF714
:10AEF00047FF0746012200901923D103204602F0A4
:10AF0000CDFA00283CD1222068701020A8700026BD
:10AF1000666403986062049860856663618D2F485B
:10AF2000FF2903D9FF22228500903BE0618D218516
:10AF300000903DE02046029902F09CFA16E002F0F3
:10AF4000D5FA00281CD12068406A616A0870606ADE
:10AF5000401C6062208D401E81B22185608D401EA4
:10AF60006085608D002801D000290CD0608D0A9981
:10AF700000283A462046E2D102F0F8FA00281CD018
:10AF8000012005B0F0BD00970022802120460A9BD9
:10AF900002F084FA0028F3D1608DFF2805D9FF2242
:10AFA0002285009601231B06C4E7608D208500964C
:10AFB000208D0123C2B25B06BCE721682020C86156
:10AFC00021684A68064B1A404A606870AE702E705D
:10AFD0000020D6E7FFE70220D3E70000002400802E
:10AFE00000E800FEFFB5054604464035687881B0AC
:10AFF000202878D12878012875D001202870FFF703
:10B00000BFFE0746012200901923D103204602F01B
:10B0100045FA00283CD1212068701020A870002635
:10B02000666403986062049860856663618D2F484A
:10B03000FF2903D9FF22228500903BE0618D218505
:10B0400000903DE02046029902F014FA16E002F06A
:10B05000B3FA00281CD1606A216800788862606AAF
:10B06000401C6062608D401E6085208D401E80B255
:10B070002085618D002901D000280CD0608D0A99AF
:10B0800000283A462046E2D102F070FA00281CD08F
:10B09000012005B0F0BD00970022802120460A9BC8
:10B0A00002F0FCF90028F3D1608DFF2805D9FF22BA
:10B0B0002285009601231B06C4E7608D208500963B
:10B0C000208D0123C2B25B06BCE721682020C86145
:10B0D00021684A68064B1A404A606870AE702E704C
:10B0E0000020D6E7FFE70220D3E700000020008021
:10B0F00000E800FEFFB5054604464035687883B099
:10B10000202875D10C98002814D00D98002811D053
:10B11000287801286CD001202870FFF731FE0746FF
:10B12000012200901923D103204602F0B7F900282C
:10B1300074D103E00120400260646FE02220687057
:10B140004020A870002666640C9860620D986085A7
:10B1500066630E980090019704A90EC9204602F07C
:10B1600029F9002801D02E7058E0618D3448FF295C
:10B1700005D9FF22228501231B06009006E0618D80
:10B1800021850090208D0123C2B25B0620460499E0
:10B1900002F070F900970022042120460E9B02F075
:10B1A0007DF900283AD12068406A616A0870606AB7
:10B1B000401C6062208D401E81B22185608D401E42
:10B1C0006085608D00281FD000291DD100970022C6
:10B1D000802120460E9B02F061F900281ED1608D6F
:10B1E000FF2806D9FF22228501231B06009607E0CF
:10B1F00024E0608D20850096208D0123C2B25B067D
:10B200002046049902F036F9608D0028C2D13A46F2
:10B2100020460E9902F0AAF9002802D0012007B0BA
:10B22000F0BD20682021C16120684268054B1A40AA
:10B2300042606970AE702E700020F0E70220EEE7E9
:10B240000024008000E800FEFFB5054604464035B6
:10B25000687883B0202872D10C98002814D00D98FB
:10B26000002811D02878012869D001202870FFF724
:10B2700087FD0746012200901923D103204602F0E2
:10B280000DF9002871D103E00120400260646CE0F8
:10B29000212068704020A870002666640C986062C7
:10B2A0000D98608566630E980090019704A90EC9F9
:10B2B000204602F0AFF8002801D02E7055E0608DD6
:10B2C000FF2805D9FF22228501231B06009606E0F0
:10B2D000608D20850096208D0123C2B25B0620463A
:10B2E000049902F0C7F83A4620460E9902F064F934
:10B2F00000283AD1606A216800788862606A401C40
:10B300006062608D401E6085208D401E80B2208569
:10B31000618D00291FD000281DD1009700228021B7
:10B3200020460E9B02F0BAF800281ED1608DFF283F
:10B3300006D9FF22228501231B06009607E024E0A0
:10B34000608D20850096208D0123C2B25B062046C9
:10B35000049902F08FF8608D0028C4D13A46204647
:10B360000E9902F003F9002802D0012007B0F0BDC9
:10B3700020682021C16120684268054B1A40426064
:10B380006970AE702E700020F0E70220EEE700003A
:10B3900000E800FE7047000010B586B00446142196
:10B3A0006846FCF7AAFD10492068884219D10F4C65
:10B3B000E16A02200143E162E16A01400591C02097
:10B3C000009012200121019003200291049103902A
:10B3D00069460748FFF702FCA06B012149050843B5
:10B3E000A06306B010BD00000054004000100240F1
:10B3F0000004005070B504000FD0216813480860A5
:10B4000021681348086003CC41602068083C21682B
:10B410008860FFF7B5FC054608E0012070BDFFF726
:10B42000AFFC401B292801D9032070BD2068C068EB
:10B430000028F4D120680269E1688A4201D00161E4
:10B4400001E004490160002070BD0000CCCC000088
:10B4500055550000AAAA00000068024901600020BA
:10B4600070470000AAAA0000024881680278891883
:10B4700081607047C001002010B5084800240168B1
:10B48000402211430160204600F00AF8002801D054
:10B49000012401E000F026F8204610BD0020024003
:10B4A00070B504460D4D7D202978C000FCF720FAC8
:10B4B00001460B480068FCF71BFA01F097F80028DA
:10B4C00009D1042C07D200222146401E00F022F8A8
:10B4D00000206C6070BD012070BD0000C001002024
:10B4E000CC0100200448416B012211434163816B70
:10B4F000020411438163704700100240002805DBFD
:10B50000C106C90E0120884001490860704700004B
:10B5100000E100E010B506F0CDFB10BD0248016867
:10B520000215114301607047007000400248016835
:10B5300042151143016070470070004002480168E5
:10B54000821511430160704700700040F0B5154A44
:10B550001368154D54152D6A2340ED07ED0F002B90
:10B5600004D0002D02D01668A64316601668B608EF
:10B57000B600064316600D48076904263743076185
:10B5800001290DD040BF20BF20BF0169B143016137
:10B59000002B04D0002D02D0106820431060F0BDB5
:10B5A00030BFF2E7007000400000014000ED00E015
:10B5B000F8B50446007800275D4D800671D55C4ED5
:10B5C000403EB06BC00004D4B06BA9050843B06323
:10B5D000012758480168C90511D401688215114333
:10B5E0000160FFF7CDFB009005E0FFF7C9FB009974
:10B5F000401A642837D84F480068C005F5D532682E
:10B600000321090560680A400140914208D0810386
:10B61000890F032904D13168890301D50120F8BDC0
:10B620002A69032109040A4022D0084090421FD011
:10B63000207880061CD528692A6988430121C9041D
:10B640000A432A612A698A432A612861C0050FD505
:10B65000FFF796FB009008E0FFF792FB0099411A74
:10B660003548814201D90320F8BD28698005F3D50A
:10B6700061688803800F032805D132680005824382
:10B6800001400A43326028690322616812041140B4
:10B6900008432861002F04D0B06B012109078843BB
:10B6A000B0632078C00705D0E868A16880088000F2
:10B6B0000843E8602078800705D5E8680C218843B6
:10B6C000E1680843E8602078400706D5E868032170
:10B6D0008902884321690843E8602078000706D57D
:10B6E000E86803210903884361690843E86020880A
:10B6F000C00506D5E868032109048843A169084309
:10B70000E8602078400606D5E8680121890688436C
:10B71000216A0843E8602078000606D5E86803211E
:10B7200089048843E1690843E8600020F8BD00000F
:10B73000401002400070004088130000F8B50E462B
:10B74000050038D05E480068C007C00FB04214D270
:10B750005B4C20684008400030432060FFF710FB3E
:10B76000074605E0FFF70CFBC11B564881427AD81B
:10B770002068C007C00FB042F4D12878524C80072F
:10B7800005D5E068F0218843A9680843E06028787F
:10B79000C00752D06868022806D0032807D0216865
:10B7A00001280AD0890504E02168890301E02168A5
:10B7B0008901002903DB0120F8BD4907F9E7E168A9
:10B7C000890889000143E160FFF7DAFA07466868F3
:10B7D00002280AD0032814D001281ED029E0FFF740
:10B7E000CFFAC11B374881423DD8E0680007800F7F
:10B7F0000228F4D121E0FFF7C3FAC11B314881428E
:10B8000031D8E0680007800F0328F4D115E0FFF776
:10B81000B7FAC11B2B48814225D8E0680007800F8A
:10B820000128F4D109E0FFF7ABFAC11B254881429A
:10B8300019D8E0680007800FF5D121480168C907D1
:10B84000C90FB14217D90168490849003143016065
:10B85000FFF796FA074608E005E0FFF791FAC11BEB
:10B860001848814201D90320F8BD15480068C00777
:10B87000C00FB042F1D12878400706D5E068072113
:10B8800009028843E9680843E0602878000707D583
:10B89000E0680721C90288432969C9000843E060BC
:10B8A00000F03AF8E168094A0906090F515CC840FE
:10B8B0000749086007480068FFF7F2FDF8BD00007F
:10B8C0000020024088130000001002408CFC010898
:10B8D000CC010020C4010020044805490068C96863
:10B8E000044A4905490F515CC8407047CC0100200B
:10B8F00000100240A5FC0108044805490068C96819
:10B90000044A8904490F515CC8407047CC010020AB
:10B9100000100240A5FC010870B51A4AD3681A4904
:10B920000C2018408D0004280CD04E00082810D0A0
:10B930000C2810D050680004410F0120C003491C9E
:10B94000884070BD1068C00601D5084670BD284605
:10B9500070BD304670BD98020C4C000F205C1B027D
:10B960009C0FD368641CDB0301D5314603E01268E9
:10B97000D20600D4294606F078F922460023FBF7C8
:10B98000E1FF70BD0010024000093D009CFC010871
:10B99000FEB505007ED0F74CE7680C20E66807404E
:10B9A0000120000406402878C00747D0082F05D0A2
:10B9B0000C2F0AD101200004864206D120688003A2
:10B9C0003CD568680028E5D038E0012069680004AB
:10B9D000814203D121680143216011E00523012246
:10B9E0001B0492049942216802D111432160F1E7BE
:10B9F00081432160216801400091206890432060CC
:10BA0000686800280DD0FFF7BBF9009005E0FFF74C
:10BA1000B7F90099401A64287ED820688003F6D5CB
:10BA20000CE0FFF7ADF9009005E0FFF7A9F90099E8
:10BA3000401A6428F0D820688003F6D4287880075C
:10BA40005DD5E868810604D5226820210A4322607A
:10BA500088430923042F0DD00C2F01D1002E09D0CB
:10BA600000283CD02168994301432160FFF788F901
:10BA7000064628E02168490701D500288AD0616878
:10BA80001F22120291432A69120211436160216848
:10BA9000994300E0C7E101432160FFF73DFFE16802
:10BAA00009060A0FB449895CC840B4490860B44823
:10BAB0000068FFF7F5FC002874D120E0FFF760F97B
:10BAC000801B0228A8D820684007F7D560681F218E
:10BAD0000902884329690902084360600FE0206871
:10BAE000400840002060FFF74BF9064604E0FFF7EE
:10BAF00047F9801B02288FD820684007F7D42878A0
:10BB0000C00661D5002F0DD0E86900284BD0206811
:10BB1000FF210131084300E0EAE02060FFF730F93F
:10BB200006462DE02068800502D5E8690028A5D0EA
:10BB30006068072149038843696A08436060606858
:10BB4000298C0002000A090608436060686A410BFC
:10BB50000120C003491C8840E16809060A0F864994
:10BB6000895CC8408549086085480068FFF798FCF3
:10BB7000002817D128E0FFF703F9801B0228A1D87D
:10BB800020688005F7D56068072149038843696A02
:10BB9000084360606068298C0002000A09060843B7
:10BBA000606011E025E12168FF20013081432160C0
:10BBB000FFF7E6F8064604E0FFF7E2F8801B0228EC
:10BBC00099D820688005F7D428786E4E000724D5D0
:10BBD00068690028306910D0012108433061FFF7FF
:10BBE000CFF8009005E0FFF7CBF80099401A022843
:10BBF0007ED830698007F6D50FE0400840003061FC
:10BC0000FFF7BEF8009005E0FFF7BAF80099401A78
:10BC100002286DD830698007F6D42878400764D5AB
:10BC200000200290A06BC00006D4A06B0121090780
:10BC30000843A0630120029053480168C90511D44C
:10BC40000168821511430160FFF79AF8009005E042
:10BC5000FFF796F80099401A642849D84A480068C6
:10BC6000C005F5D5FF20AA680130824203D13169B1
:10BC70000143316111E001218902002A07D0052327
:10BC80001B029A4203D132690A433261EFE73269FB
:10BC900082433261306988433061A86800280ED041
:10BCA000FFF76EF8009006E0FFF76AF80099411A76
:10BCB000364881421CD830698005F5D50DE0FFF784
:10BCC0005FF8009006E0FFF75BF80099411A2F48F3
:10BCD00081420DD830698005F5D40298002804D03F
:10BCE000A16B012000078143A1632878800600E052
:10BCF0007EE02ED52648A9694314002916D0A268F3
:10BD000001210A43A260626B0A436263016A19431C
:10BD10000162FFF735F8064604E0FFF731F8801BB3
:10BD2000022865D8A0688007F7D512E0A168490805
:10BD30004900A160016A99430162FFF721F80646B4
:10BD400004E0FFF71DF8801B022851D8A068800787
:10BD5000F7D4A86A002868D00C2F4FD001263606E9
:10BD60000228206816D0B0432060FFF709F8054686
:10BD700040E00000001002408CFC0108CC010020D3
:10BD8000C4010020401002400070004088130000F1
:10BD900000000140B0432060FEF7F2FF074604E0D8
:10BDA000FEF7EEFFC01B022822D820688001F7D4DE
:10BDB000296BE86AE2680843696BFD231B049A4318
:10BDC00011430843E060206830432060FEF7D8FF4D
:10BDD000054604E0FEF7D4FF401B022808D820687F
:10BDE0008001F7D521E0FEF7CBFF401B022801D9E7
:10BDF0000320FEBD20688001F5D416E00128F8D0AC
:10BE0000E06801210904EA6A014091420BD10F2147
:10BE100089042A6B0140914205D10321890508401C
:10BE2000696B884201D00120FEBD0020FEBD0000EC
:10BE3000F8B53C48FFF710FB3B4A002113793B481B
:10BE4000012B07D143795B1CDBB243711E2B01D15F
:10BE500011714171364C0C26A5780123002D02D0BA
:10BE6000012D0AD00FE0457C012D0CD1857F002DDE
:10BE700009D18671C374417405E0E578022D02D1C1
:10BE8000857F002D04D00173C57C012D21D044E0B5
:10BE9000057B6D1CEDB205730C2DF5D30173C579CF
:10BEA0006D1CC571157E012D0AD0022D0AD0032DFF
:10BEB0000CD0042DE8D1462585711E4D2B70E3E78B
:10BEC000232504E02B2585711B4DF7E73E25857161
:10BED000DAE7857F002D20D1857C06276D1CEDB229
:10BEE0008574527F7A43AA4217D18174134AC17470
:10BEF00013700D4A2032937E5B1CDBB29376042BC9
:10BF000007D39176517E891CC9B251760C2900D392
:10BF100056760421A1705121817101210A2001F07E
:10BF200017FEF8BDEC04002068000020000000208F
:10BF300084010020710100206C0100206E010020AE
:10BF40000068890050300818006870470068890050
:10BF5000503008180260704730B5014620310A7829
:10BF6000012A15D001220A7002234B700468CA23EB
:10BF7000636204685323636203689C6820252C4332
:10BF80009C600068FF2343624A700020087030BD47
:10BF9000022030BD10B504F0A7FF10BD70B50446F7
:10BFA000006881688025C90400290BDAC068C005D3
:10BFB00008D52046FFF7EEFF2168C8682840FF3803
:10BFC0008238C8602068816889040BD5C068800504
:10BFD00008D52046FFF72CFF2068C168054A294094
:10BFE0008918C160012004494004486101202034BF
:10BFF000607070BD7FFDFFFF00040140F8B505468D
:10C0000004462035287801281DD001202870022000
:10C0100068702268CA205062226853205062FF2054
:10C0200001300026FF2781421CD121688A688243A3
:10C030008A60206881680122120391438160FEF7C3
:10C040009FFE009009E00220F8BDFEF799FE0099DE
:10C05000411A7D20C00081421BD82068C068C007FB
:10C06000F3D020E020688168012252029143816070
:10C0700020688168120191438160FEF781FE009083
:10C080000DE0FEF77DFE0099411A7D20C00081423F
:10C0900005D920684762032068702E70F8BD2068BB
:10C0A000C0688007EDD520684762012068702E7057
:10C0B0000020F8BD10B500680B464068C021C94398
:10C0C00001400002000ECC04D870E40E5C708C06B7
:10C0D000A40E0904490F9C701970002A0AD104F0BB
:10C0E00055FBD870587804F051FB5870987804F0DC
:10C0F0004DFB9870002010BD30B50B460168896A71
:10C100005960016809694904490C9960006804682C
:10C110000F482146014088024D04800E18706D0EB4
:10C1200049065D70490E99706102490E4024214014
:10C13000D970002A0AD104F029FB1870587804F04D
:10C1400025FB5870987804F021FB9870002030BDD2
:10C150007F7F7F00F8B5040050D0254620356878F1
:10C16000002803D12870204600F052F802206870A1
:10C170002168CA204862216853204862204604F0A2
:10C1800019FBFF2604270028206802D046626F7042
:10C1900034E081681D4A11408160216888686268C6
:10C1A000A369104322691A43104388602168E0683C
:10C1B0000861206801692289120411430161206825
:10C1C000C16880229143C1602068C16C89088900E0
:10C1D000C164E169606901432068C26C1143C164B4
:10C1E0002068806880060BD4204600F0DDF9002826
:10C1F00006D0206846626F70002028700120F8BDCC
:10C2000020684662012068700020F8BDBFFF8FFFE4
:10C2100000B597B00420009000200A90FF20013064
:10C2200002906846FFF7B4FB002801D0FDF79AFDA5
:10C2300020200E90C0020F900EA8FFF7B9F9002839
:10C2400001D0FDF78FFD08480169012292041143D6
:10C250000161002211460220FFF75CF90220FFF77E
:10C260004DF917B000BD000040100240FEB5064673
:10C270000446203630780B4601283ED0012030702D
:10C2800002207070184620300090206800278068D7
:10C29000002A34D0400600D4DF7019789D78090454
:10C2A0000D435978DA780902120411430D430099BD
:10C2B000D869097809060D4305435869996905430A
:10C2C0005868084300902168CA20486221685320BA
:10C2D0004862FF205A6A01308021824245D122689B
:10C2E0009368834393602068C2680A40FF3A823AA9
:10C2F000C260FEF745FD019024E00220FEBD40062D
:10C3000000D4DF70187804F049FA0504587804F076
:10C3100045FA00020543987804F040FA0543D878BE
:10C32000000405430098007804F038FA000605433D
:10C33000D869C1E7FEF724FD0199411A7D20C000AC
:10C3400081422AD82068C068C007F3D02068C56140
:10C3500021680098486420688168FF2201321143F7
:10C36000816020688168120130E0206882680123C2
:10C370005B029A4382602068C2680A401D495118D6
:10C38000C160FEF7FDFC01900EE0FEF7F9FC01999B
:10C39000411A7D20C000814206D92168FF204862F1
:10C3A000032070703770FEBD2068C0688007ECD530
:10C3B00020680562216800988864206881680122ED
:10C3C000520211438160206881681201114381602B
:10C3D00009480268012149040A43026082680A434D
:10C3E00082602168FF204862012070703770002051
:10C3F000FEBD00007FFDFFFF00040140F8B50546CB
:10C400000446203528780B4601280FD001202870DB
:10C4100002206870002A0BD0D8789E78000406436A
:10C420005878097800024903084317E00220F8BD54
:10C430005878C10603D5EF2108400A305870D878E3
:10C4400004F0ACF90604587804F0A8F90002064399
:10C45000987804F0A3F9064318784003064321684E
:10C46000CA204862216853204862204604F0A2F99D
:10C470000027002811D11148064020684660206836
:10C48000C16880229143C1602068806880060CD416
:10C49000204600F089F8002807D02168FF20486274
:10C4A000042068702F700120F8BD2168FF204862C9
:10C4B000012068702F700020F8BD00003FFFFF00D2
:10C4C000F8B506460446203630780D46012822D0BD
:10C4D0000120307002207070206800278068002AD8
:10C4E0001BD0400600D4EF702978A87809040843CF
:10C4F0006978EA7809021204114308430090216820
:10C50000CA204862216853204862204604F052F94C
:10C51000002837D116E00220F8BD400600D4EF70A5
:10C52000287804F03BF90304687804F037F9000236
:10C530000343A87804F032F90343E8780004034386
:10C540000093DCE7174900980840216808602068DC
:10C55000816801229204914381602969E868084357
:10C5600021688A68104388602068C16880229143EE
:10C57000C1602068806880060CD4204600F014F862
:10C58000002807D02168FF204862042070703770AF
:10C590000120F8BD2168FF204862012070703770CB
:10C5A0000020F8BD7F7F7F0070B504460068C16839
:10C5B000A0229143C160FEF7E3FB7D260546F6000D
:10C5C00006E0FEF7DDFB401BB04201D9032070BD41
:10C5D0002068C0688006F4D5002070BD024801695B
:10C5E000022211430161704700E000E0094910B5E3
:10C5F000401E884201D9012010BD074C6061032113
:10C60000081F05F057FB0020A061072020610020D3
:10C6100010BD0000FFFFFF0000E000E002480169DC
:10C62000022291430161704700E000E00146603161
:10C630000A7D012A09D001220A75006802680223D6
:10C640001A43026000200875704702207047704747
:10C65000FEB5054604466035287D0026944601282F
:10C6600011D001232B752420A067206802689A430B
:10C6700002602768B8680322120590430843B86037
:10C68000002902D015E00220FEBD60460091019015
:10C6900020684168102291436A46928811434160A4
:10C6A000206841686A4609029279090A1206114314
:10C6B00041602068016819430160FEF761FB094988
:10C6C00000910346012100228905204604F0AAFFBB
:10C6D000002801D0032601E02020A0670020287553
:10C6E0003046FEBDFFFFFF0170477047F8B5026896
:10C6F0000446D06911689668814B05461D40202389
:10C70000002D6CD0F7077F4DFF0FBC460D402F4327
:10C7100079D02546C7078035002F06D0CF0504D530
:10C72000012717622A683A432A60820708D5F20770
:10C7300006D0276802223A622A6804273A432A6010
:10C74000420708D5F20706D02668042232622A681A
:10C75000022632432A6002070AD50A461A40664674
:10C76000324305D02668082232622E6816432E60B6
:10C77000020508D54A0106D501222668D202326296
:10C780002A681A432A602A68002A30D0800606D513
:10C79000880604D5616E002901D0204688472868A4
:10C7A00021688968490602D42821084225D02046FC
:10C7B00004F04BFD20688168490619D58268402144
:10C7C0008A438260206F002812D04F498163206F16
:10C7D000FDF756FF00280AD0206F816B06E0850622
:10C7E00011D58D060FD5616E77E020468847F8BDDC
:10C7F0002046FFF77AFFF8BD05E02046FFF775FFFA
:10C8000000202860F7E7256E012D56D1C50654D5C6
:10C81000CD0652D510261662206881682546490645
:10C82000403500292ADA226F116849680904090C89
:10C83000E1D02F8B8F42DED96983116809688906A0
:10C8400017D401683201914301602068816849086A
:10C850004900816020688168402291438160E367DC
:10C860000020206620680168B1430160206FFDF759
:10C87000E5FE288B698B401A81B21AE0298B6A8BFE
:10C88000891A6A8B89B2002AB5D00029B3D0026810
:10C89000FF252135AA4302602068826852085200B1
:10C8A0008260E36700202066606620680268B24309
:10C8B00002602046FFF7CBFE9DE7C50208D5750252
:10C8C00006D50120000510622046FFF70DFF92E714
:10C8D000050605D50D0603D5A16E002985D18AE789
:10C8E000400688D5480686D5116820464024A143D5
:10C8F000116083670021816600F01CFA7BE700006D
:10C900000F08000020010004B111010810B5040057
:10C9100003D0A06F002802D007E0012010BD002145
:10C9200074200155204600F027F82420A0672068D5
:10C930000168490849000160204604F01DFD0128F6
:10C94000ECD0606A002802D0204604F099FB2068F1
:10C9500041680922D20291434160206881682A22FD
:10C9600091438160206801680122114301602046E3
:10C9700004F0ECFB10BD0000F0B587B006461421B2
:10C980006846FBF7BAFA414C376800254049022057
:10C9900001220323A74232D18C6B47043C438C63B2
:10C9A000CC6A0443CC62C96A01AC0140059199028A
:10C9B00000910DC40720049069463648FEF70EF931
:10C9C000364C35482060052060601020E560A0608E
:10C9D0006561A5618020E5612061800120622046BB
:10C9E000FDF7C8FE002801D0FDF7BCF9F46600226F
:10C9F00001211D20A662FEF78DFD1D2020E0284E9E
:10CA00000424B74220D14E6B27033E434E63CE6AC7
:10CA10001643CE62C96A0190C907C90F0591032167
:10CA2000490200910520029504940393694600078A
:10CA3000FEF7D4F8002201211B20FEF76BFD1B201E
:10CA4000FEF75CFD07B0F0BD164EB742FAD18E6B13
:10CA500001277F043E438E63CE6A1643CE62C96AC5
:10CA60000190C907C90F05910C210091052002957D
:10CA70000494039369460007FEF7B0F800220121F1
:10CA80001C20FEF747FD1C20DAE7000000480040AC
:10CA900000100240000400501C00024088060020E4
:10CAA000003801400044004030B5C36F202B27D12F
:10CAB00000290BD0002A09D0012483682403A34253
:10CAC00006D10369002B03D1CB0701D0012030BD73
:10CAD000034660331C7D012C12D001241C750023F9
:10CAE0000366084C0368A34207D05C68240204D59F
:10CAF0001C680125AD062C431C6004F047FD30BDC9
:10CB0000022030BD0048004070B5224A012322496E
:10CB100090421AD1214A08462430168E556B04786B
:10CB2000AC55148E641C14868A794B2A06D142783F
:10CB30000D2A03D102780A2A00D18B700178417046
:10CB4000154901222431134810E0154A904210D1B2
:10CB5000144C488C0A782254401C48840D2A01D079
:10CB60000A2A00D14B7001220B490D48FFF79CFFA8
:10CB700070BD0D4A9042FBD10879282804D20B4B96
:10CB8000CA781A54401C087103490122C91C06487E
:10CB9000ECE70000FC0400200000002084010020DD
:10CBA00004060020D8010020800500200403002096
:10CBB000FFB50446806F83B017460D4620285ED12E
:10CBC000002D0AD0002F08D0A168C001814207D1F2
:10CBD0002069002804D1E80702D0012007B0F0BD89
:10CBE000204660300090007D012848D00098012147
:10CBF00001750020802108512120A067FEF7C0F8B0
:10CC0000264640360190378277820120A1680003D2
:10CC1000814202D12069002805D02F4600250099C5
:10CC20000020087511E00027F9E700228021204646
:10CC300004F0F8FC002815D1002F15D021683878B1
:10CC400088627F1C708A401E7082708A019B002857
:10CC500006980090E9D100224021204604F0E2FC31
:10CC6000002808D00320B9E728882168C005C00D36
:10CC70008862AD1CE6E72020A0670020AEE7022016
:10CC8000ACE70000F8B50446806F20284AD100299F
:10CC90000BD0002A09D00123A0681B03984206D1BB
:10CCA0002069002803D1C80701D00120F8BD25461E
:10CCB0006035287D012835D0012028752046403078
:10CCC000E164028242820026274680373E602120AE
:10CCD000A067E06E00281AD01349C162E16E1348C4
:10CCE0000863E16E12484863E06E1346866320686D
:10CCF000E16C283084466246E06EFDF783FD002833
:10CD000005D0102038602E752020A067CDE721685F
:10CD1000402008622E75206881688022114381605E
:10CD20000020F8BD0220F8BD1112010841120108CF
:10CD3000C5110108704770477CB506461A4841681E
:10CD4000C9430907FBD4194C606B65152843606320
:10CD500000211748FDF74EFA16480090164801903A
:10CD600069461348FDF79CFAA014019069460096A5
:10CD70000F48FDF795FA0E48FDF732FC0021C94334
:10CD80000B48FDF7CDFB0A48FDF7D4FA084980B2FD
:10CD90000A689368022633439360096803220A6095
:10CDA000616BA94361637CBD0070004000100240CC
:10CDB00044040020FFFF07000110000038B50B23DA
:10CDC0001B07C518114B0FD01C152D1B18D02D1B80
:10CDD00019D0A542DD6A05D108242543DD62DB6A4E
:10CDE000234007E08024F8E7DC6A01252C43DC625D
:10CDF000DB6A2B40009311601146FDF7EFFE38BD52
:10CE0000DD6A0224E9E7DD6A0424E6E70010024057
:10CE100070B5174904464A6A08698018000EE07127
:10CE20004A6A08698018000CA071088A8A8C8018E8
:10CE3000000A6071087C8A8C801820714869000E95
:10CE4000E0704869000CA070888A000A6070087D54
:10CE500020700525625D07A1084804F0DBFE074944
:10CE600008461438FBF754F86D1C082DF2DB70BD32
:10CE70004000F81F25303278000000007C030020BD
:10CE800070B50C46054600210448FFF759F82860A4
:10CE900001210248FFF754F8206070BDD006002041
:10CEA00010B50C46024600210448FFF74FF8224611
:10CEB00001210248FFF74AF810BD0000D00600200B
:10CEC00030B587B00546694605A800F00BF8840A1E
:10CED000890580050C43800D00F0D0F9288020469C
:10CEE00007B030BD70B505460C4600222248FFF75A
:10CEF00003F90022294620486668FFF7DBF8002284
:10CF000021461D48FFF7F8F86068B042F1D1E87893
:10CF10001A4A01465043C01C8308880729D0184884
:10CF200069783D220E4651430A463C3A7100891EFB
:10CF3000C840D10F80078918800F4910081AC018FF
:10CF4000A978401E08180F493C2248436178E12324
:10CF5000514322781B015A438918A27810180818E7
:10CF6000810D83026068084C0022201A1818514174
:10CF700070BD0648D4E70000D0060020B5050000CB
:10CF8000A0AA990080510100FF0300005055440001
:10CF90000320704701480068704700001C0700200C
:10CFA00000B587B0694605A8FFF79CFF02490968EC
:10CFB00007B0401A00BD00001C07002000B587B074
:10CFC000694605A8FFF78EFF07B000BD10B5084CF5
:10CFD000207800280AD100F04BF8FF2101310548E4
:10CFE000FFF70CF800F0A2F80120207010BD00003F
:10CFF00032000020D006002010B50C4C0021042087
:10D0000000F042FB21688868C0040ED5C868C005DE
:10D010000BD5C86880221040FF388238C8600449A8
:10D02000900248612046FEF7B5FF10BDD0060020F3
:10D030000004014070B50446FFF7B2FF211A0B4D02
:10D040000220285EC01C814201D9002100E001219C
:10D05000042000F019FB00F003FB012802D102209C
:10D06000285E241A204600F06DF870BD32000020C2
:10D0700030B52A492A4891B0002412C01F2101600E
:10D08000846004612749446141600838FFF762F811
:10D090006846C47001254570857005700022694698
:10D0A0001F48FFF7ABF90B940C940F9400220BA9C7
:10D0B0001B480E94FFF704FA1B4A00211848FEF79C
:10D0C00045FF002201211648FEF740FF1448FEF7F5
:10D0D00043FF282101A8FAF710FF68460471447144
:10D0E000032181710294049405940694079408A87E
:10D0F0000894057128020A90012201A90848FFF747
:10D10000B5F805216846817168020A90012201A9DB
:10D110000348FFF7ABF811B030BD00000028004015
:10D12000D0060020FF0300008000926510B5044C7B
:10D130002046211D1830FFF7D5FE206010BD0000ED
:10D140001C070020F0B587B0044614223F4901A80F
:10D15000FAF7BAFE3D485038406E009000F07EF875
:10D160003B4802993B4A401AA105890D081887B22D
:10D17000A10A68468078534202E08918401C80B2B8
:10D180009942FAD26A461579E122120102E0891A1F
:10D190006D1CADB29142FAD26A46547902E0641C29
:10D1A000A4B23C393C29FAD2927951188EB20121AD
:10D1B000890203E07A1A761C97B2B6B28F42F9D28E
:10D1C00003E03C3E641CB6B2A4B23C2EF9D203E0AC
:10D1D0003C3C6D1CA4B2ADB23C2CF9D203E0183D2E
:10D1E000401CADB280B2182DF9D26946C9788907C2
:10D1F00069464A7827D01849491E515C814202D2BB
:10D20000FAF776FB08461249CA1B10492C394A60C6
:10D21000052252068A618E704C700A460D702032CB
:10D2200010706846C079C8700020C861FF2248614C
:10D230000132C8604A620861024608462438FFF796
:10D2400015F807B0F0BD04490C31D5E720070020E0
:10D25000FF03000080AEFEFF94D0010810B5064821
:10D260000168C86880221040FF388238C8605100C9
:10D270000148FEF7C3FE10BDD006002010B57D2189
:10D2800004F0F3FC4906C009084310BD10B5410E77
:10D29000C0017D220023FAF755FB10BDF8B51F4EE3
:10D2A000002240213046FDF764FD002403F0F5FD27
:10D2B0007D2705463F0104E0284603F0F4FDB8420F
:10D2C00005D280213046FDF74BFD0028F4D1002522
:10D2D000012240213046FDF74CFD64000022402130
:10D2E0003046FDF746FD80213046FDF739FD012827
:10D2F00000D1641C6D1CEDB2182DE9D30122402130
:10D300003046FDF736FD0120C00544400022402193
:10D310003046FDF72EFD2046F8BD00000004005009
:10D32000FEE701688A69D243920701D400228A622B
:10D3300000688169C943C90703D08169012211438B
:10D3400081617047F7B5044600680E468069C043A6
:10D35000C0062BD420272546403520688069C0436D
:10D36000800612D5701CF8D0FDF70AFD0299401A0C
:10D37000B04201D8002EF0D1606C384360646F7009
:10D380000020A87028700120FEBD21681020C8610F
:10D390002068C7612046FFF7C4FF20684168044A3F
:10D3A00011404160606C04210843E7E70020FEBDA6
:10D3B00000E800FEF8B50446164615481D46DAB2E8
:10D3C0000090079F0023204600F054F83A4620467C
:10D3D000069900F0F1F8002818D12846F5B2012886
:10D3E00009D02168300A88623A462046069900F042
:10D3F000E3F800280AD120688562009700224021C6
:10D400002046069B00F04AF8002800D00120F8BD15
:10D4100000200080F8B50446164615481D46DAB2CD
:10D42000C3020090079F204600F024F83A462046A9
:10D43000069900F0C1F8002818D12846F5B2012855
:10D4400009D02168300A88623A462046069900F0E1
:10D45000B3F800280AD12068856200970022802155
:10D460002046069B00F01AF8002800D00120F8BDE5
:10D4700000200080F0B50668059C7568064F600DB9
:10D48000384385438805800D110408431843204321
:10D4900005437560F0BD0000FF63FF03F8B51D464E
:10D4A00017460E46044609E0681C07D0FDF768FCE5
:10D4B0000699401AA8420BD8002D09D0206881692E
:10D4C000304688430FD00020B842EDD00020F8BD90
:10D4D000616C202001436164403460700020A070C2
:10D4E00020700120F8BD0120EEE70000F7B500270D
:10D4F000202605460446403528E02046029A019938
:10D50000FFF720FF002801D00120FEBD20688069C0
:10D51000C043800611D420688169C943490702D4F9
:10D52000218D002917D1C661206841680E4A11403B
:10D53000416067646E70AF7013E0FDF721FC0299E3
:10D54000411A0198814208D8002806D020688069D5
:10D55000C0434007D1D40020FEBD606C30436064FE
:10D560006E702F70D0E7000000E800FE70B5164620
:10D570000D4604460FE0324629462046FFF7E2FEFC
:10D58000002801D0012070BDFDF7FAFB801BA842E6
:10D5900008D8002D06D020688069C0438006EAD4F0
:10D5A000002070BD616C20200143616440346070D4
:10D5B0000020A0702070E5E770B516460D460446C1
:10D5C00011E0324629462046FFF7BCFE002801D074
:10D5D000012070BD681C06D0FDF7D2FB801BA8425D
:10D5E00008D8002D06D020688069C0438007E8D4A1
:10D5F000002070BD616C2020014361644034607084
:10D600000020A0702070E3E7024801680422114363
:10D61000016070470070004070B50546FEF7FEFFE0
:10D620000D4CA06B21040843A063FDF77FFFFDF7BD
:10D6300075FFE0680121C9030843E06007480168FD
:10D6400004221143016001210846FDF77FFFA8472E
:10D65000FEF7C4FF70BD00000010024000700040E3
:10D66000EFF3108172B607480268002A01D000204B
:10D6700005E04068002801D0012000E0022081F38D
:10D68000108870473800002010B5EFF3108272B692
:10D69000064B00291C6803D0012903D1044300E094
:10D6A00084431C6082F3108810BD00003800002005
:10D6B00070B586B000F0B0F96420FDF7D7F82FA060
:10D6C0000068059000200390049001200FF0A0FC5A
:10D6D0007D24012505A8E40000902B460022C421EA
:10D6E000019502942648FDF7AFFD02200FF090FC53
:10D6F000611E244E884235D203A8009001230F22D8
:10D70000C521019502941E48FDF7F4FC04A8009081
:10D7100001231022C521019502941948FDF7EAFC66
:10D720006846007B01026846007C081884B27D20B0
:10D730004001844230780AD9002805D1FDF720FB4A
:10D74000014611A004F056FA174806B070BD002833
:10D7500006D1FDF715FB0146224614A004F04AFA53
:10D760002046F2E73078002805D1FDF709FB014695
:10D7700014A004F03FFA1B48E7E700000400000093
:10D78000A00400201F0000205B25645D44697374C1
:10D79000616E6365206973206F7574206F662072F7
:10D7A000616E67650D0A0000FFFF00005B25645D88
:10D7B00044697374616E6365203D2564636D0D0A71
:10D7C000000000005B25645D6C696461725F6C69D8
:10D7D0007465206973206E6F7420636F6E6E65636D
:10D7E000740D0A00FF0F000010B50649064803F04B
:10D7F00066FB0649044803F0C9FB034803F0D8FB65
:10D8000010BD0000E1050108A403002060EA00004B
:10D810001CB5002119480091174A01910260C163AB
:10D820005205426081600123072203618263024640
:10D83000C16020321170FF245170C2344462816291
:10D84000117301638161042243634261C161FCF78A
:10D8500075FD002801D0FCF785FA094800900120E9
:10D860000003019069460548FCF71AFD002801D025
:10D87000FCF778FA1CBD000000240140440400209D
:10D880000000024408B50848016B012211430163FE
:10D89000006B10400022009011460A20FDF73AFE6E
:10D8A0000A20FDF72BFE08BD00100240F0B587B03E
:10D8B00014216846FAF721FB5048C26A04210A4342
:10D8C000C262C26A0A400592C16A80263143C162BF
:10D8D000C16A31400591C16A01252943C162C16A0B
:10D8E00029400591C26A02210A43C262C06A2A46DF
:10D8F0000840059020214248FDF73BFA0327002409
:10D90000009769463F4801970294FDF767F968035D
:10D91000009069460397019502943B48FDF75EF934
:10D92000012251033848FDF724FA384800900520B9
:10D930006946019702940007FDF750F960200090B6
:10D9400005200194694602940007FDF747F9304825
:10D95000019005206946009602940007FDF73EF904
:10D960007803009005200194694602940007FDF7B2
:10D9700035F9284800906946019702942048FDF740
:10D980002DF9E80300906946019702941C48FDF7C1
:10D9900025F9280200906946019702941848FDF77E
:10D9A0001DF9072000030090694603970195029432
:10D9B0001348FDF713F9002229031148FDF7D9F99F
:10D9C000002269030E48FDF7D4F90022A9030C4890
:10D9D000FDF7CFF920200090694603970195029446
:10D9E0000748FDF7FBF8002202210720FDF792FD12
:10D9F0000720FDF783FD07B0F0BD000000100240D6
:10DA000000040050001C005000080050139E00004D
:10DA1000000021101F06000010B5134811490160D5
:10DA200012494160002181600161416181610122EF
:10DA3000C161C2600162FDF7F3F9002801D0FCF773
:10DA400091F900210848FDF7A1F9002801D0FCF761
:10DA500089F900210448FDF7BEF9002801D0FCF740
:10DA600081F910BD00540040A00400205B3D30004F
:10DA700010B5084806490160062141600649C160A9
:10DA80008160FDF7B7FC002801D0FCF76BF910BDF1
:10DA900000300040EC040020FF0F000010B50F48DC
:10DAA0000D490160E1214902416000218160C160AE
:10DAB00001610C22816142610162302141620121D8
:10DAC000090381634900C163FEF720FF002801D0EC
:10DAD000FCF748F910BD000000480040FC0400209D
:10DAE00010B50C480A4901604B21C9014160002171
:10DAF0008160C16001618161C1610C22016242618A
:10DB00004162FEF703FF002801D0FCF72BF910BD9E
:10DB1000003801408005002010B50C480A4901601A
:10DB20004B21C901416000218160C16001618161B7
:10DB3000C1610C22016242614162FEF7E7FE0028EA
:10DB400001D0FCF70FF910BD00440040040600208E
:10DB5000F0B501256D0293B00C460646012902D0AE
:10DB6000002C02D006E0294601E0FF2101313548B2
:10DB7000FEF744FA282105A8FAF7BFF90022694602
:10DB80003048FEF7B9FA002211A92E48FEF792FAA2
:10DB9000E12109013046F9F7ABFEC6B208463C2147
:10DBA000F9F7A6FEC7B26846807840180A21F9F74F
:10DBB0009FFE00010818C0B25928694604D9603890
:10DBC000887548787F1C01E0887548780A21C0195B
:10DBD000F9F78EFE00010818C0B25928694604D929
:10DBE000603848750878761C01E0487508780A2185
:10DBF0008019F9F77DFE00010818C0B22328694694
:10DC000000D924380875002001210690C907089022
:10DC100009900B900C900A91012008A90875002C1E
:10DC20000BD00E95012205A90648FEF71FFB002820
:10DC300001D0FCF797F813B0F0BDFF2001300E9033
:10DC4000F0E70000D006002010B501210446490588
:10DC5000FEF7FEFC2046FEF7E9FC10BDFEB50446CB
:10DC60000178FB480090FB48FA4A0190203A4B2685
:10DC7000007BF94FF94D528B532901D302F069FA19
:10DC80004B007B449B885B009F4452007700ED0073
:10DC900019015F01C3003B014D01F60751048001EA
:10DCA000BB0304046F048304A404CE04EF04AD0793
:10DCB00018084A08C70803091909DE0A080B330BBC
:10DCC0005D0B880BB20BE40B0E0C300C370C410CC7
:10DCD0004A0C730CDB0FFC0F0F10870C181013107D
:10DCE000301042102005360559057F0792077E0E39
:10DCF000AE0EC20ED60E030FEF0EF50EF90EFD0E90
:10DD0000190F2D0F330F490F6B0F5510F7110A1212
:10DD1000870C18120E122F125A12E4125C13870C81
:10DD20006B0470138108C712D5127C127C03BB01EF
:10DD300000200AF0DFFB08280CD04A26FDF720F867
:10DD40000146C7A003F056FF7D240125E4006D03C2
:10DD5000F7060BE001202070FDF712F80146C8A07D
:10DD6000FEE306F0FFF82046FCF780FD2946384622
:10DD7000FCF7F6FF0128F4D0F3E301214902B7488C
:10DD8000FAF7BBF8C54D287801280BD0B1482038E8
:10DD90008079012806D015E006F0E4F83846FCF753
:10DDA00065FD01E07D27FF000121052049030007F3
:10DDB000FCF7D6FF0128EFD02878012802D1B84817
:10DDC000FCF754FD00200AF0FBFB082808D04A2687
:10DDD000FCF7D6FF0146B3A003F00CFFB2A10FE0A1
:10DDE000B948017801290DD0287801280FD00520E5
:10DDF0002070FCF7C5FF0146B4A003F0FBFEB4A100
:10DE00009648FDE30C21217000210170F1E7092003
:10DE1000EEE700200AF08EFD21280FD000200AF046
:10DE200089FD222811D000200AF084FD232813D078
:10DE30004A26FCF7A5FF0146AFA091E7022020701B
:10DE4000FCF79EFF0146B8A08AE702202070FCF78D
:10DE500097FF0146BDA083E702202070FCF790FFEA
:10DE60000146C3A07CE700200AF08AFD082805D0FF
:10DE70004A26FCF785FF0146C6A071E70320207003
:10DE8000FCF77EFF744A014638321446CAA003F0FC
:10DE9000B1FE6F48D0A12038FAF746F8002800D12B
:10DEA0006AE76B4810212038FAF727F868480F22F4
:10DEB00021462038FAF708F806F06EFD5CE70020EE
:10DEC0000AF09AFD082805D04A26FCF759FF0146BA
:10DED000C3A045E706202070FCF752FF5E4A0146CA
:10DEE00024321446C7A003F085FE5948102110388B
:10DEF0000546FAF702F80F2221462846F9F7E4FF13
:10DF00003AE700200AF05CFE082807D0FCF738FF4B
:10DF10000146C4A003F06EFE0720EAE3FCF730FFE1
:10DF20000146CAA0F6E700200AF002FE082807D042
:10DF3000FCF726FF0146D1A003F05CFE0420ECE7CD
:10DF4000FCF71EFF0146D848F6E700200BF02EF93B
:10DF500008280FD04A26FCF713FF0146D3A003F090
:10DF600049FE3E48FAF70BF84019D1A103F052FEE2
:10DF70000A20D2E7FCF704FF0146D6A003F03AFEE0
:10DF80003648F9F7FCFF4019D3A1EFE7304892A1DA
:10DF9000A130F9F7C9FF00281DD10AF057FC082865
:10DFA0000CD04A26FCF7ECFE0146D8A003F022FE76
:10DFB0002A48F9F7E4FF4019D5A122E7FCF7E0FE73
:10DFC0000146D8A003F016FE2448F9F7D8FF4019FF
:10DFD000D5A103F01FFE0C209FE705F08FFF7D20E9
:10DFE000C000FCF743FCFCF7CBFE0146D4A003F0D5
:10DFF00001FE1A48F9F7C3FF4019D2A103F00AFE47
:10E0000001E001277F03052039460007FCF7A8FE41
:10E010000028E2D0052039460007FCF7A1FE0128C0
:10E020000CD1FCF7ADFE0146CCA003F0E3FD0B489C
:10E03000F9F7A5FF4019CAA103F0ECFD4B200649F2
:10E04000207004201C31C8700DF088FC94E600009C
:10E05000AE1500208800002068010020701F0020FD
:10E060005B25645D4E42494F5420646964206E6FA5
:10E070007420726573706F6E642E0D0A00000000CC
:10E080005B25645D4E42494F542068617320726580
:10E0900073706F6E6465642E0D0A00001A00002014
:10E0A000881300005B25645D4563686F206D6F64B5
:10E0B00065207475726E6564206F6666206661699E
:10E0C0006C65642E0D0A0000190000205B25645D5C
:10E0D0004563686F206D6F6465207475726E65644A
:10E0E000206F6666207375636365737366756C6C09
:10E0F000792E0D0A000000005B25645D5265717584
:10E1000065737420666F72206D616E7566616374ED
:10E1100075726572206D6F64656C206661696C65EF
:10E12000642E0D0A000000005B25645D4D6F646580
:10E130006C20696E666F726D6174696F6E3A4247EA
:10E1400039352D4D312E0D0A000000005B25645D30
:10E150004D6F64656C20696E666F726D6174696F76
:10E160006E3A424739352D4D322E0D0A000000001F
:10E170005B25645D4D6F64656C20696E666F726DC2
:10E180006174696F6E3A424739352D4D332E0D0A51
:10E19000000000005B25645D4661696C6564207465
:10E1A0006F207265616420494D4549206E756D622E
:10E1B00065722E0D0A0000005B25645D54686520C1
:10E1C000494D4549206E756D6265722069733A2527
:10E1D000732E0D0A000000004E554C4C000000004C
:10E1E0005B25645D4661696C656420746F207265AF
:10E1F000616420494D5349206E756D6265722E0D24
:10E200000A0000005B25645D54686520494D534950
:10E21000206E756D6265722069733A25732E0D0A42
:10E22000000000005B25645D4661696C65642074D4
:10E230006F2073657420746865204672657175651A
:10E240006E63792062616E642E0D0A005B25645D49
:10E250004672657175656E63792062616E642063D4
:10E260006F6E66696775726174696F6E207375632E
:10E270006365737366756C2E0D0A00005B25645D23
:10E280004661696C656420746F20736574207468DE
:10E2900065204E6574776F726B2043617465676F9C
:10E2A00072792E0D0A000000640A02085B25645D85
:10E2B0004661696C656420746F20736574207468AE
:10E2C00065206461746120666F726D61742E0D0A41
:10E2D000000000005B25645D536574207468652050
:10E2E0006461746120666F726D617420666F722064
:10E2F00073656E64696E6720616E64207265636524
:10E300006976696E672E0D0A000000005B25645D6A
:10E310004661696C656420746F2073657420415098
:10E320004E0D0A005B25645D5365742041504E20FC
:10E330007375636365737366756C6C790D0A0000A1
:10E340005B25645D436C6F73696E67204E42206D80
:10E350006F64756C652E2E2E0D0A00005B25645DC2
:10E360004E42206D6F64756C6520706F7765722DFD
:10E370006F6666207375636365737366756C2E0DC7
:10E380000A00000052202070F4480078002819D1BB
:10E39000F349F44802F093FDB879002807D00198BA
:10E3A000407E002803D0F0490969414301E0EE486E
:10E3B00001697D20C0004143EA4802F0E7FDE948D9
:10E3C00002F0F6FDB87900280BD0E848F9F7D7FD40
:10E3D000E74940194A78BB7AE6A103F01BFC00200C
:10E3E000B871FCF7CDFC0146E9A003F003FCDF485F
:10E3F000F9F7C5FD4019E7A103F00CFC0020B87245
:10E40000BAE4012100224903F148FCF7B2FCD849E3
:10E410000320C870EF49F04802F051FDEF49EE4883
:10E4200002F0B4FDEE480078787100200AF050FD4B
:10E4300008280ED0FCF7A4FC0146EAA003F0DAFBA2
:10E44000CA48F9F79CFD4019E7A103F0E3FB13204C
:10E4500063E54B202070FCF793FCE14C01462288D9
:10E46000ECA003F0C7FBC148F9F789FD40192288E9
:10E47000E9A103F0CFFBD84802F09AFDFCF780FC3D
:10E480000146F0A003F0B6FBB848F9F778FD401953
:10E49000EDA1B6E40C200AF0EBFAFCF771FC0146A2
:10E4A000B3484278F5A003F0A5FB787B0828B87A3A
:10E4B0000AD0401CB8724B202070F748012101702F
:10E4C000AB490020887057E4002807D0A748F9F727
:10E4D00056FD4019BA7AF1A103F09CFBA348F9F765
:10E4E0004EFD4019A24DE6A16A7803F093FB7878BF
:10E4F000002809D0082121700121A9700024019968
:10E5000000284C7602D006E00921F4E7EA4807F03B
:10E5100055F801207870FF20F53007F04FF8E748F4
:10E520000470E7480470E7480470BC7224E40020DB
:10E530000AF0D0F808280DD04A26FCF721FC014645
:10E54000E1A003F057FB8948F9F719FD4019DFA155
:10E5500003F060FB0D202070E2480078012801E004
:10E5600008E3F9E3AFD10B20D7E400200AF05EFF07
:10E5700008280CD0FCF704FC0146DBA003F03AFBB2
:10E580007A48F9F7FCFC4019D8A103F043FB0E20B0
:10E59000C3E400200AF066FE08280CD04A26FCF7E7
:10E5A000EFFB0146DBA003F025FB7048F9F7E7FC21
:10E5B0004019D9A10AE0FCF7E3FB0146E3A003F010
:10E5C00019FB6A48F9F7DBFC4019E1A103F022FBD3
:10E5D0000F20A2E400200AF0AFFE08280DD04A2642
:10E5E000FCF7CEFB0146E8A003F004FB5F48F9F717
:10E5F000C6FC4019E5A103F00DFB1020207000E0DF
:10E60000F0E3FCF7BDFB0146E9A003F0F3FA57483D
:10E61000F9F7B5FC4019E7A103F0FCFA0DF09EF9FB
:10E62000012149025148F5E300200AF083FD082842
:10E630000DD04A26FCF7A4FB0146E8A003F0DAFA65
:10E640004A48F9F79CFC4019E5A103F0E3FA1120D0
:10E650002070FCF795FB0146EAA003F0CBFA434893
:10E66000F9F78DFC4019E8A1A7E400200AF0E4FBCB
:10E67000082817D0FCF784FB0146EDA003F0BAFA96
:10E680003A48F9F77CFC4019EAA103F0C3FA7D206F
:10E69000C000FCF7EBF80198407B00280ED0012861
:10E6A0000ED00BE0FCF76CFB0146E9A003F0A2FAE8
:10E6B0002E48F9F764FC4019E6A1E6E712202CE4A5
:10E6C0002948007E0328F9D12D2026E4002009F0F6
:10E6D000E7F8082807D0482020704A26FCF750FBAE
:10E6E0000146E5A0FFE22E202070FCF749FB014621
:10E6F00000E0F8E3ECA0F6E2002009F093F8082827
:10E7000008D0482020700020F872FCF739FB014641
:10E71000F1A0E8E20198807B002806D02F2020702D
:10E72000FCF72EFB0146F4A0DDE2F87A002801D0C8
:10E730004D2000E0122020700020F872F0E7002049
:10E7400007F0AAFC082808D0482020700020F872A2
:10E75000FCF716FB0146F7A0C5E201E21E0000200F
:10E76000710601089003002068000020701F00203F
:10E77000840100205369676E616C20537472656E6A
:10E780006774683A2564202A25640D0A0000000099
:10E790005B25645D5475726E206F666620746865D3
:10E7A000206D6F64756C6520726563656976696E4E
:10E7B0006720616E642073656E64696E67205246DF
:10E7C0002066756E6374696F6E2E0D0A000000007E
:10E7D00000080050719F00081C0400201027000052
:10E7E000480000205B25645D474E535320666169F5
:10E7F0006C656420746F207475726E206F6E206F6C
:10E800007220474E53532069732072756E6E696E85
:10E81000670D0A005B25645D5375636365737366FA
:10E82000756C6C79207475726E206F6E20474E5334
:10E83000532C4669782054696D656F75743A256468
:10E84000730D0A005B25645D4E42206D6F64756C2C
:10E8500065206973206F627461696E696E67206CF0
:10E860006F636174696F6E20696E666F726D61743B
:10E87000696F6E2E2E2E0D0A000000005B25645D70
:10E880005369676E616C20537472656E6774683A81
:10E8900025640D0A00000000110000205369676E16
:10E8A000616C20537472656E6774683A3939202A36
:10E8B00025640D0A00000000B80B000013000020C2
:10E8C00012000020090000205B25645D4661696C30
:10E8D000656420746F206765742074696D650D0A26
:10E8E000000000001A0000205B25645D556E616227
:10E8F0006C6520746F207175657279206E65747710
:10E900006F726B20696E666F726D6174696F6E0DE8
:10E910000A0000005B25645D4661696C65642074D3
:10E920006F20636F6E6669677572652070617261D2
:10E930006D657465727320666F72205443502F4961
:10E940005020636F6E746578740D0A005B25645DFA
:10E950005375636365737366756C6C7920636F6E52
:10E960006669677572656420706172616D65746552
:10E97000727320666F72205443502F495020636F8A
:10E980006E746578740D0A005B25645D4661696C80
:10E99000656420746F206465616374697661746571
:10E9A0002050445020636F6E746578740D0A000027
:10E9B0005B25645D5375636365737366756C6C7911
:10E9C00020646561637469766174656420504450A5
:10E9D00020636F6E746578740D0A00005B25645DBA
:10E9E0004661696C656420746F2061637469766147
:10E9F00074652050445020636F6E746578740D0AFE
:10EA0000000000005B25645D537563636573736686
:10EA1000756C6C79206163746976617465642050EB
:10EA2000445020636F6E746578740D0A0000000016
:10EA30005B25645D444E5320636F6E666967757233
:10EA40006174696F6E206661696C65640D0A00000F
:10EA50005B25645D444E5320636F6E666967757213
:10EA60006174696F6E206973207375636365737376
:10EA700066756C0D0A0000005B25645D4661696C7B
:10EA8000656420746F20636F6E66696775726520B8
:10EA900061757468656E7469636174696F6E206D09
:10EAA0006F64650D0A0000005B25645D4D616E6159
:10EAB00067652073657276657220616E6420636C91
:10EAC00069656E742061757468656E7469636174DC
:10EAD000696F6E2E0D0A00005B25645D4661696CEE
:10EAE000656420746F20656E61626C652053534CC1
:10EAF000206D6F64650D0A005B25645D456E616283
:10EB00006C652053534C20616E6420636F6E6669A0
:10EB1000677572652053534C20636F6E746578740B
:10EB20002F636F6E6E65637420696E6465782E0D59
:10EB30000A0000005B25645D4661696C65642074B1
:10EB40006F20636F6E66696775726520434120634D
:10EB5000657274696669636174650D0A000000007E
:10EB60000198807B012806D030202070FCF708F93E
:10EB70000146DEA0B7E0F87A002801D04D2000E081
:10EB8000122020700020F872F0E7002007F0CAFA87
:10EB9000082806D048202070FCF7F2F80146E0A0D3
:10EBA000A1E031202070FCF7EBF80146E8A09AE0E4
:10EBB000002007F0FFFA082806D048202070FCF754
:10EBC000DFF80146F0A00AE0F87A002801D04D20D5
:10EBD00000E012202070FCF7D3F80146F6A003F005
:10EBE00009F8002068E0009806F060FC012818D0C1
:10EBF000009806F05BFC022813D0009806F098FC01
:10EC000001280ED0009806F093FC022809D0F8489D
:10EC1000807F012805D000200AF0B0F8082814D021
:10EC200051E4F448007801280DD04D202070FCF705
:10EC3000A7F80146F0A002F0DDFFF848F9F79FF9C8
:10EC40004019EEA125E40B20F0E7FCF799F8014606
:10EC5000F3A002F0CFFFF148F9F791F94019F1A1C3
:10EC600002F0D8FF4B202070F548032101710421E8
:10EC7000C1700120F87126E4002009F0B5FD0828D4
:10EC80000DD0FCF77DF80146EE4802F0B3FFE348F3
:10EC9000F9F775F9EB494019091D02F0BBFF01981E
:10ECA000407B012803D1D248007E032801D04D20AB
:10ECB0005AE42D2020700120F87204E400200AF0AC
:10ECC000D1F91421082811D078790A380006000EED
:10ECD000787118D0DC4802F06BF94B202070FCF7FB
:10ECE0004FF80146D9A002F085FF1FE42170FCF720
:10ECF00047F80146DDA002F07DFFC848F9F73FF96B
:10ED00004019DBA1B0E42170FCF73AF80146E4A019
:10ED100002F070FFC148F9F732F94019E1A1A3E40C
:10ED200001225103E948FCF724F800200AF0C6F953
:10ED30000828E748017810D0012923D04D20207001
:10ED4000FCF71EF80146E3A002F054FFB348F9F7C0
:10ED500016F94019E0A187E4EEE301290DD04D201A
:10ED60002070FCF70DF80146E2A002F043FFAB482B
:10ED7000F9F705F94019E0A176E45221217000214C
:10ED80000170EEE75221217000210170D8E70CF0EC
:10ED9000E5FD01214902A148F9F7AFF8A84F02208B
:10EDA000F8700020DC4978710A78002A0BD00870CE
:10EDB0008F4801697D20C0004143D84802F0E6F841
:10EDC000D64802F0F5F88A4D287E012806D00228A0
:10EDD00006D0032807D0042807D008E0152005E056
:10EDE000252003E0D8E3322000E040202070EA8AAA
:10EDF000CBA18A4802F00EFFFBF7C2FFEA8A014668
:10EE0000501CE882CDA002F0F5FED4480CF084FF3F
:10EE10000421786BF9F771F802E7D1490098F9F706
:10EE200083F8002805D1CE49CE48F9F77DF80028AF
:10EE30000DD050202070FBF7A3FF0146CAA002F0BE
:10EE4000D9FE7648F9F79BF84019C8A10CE40020D8
:10EE500007F03EFA08280ED050204A262070FBF713
:10EE60008FFF0146CBA002F0C5FE6C48F9F787F88A
:10EE70004019C9A1E6E616202070FBF781FF014684
:10EE8000CCA002F0B7FE6548F9F779F84019CAA19D
:10EE9000D8E6002007F0A4FA0A2801D101F059F9B8
:10EEA00023204A262070FBF76BFF0146CBA002F01F
:10EEB000A1FE5A48F9F763F84019C9A1C2E600203B
:10EEC00007F04AFA08280FD023204A262070FBF7C3
:10EED00057FF0146CBA002F08DFE5048F9F74FF8DE
:10EEE0004019C9A1AEE61AE3A0E100005B25645D0C
:10EEF000436F6E666967757265207468652070611E
:10EF00007468206F66204341206365727469666986
:10EF10006361746520666F722053534C2E0D0A0096
:10EF20005B25645D4661696C656420746F20636F66
:10EF30006E66696775726520636C69656E742063BF
:10EF4000657274696669636174650D0A000000008A
:10EF50005B25645D436F6E666967757265207468D2
:10EF6000652070617468206F6620636C69656E74DB
:10EF700020636572746966696361746520666F7287
:10EF80002053534C2E0D0A005B25645D4661696C6D
:10EF9000656420746F20636F6E66696775726520A3
:10EFA000636C69656E742070726976617465206B3C
:10EFB00065790D0A000000005B25645D436F6E6695
:10EFC0006967757265207468652070617468206F68
:10EFD0006620636C69656E74207072697661746511
:10EFE000206B657920666F722053534C2E0D0A00FA
:10EFF00068000020450000205B25645D4E6F2044C2
:10F000004E53207265736F6C7574696F6E207265F4
:10F010007175697265640D0A00000000701F0020A0
:10F020005B25645D5265736F6C76696E6720646FF3
:10F030006D61696E206E616D652E2E2E0D0A0000C9
:10F0400084010020C8E800081C0400205B25645DE2
:10F05000536561726368696E6720666F72206C6FBA
:10F06000636174696F6E2E2E2E0D0A005B25645D40
:10F070005375636365737366756C6C79206F627426
:10F0800061696E6564206C6F636174696F6E20697D
:10F090006E666F726D6174696F6E0D0A000000001C
:10F0A0005B25645D4661696C656420746F206F62E6
:10F0B0007461696E206C6F636174696F6E20696E34
:10F0C000666F726D6174696F6E0D0A000008005002
:10F0D0001A0000205B25645D4661696C65642074DC
:10F0E0006F207475726E206F666620474E53530D05
:10F0F0000A0000005B25645D537563636573736686
:10F10000756C6C79207475726E206F666620474E40
:10F1100053530D0A000000000D0000209003002052
:10F120002A2A2A2A2A55706C6F61642073746172CE
:10F13000743A25642A2A2A2A2A0D0A005B25645D6E
:10F140002A2A2A2A2A55706C6F61642073746172AE
:10F15000743A25642A2A2A2A2A0D0A00A8000020C7
:10F16000D8E10008451900205B25645D434F4150FC
:10F1700020706172616D6574657220636F6E66697F
:10F180006775726174696F6E206572726F720D0AB5
:10F19000000000005B25645D434F415020636F6EAB
:10F1A00066696775726174696F6E206661696C6506
:10F1B000640D0A005B25645D434F415020636F6E10
:10F1C00066696775726174696F6E207375636365D4
:10F1D000737366756C6C790D0A0000005B25645DC5
:10F1E0004661696C656420746F2043726561746563
:10F1F000206120436F41502073657373696F6E0DFA
:10F200000A0000005B25645D4661696C65642074DA
:10F210006F20536574206120436F4150206D6573EA
:10F22000736167652049440D0A00000018202070B2
:10F23000FBF7A6FD0146D94802F0DCFCD848F8F7F8
:10F240009EFE4019D749FDE4002007F04DF908283B
:10F250000ED023204A262070FBF792FD0146D2A053
:10F2600002F0C8FCCE48F8F78AFE4019CFA1E9E4C5
:10F27000DA49DB48F8F758FE002801D0202000E0EA
:10F2800019202070FBF77CFD0146D6A002F0B2FCED
:10F29000C348F8F774FE4019D3A1D3E4002007F067
:10F2A00073F908280ED023204A262070FBF768FD4A
:10F2B0000146D9A002F09EFCB948F8F760FE40195B
:10F2C000D6A1BFE4C648C5498130F8F72DFE002815
:10F2D00001D0202000E01A202070FBF751FD0146EC
:10F2E000DAA002F087FCAE48F8F749FE4019D8A131
:10F2F000A8E4002007F098F908280ED023204A2619
:10F300002070FBF73DFD0146DDA002F073FCA44830
:10F31000F8F735FE4019DBA194E4B049E548F8F769
:10F3200003FE002801D0202000E01B202070FBF706
:10F3300027FD0146E0A002F05DFC9948F8F71FFEAA
:10F340004019DEA17EE4002007F0BEF908280ED0A7
:10F3500023204A262070FBF713FD0146E3A002F0AC
:10F3600049FC8F48F8F70BFE4019E1A16AE4D14847
:10F370009A498130F8F7D8FD002801D0202000E01C
:10F380001C202070FBF7FCFC0146E5A002F032FCDB
:10F390008348F8F7F4FD4019E2A153E4002007F098
:10F3A000E3F908280ED023204A262070FBF7E8FC5A
:10F3B0000146E8A002F01EFC7948F8F7E0FD40198C
:10F3C000E5A13FE48549F048F8F7AEFD002801D0FB
:10F3D000202000E01D202070FBF7D2FC0146EBA0AE
:10F3E00002F008FC6E48F8F7CAFD4019E8A129E4CC
:10F3F0000CF0B4FA012149026948F8F77EFD0020BB
:10F4000007F002FA08280ED023204A262070FBF7C6
:10F41000B7FC0146EAA002F0EDFB6148F8F7AFFD4A
:10F420004019E8A10EE4D8486C498130F8F77CFD1A
:10F43000002801D0202000E01E202070FBF7A0FC57
:10F440000146ECA002F0D6FB5548F8F798FD4019AC
:10F45000E9A157E4002007F027FA08280ED023205E
:10F460004A262070FBF78CFC0146EFA002F0C2FB9D
:10F470004B48F8F784FD4019ECA143E45749F7489D
:10F48000F8F752FD002801D0202000E01F20207056
:10F49000FBF776FC0146F2A002F0ACFB4048F8F71F
:10F4A0006EFD4019EFA12DE4002007F04DFA082869
:10F4B0000ED023204A262070FBF762FC0146F5A0FF
:10F4C00002F098FB3648F8F75AFD4019F2A119E40A
:10F4D00020202070FBF754FC0146FBA002F08AFBC1
:10F4E0002F48F8F74CFD4019F8A10BE4002007F075
:10F4F000F9FA082806D121202070002007F03AFBF5
:10F50000082802D04A262320E0E222207BE310468E
:10F51000FBF7ACF90120F8700020B87023208FE3CE
:10F52000002006F095FE112810D04F204A262070AA
:10F53000FBF726FC014600E0F4E3F0A002F05AFBE2
:10F540001748F8F71CFD4019EDA104E4F8780028ED
:10F5500001D04E2000E04F202070FBF711FC014647
:10F56000EFA002F047FB0E48F8F709FD4019EDA1A6
:10F570006CE4002007F042FB24280ED117202070F5
:10F58000FBF7FEFB0146F1A002F034FB0448F8F75C
:10F59000F6FC4019EEA159E461E265E2A80A02080E
:10F5A000701F0020AC0A02085B25645D4661696C2F
:10F5B000656420746F20636F6E666967757265207D
:10F5C00074686520436F4150206F7074696F6E20BE
:10F5D000696E64657820310D0A000000D8E10008EA
:10F5E000C61900205B25645D53756363657373669C
:10F5F000756C6C7920636F6E6669677572656420DF
:10F60000436F4150206F7074696F6E20696E64653E
:10F610007820310D0A0000005B25645D4661696C4D
:10F62000656420746F20636F6E666967757265200C
:10F6300074686520436F4150206F7074696F6E204D
:10F64000696E64657820320D0A0000005B25645DF8
:10F650005375636365737366756C6C7920636F6E45
:10F660006669677572656420436F4150206F7074DE
:10F67000696F6E20696E64657820320D0A000000A3
:10F680005B25645D4661696C656420746F20636FFF
:10F690006E6669677572652074686520436F4150B6
:10F6A000206F7074696F6E20696E64657820330D09
:10F6B0000A000000C81A00205B25645D537563636F
:10F6C00065737366756C6C7920636F6E66696775B8
:10F6D00072656420436F4150206F7074696F6E20B3
:10F6E000696E64657820330D0A0000005B25645D57
:10F6F0004661696C656420746F20636F6E6669672C
:10F700007572652074686520436F4150206F707476
:10F71000696F6E20696E64657820340D0A00000000
:10F720005B25645D5375636365737366756C6C7993
:10F7300020636F6E6669677572656420436F415020
:10F74000206F7074696F6E20696E64657820340D67
:10F750000A0000005B25645D4661696C6564207485
:10F760006F20636F6E6669677572652074686520C7
:10F77000436F4150206F7074696F6E20696E6465CD
:10F780007820350D0A000000CA1B00205B25645D4F
:10F790005375636365737366756C6C7920636F6E04
:10F7A0006669677572656420436F4150206F70749D
:10F7B000696F6E20696E64657820350D0A0000005F
:10F7C0005B25645D4661696C656420746F20636FBE
:10F7D0006E6669677572652074686520436F415075
:10F7E000206F7074696F6E20696E64657820360DC5
:10F7F0000A0000005B25645D53756363657373667F
:10F80000756C6C7920636F6E6669677572656420CC
:10F81000436F4150206F7074696F6E20696E64652C
:10F820007820360D0A0000005B25645D4661696C36
:10F83000656420746F20636F6E66696775726520FA
:10F8400074686520436F4150206F7074696F6E203B
:10F85000696E64657820370D0A000000CC1C00201A
:10F860005B25645D5375636365737366756C6C7952
:10F8700020636F6E6669677572656420436F4150DF
:10F88000206F7074696F6E20696E64657820370D23
:10F890000A0000005B25645D4661696C6564207444
:10F8A0006F20636F6E666967757265207468652086
:10F8B000436F4150206F7074696F6E20696E64658C
:10F8C0007820380D0A0000005B25645D5375636382
:10F8D00065737366756C6C7920636F6E66696775A6
:10F8E00072656420436F4150206F7074696F6E20A1
:10F8F000696E64657820380D0A0000005B25645D40
:10F900004661696C656420746F20636C6F73652059
:10F91000436F41502073657373696F6E0D0A000069
:10F920005B25645D436C6F73656420746865204378
:10F930006F41502073657373696F6E2073756363D5
:10F9400065737366756C6C790D0A00005B25645DE8
:10F95000437265617465206120436F415020736577
:10F960007373696F6E20616E6420636F6E6E656382
:10F970007420746F2074686520436F415020736554
:10F98000727665720D0A0000F1490098F8F7CCFA1A
:10F99000002805D1EE49EF48F8F7C6FA00280DD047
:10F9A00050202070FBF7ECF90146EBA002F022F9A1
:10F9B000F448F8F7E4FA4019E8A1E0E3002007F082
:10F9C0007FF908280ED050204A262070FBF7D8F97E
:10F9D0000146EDA002F00EF9EA48F8F7D0FA401916
:10F9E000EAA1CCE333209AE5002007F0B3FA082817
:10F9F0003AD03E204A262070FBF7C2F90146EAA021
:10FA000002F0F8F8DF48F8F7BAFA4019E7A1B6E3D0
:10FA1000002007F089F90828EAD03E204A26207005
:10FA2000FBF7AEF90146ECA002F0E4F8D548F8F790
:10FA3000A6FA4019E9A1A2E3002007F09DFD0828DD
:10FA40000ED03E204A262070FBF79AF90146EBA023
:10FA500002F0D0F8CB48F8F792FA4019E8A18EE30B
:10FA6000EF48408BFAF702FF73E3002007F0EAFA51
:10FA70000CE03B2053E5002007F06EFB06E0002081
:10FA800007F0D8FB02E0002007F044FC0828F0D083
:10FA900004E0002007F0ACFC08280ED03E204A26E7
:10FAA0002070FBF76DF90146DEA002F0A3F8B5481F
:10FAB000F8F765FA4019DCA161E33B2020700020D3
:10FAC00007F004FD0828CFD04A263E202070FBF71F
:10FAD00057F90146D9A002F08DF8AA48F8F74FFA75
:10FAE0004019D7A14BE30120F8700020B8703D20E9
:10FAF00015E5002007F0F8F908280ED03E204A2628
:10FB00002070FBF73DF90146D3A002F073F89D4841
:10FB1000F8F735FA4019D1A131E33F20FFE4002086
:10FB200007F098F808280ED04F204A262070FBF7DF
:10FB300027F90146D5A002F05DF89248F8F71FFAC0
:10FB40004019D3A11BE34F202070FBF719F90146A0
:10FB5000D8A002F04FF88B48F8F711FA4019D6A157
:10FB60000DE3002007F0A8FD12283DD006DC042894
:10FB700064D00A2807D00C2877D112E0142841D08D
:10FB80001828F9D14CE034202070FBF7F9F8014631
:10FB9000D4A002F02FF87B48F8F7F1F94019D2A170
:10FBA000EDE20198007B002808D0012808D0022847
:10FBB00008D0032808D0052808D009E0362006E040
:10FBC000372004E0382002E0392000E03A2020709D
:10FBD000FBF7D6F80146D0A002F00CF86948F8F718
:10FBE000CEF94019CDA1CAE23C202070FBF7C8F83D
:10FBF0000146D4A001F0FEFF6248F8F7C0F94019B1
:10FC0000D1A1BCE235202070FBF7BAF80146D7A09D
:10FC100001F0F0FF5B48F8F7B2F94019D4A1AEE269
:10FC20004E202070FBF7ACF80146D8A001F0E2FFAF
:10FC30005448F8F7A4F94019D5A1A0E24A264F206C
:10FC400092E343490098F8F76FF900280ED050204E
:10FC50002070FBF795F80146DCA001F0CBFF494886
:10FC6000F8F78DF94019DAA189E25AE0002008F08E
:10FC70007BF9082804D0012038714A262B20E1E1C5
:10FC80002620EDE1002805D0002008F021FB0828FF
:10FC900009D004E0002008F0A3FB082841D001208F
:10FCA00038714A2645E027205EE3002008F02EF94F
:10FCB000F3E71046FAF7DAFD2920F9E1002008F011
:10FCC00011FA082804D0012038714A262B20FFE1C0
:10FCD0004B202070FBF754F80146C6A001F08AFFC4
:10FCE0002848F8F74CF94019C3A148E2002008F071
:10FCF000D7F8082802D000203871FDE138790128B2
:10FD000004D04E202070002038710BE24F20F9E71C
:10FD1000002008F0BBFB0E2805D0202805D01028B5
:10FD200005D016E22DE22A206DE72B2016E20120F5
:10FD300038712B20CAE606490098F8F7F5F8002834
:10FD400005D050202070FBF71BF8014668E170E1F8
:10FD5000D8E10008431800205B25645D4D515454E0
:10FD600020706172616D6574657220636F6E666983
:10FD70006775726174696F6E206572726F720D0AB9
:10FD800000000000701F00205B25645D4D5154543D
:10FD900020636F6E66696775726174696F6E206645
:10FDA00061696C65640D0A005B25645D4661696C80
:10FDB000656420746F206F70656E20746865204DD7
:10FDC00051545420636C69656E74206E6574776F4E
:10FDD000726B0D0A000000005B25645D4661696C72
:10FDE000656420746F20636F6E6E65637420746F3A
:10FDF000207365727665720D0A0000005B25645DF4
:10FE00004661696C656420746F20737562736372F8
:10FE100069626520746F20746F7069630D0A000059
:10FE2000680000205B25645D4661696C6564207430
:10FE30006F20536574205055420D0A005B25645DA8
:10FE40004661696C656420746F2075706C6F6164C5
:10FE500020646174610D0A005B25645D4661696C14
:10FE6000656420746F20646973636F6E6E6563747C
:10FE700020636C69656E742066726F6D204D5154FD
:10FE800054207365727665720D0A00005B25645D0F
:10FE90004661696C656420746F20636C6F736520C4
:10FEA00054435020636F6E6E656374696F6E0D0A04
:10FEB000000000005B25645D5468652054435020B9
:10FEC000636F6E6E656374696F6E20697320636C17
:10FED0006F736564207375636365737366756C6CAB
:10FEE000790D0A005B25645D4F70656E6564207452
:10FEF0006865204D51545420636C69656E74206EA2
:10FF00006574776F726B2073756363657373667561
:10FF10006C6C790D0A0000005B25645D53756363AA
:10FF200065737366756C6C7920636F6E6E65637450
:10FF3000656420746F2074686520736572766572DD
:10FF40000D0A00005B25645D53756273637269621C
:10FF50006520746F20746F706963207375636365C7
:10FF6000737366756C6C790D0A0000005B25645D27
:10FF700055706C6F61642064617461207375636394
:10FF800065737366756C6C790D0A00005B25645DA2
:10FF90005375636365737366756C6C7920646973FC
:10FFA000636F6E6E65637465642074686520636C4E
:10FFB00069656E742066726F6D20746865204D519E
:10FFC0005454207365727665720D0A005B25645D7A
:10FFD00055445020706172616D6574657220636F65
:10FFE0006E66696775726174696F6E206572726F93
:10FFF000720D0A005B25645D5265747269657665F1
:020000040801F1
:100000002074686520526563656976656420646F55
:10001000776E6C696E6B20446174610D0A0000009C
:10002000E8A001F0E7FDF148F7F7A9FF4019E6A1C4
:10003000A5E0002007F0E8FC082810D00120787225
:100040004A2646202070FAF79BFE0146E8A001F000
:10005000D1FDE648F7F793FF4019E6A18FE0412074
:100060002070FAF78DFE0146EBA001F0C3FDDF48DA
:10007000F7F785FF4019E9A181E0002805D00020AD
:1000800007F028FE082809D004E0002007F080FED1
:1000900008285ED0012078724A266EE0422063E193
:1000A000002007F083FCF3E71046FAF7DFFB44205B
:1000B00020700120F8700020B87080E1002007F067
:1000C0001FFD082800D103E6012078724A26462049
:1000D0002070FAF755FE0146DAA001F08BFDC34807
:1000E000F7F74DFF4019D8A149E0002007F028FCA0
:1000F000082810D0002078724F204A262070FAF786
:100100003FFE0146D8A001F075FDB848F7F737FF6C
:100110004019D6A133E0787A01280FD04E20207004
:1001200000207872FAF72CFE0146D7A001F062FD9C
:10013000AE48F7F724FF4019D4A120E04F20EEE7A6
:10014000002007F079FE0E2805D0202805D01028C1
:1001500011D04B2008E1452055E546202070FAF7E4
:100160000FFE0146D1A001F045FDA048F7F707FFBB
:100170004019CFA103E0012078724620A6E401F0E7
:1001800049FD1CE1FAF7FCFD0146D0A001F032FD6B
:100190009648F7F7F4FE4019D4A101F03BFD0BF0AF
:1001A000DDFB012149029148F7F7A7FED64800255B
:1001B0000570D6480421406BF7F79FFEF8780028B9
:1001C00022D1B87803281CD2D0480221C1704571D1
:1001D000CF48007E012806D0022806D0032806D08A
:1001E000042806D007E0152004E0252002E0322094
:1001F00000E040202070B878401CB870F8780028E3
:1002000002D1B878032806D1C248BD700570857048
:10021000057152202070FD70D1E050202070FAF757
:10022000AFFD0146BCA001F0E5FC7048F7F7A7FE62
:100230004019BAA1A3E7FAF7A3FD0146BBA001F05C
:10024000D9FC6A48F7F79BFE4019B9A101F0E2FC1E
:10025000502089E0FAF794FD0146BAA001F0CAFCEB
:100260006248F7F78CFE4019B7A101F0D3FCFAF70A
:1002700087FD0146BAA001F0BDFC5C48F7F77FFEA0
:100280004019B8A111E003F039FE7D20C000FAF753
:10029000EDFAFAF775FD0146BB4801F0ABFC534897
:1002A000F7F76DFEB8494019091D01F0B3FC0121B3
:1002B000052049030007FAF753FD0028E3D0012188
:1002C000052049030007FAF74BFD01280ED1FAF784
:1002D00057FD0146AC481C3001F08CFC4348F7F751
:1002E0004EFEA9494019203101F094FC0BF036FB79
:1002F000012149023D48F7F700FE4B20207083485A
:100300000421817000247C70A04DC17028780028E1
:1003100003D09F48007802280FD99E499E4800F0DC
:10032000CEFD7B4801697D20C00041439A4800F022
:100330002DFE994800F03CFE02E09849012008702B
:100340002C703CE07248007E012808D0022808D0BA
:10035000032801D1FFF7E1FB042804D02FE024207B
:1003600002E02C2000E04720207028E067480421AC
:10037000C170817000207870F87289488068A82860
:1003800002D18849012008708749884800F097FD0C
:100390007D218901854800F0F9FD844800F008FEC0
:1003A000FAF7EEFC014682A001F024FC4B202070FD
:1003B000FDF7B2FB012287498748FCF775FB304601
:1003C000FEBD00005B25645D544350207061726186
:1003D0006D6574657220636F6E66696775726174AE
:1003E000696F6E206572726F720D0A00701F0020B7
:1003F0005B25645D4661696C656420746F206F7075
:10040000656E206120536F636B657420536572764F
:100410006963650D0A0000005B25645D4F70656EC1
:10042000206120536F636B65742053657276696336
:1004300065207375636365737366756C6C790D0AFB
:10044000000000005B25645D526574726965766525
:1004500020726563656976656420646174612066F5
:1004600061696C65640D0A005B25645D4661696CB9
:10047000656420746F20636C6F73652074686520F9
:10048000706F72740D0A00005B25645D436C6F73BE
:10049000652074686520706F72742073756363657E
:1004A000737366756C6C790D0A0000005B25645DE2
:1004B000446174616772616D2069732073656E7445
:1004C0002062792052460D0A000000005B25645D21
:1004D0002A2A2A2A2A456E64206F662075706C6F5E
:1004E00061642A2A2A2A2A0D0A0D0A002A2A2A2A9F
:1004F0002A456E64206F662075706C6F61642A2ACD
:100500002A2A2A0D0A00000007000020840100208A
:1005100068000020A80000205B25645D53656E64C0
:1005200020636F6D706C6574650D0A005B25645DFA
:100530004661696C656420746F2073656E640D0A92
:10054000000000005B25645D526573746172742065
:10055000746865206D6F64756C652E2E2E0D0A0013
:100560005B25645D4E6F20726573706F6E736520DE
:100570007768656E207368757474696E6720646F40
:10058000776E0D0A0000000040E30008160000200E
:100590000A000020710601089003002009000020D5
:1005A000000008080E000020098B0108E00300206D
:1005B0005B25645D4E42206D6F64756C65206973C8
:1005C00020696E697469616C697A696E672E2E2E76
:1005D0000D0A000000000020040600207047000003
:1005E00010B5052020210007FAF7BAFB012806D034
:1005F000074800F015FD07490120487710BD06495E
:10060000034800F0C3FC024800F0D2FC10BD00001B
:10061000A40300200000002060EA000010B5044898
:1006200000F0FEFC03480021C173017210BD000000
:10063000CC0300200000002010B50B4800F0F0FCB7
:100640000A4C0121002249032046FAF792FB0022BE
:1006500021012046FAF78DFB0121002209032046E3
:10066000FAF787FB10BD0000B8030020000400501B
:1006700010B5074801697D20C0004143054800F0DE
:1006800085FC044800F094FC03490120487210BD29
:10069000680000209003002000000020F0B5304FDB
:1006A000304C387F8FB0002855D0E07D00250028E1
:1006B0000AD10CA800F0EEF801A90C9800F006F998
:1006C000019820760120E07527480078002839D06D
:1006D000264E3C213068C8421FDD3C2832DA68468D
:1006E00000F0D8F800983168401802A900F0EEF840
:1006F0000298C1B2207E002800D13C20002900D100
:100700003C21401A45B23C20C54201DD3C2D00DBB6
:10071000002515480078002814D030683C21C842D4
:1007200010DD3C280EDA397F114A401951437D22F1
:10073000D200504309180F4800F028FC0A49002055
:10074000087005E0397F0A4841430A4800F01EFC62
:10075000084800F02DFC0120E0770FB0F0BD00004C
:1007600068000020000000206801002078010020BF
:1007700060EA0000F40300207047000010B5024852
:10078000FBF7B4FF10BD0000FC04002001090A22A1
:1007900000075143000F4018C0B2704700220146C5
:1007A00002E00A39C9B2521C0A29FAD21007000E17
:1007B0000843704770B504460068C168490613D401
:1007C0000021C943C160FAF7DBFA7D260546F60031
:1007D00006E0FAF7D5FA401BB04201D9032070BDFC
:1007E0002068C0684006F4D5002070BD10B50348ED
:1007F000FBF7D4FBFCF700FC10BD0000D006002086
:100800007047F7B582B017460E4600241AE0610023
:10081000705C891949780091F7F70FF93038C5B243
:10082000092D01D9ED1FEDB20098F7F706F9303820
:10083000C0B2092801D9C01FC0B229010818029905
:100840000855641CBC42E2DB05B0F0BD10B5FAF7F8
:100850000BFE10BD0FB40CB500210191069A04994E
:1008600089186A460091918A928B891809B26A4662
:1008700091807D22D200914205DB009B5B1C891A8E
:100880006A46009391800099019A06C002B008BCA4
:1008900004B0184710B5044688B0002001900290BB
:1008A00002A8FCF70DFB019004A903A8FCF7E8FAE5
:1008B0000298009005A8019B049A0399FFF7CAFFCC
:1008C0000598069903C408B010BD00003EB50D465A
:1008D0000024810C420C891804D0284A6418514322
:1008E000401AF6E72549884202D349424018641C61
:1008F0006A4601A9F8F73EFD00986A46C0B2286032
:1009000002A90198F8F736FD0098FF21C0B268608F
:1009100002986F31C0B2A86019484A1E05E08307EB
:100920000FD01346E41A401C80B283070BD0134645
:10093000A342F4D913494118134869618A0704D0C6
:1009400005E00B46EEE70B46F2E71D2242601C2253
:10095000C82900D14260012102E0E41A491C89B291
:100960008B001B18803BDB6FA342F6D94260641CEE
:100970000020EC60C043296128623EBD8051010027
:10098000B207000094F8FFFF1401002030B50546BF
:1009900087B00020019002900C4602A8FCF790FA64
:1009A0000190029800902246294603A8019B00F07E
:1009B0000CF8049903980691059068461821415E49
:1009C0000598FCF76DFA07B030BD0FB40CB50021E7
:1009D0000191069A0499891A6A460091918A928B2C
:1009E000891A09B26A469180002907DA009A521ED4
:1009F00000927D22D20089186A4691800099019A5E
:100A000006C002B008BC04B01847000070B59CB026
:100A100038216846F7F771FA142117A8F7F76DFA2D
:100A200024210EA8F7F769FA1D4801680324E4029F
:100A3000A143C51449190160FAF780FD19480169FD
:100A4000A14301610E200090E810029001200226CF
:100A50000A960390059080040C9000011021002458
:100A60000D900B9404916846FAF792FF0F201790AF
:100A70000320189019941A9401211B9417A8FAF7CF
:100A80005DFE2F200E900820119080021390C00070
:100A90000F90109612950EA8FAF78AFD1CB070BD43
:100AA0000070004040100240104801688215114358
:100AB0000160C1680E4A1140C16001680D4A1140D1
:100AC000016081684908490081600168012292043F
:100AD00091430160C168FD2212049143C16000216D
:100AE0000161064904488860704700000010024018
:100AF0000C40FF88F6FFF6FE0078000800ED00E0ED
:100B000010B50E4C002240212046FAF732F900F0D1
:100B1000DDF8002280212046FAF72BF900F010F8CA
:100B2000012240212046FAF724F900F009F80022BA
:100B300040212046FAF71DF910BD000000040050C6
:100B400008B50E200090401E0090FCD108BD0000AA
:100B500000B587B014216846F7F7CFF90A48C26A92
:100B600002210A43C262C06A08400590C02000907A
:100B70001120019000200290032003906946034851
:100B8000FAF72CF807B000BD001002400004005036
:100B900010B50E4C002240212046FAF7EAF800F08A
:100BA00095F8012280212046FAF7E3F8FFF7C8FF05
:100BB000012240212046FAF7DCF8FFF7C1FF0022AE
:100BC00040212046FAF7D5F810BD0000000400507F
:100BD000F8B5074600F05EF80024144E254660067E
:100BE000040E002240213046FAF7C3F8FFF7A8FFB1
:100BF000FFF7A6FF012240213046FAF7BAF880211C
:100C00003046FAF7ADF8002801D0641CE4B2FFF7D3
:100C100097FF6D1CEDB2082DE1D3002F03D0FFF735
:100C20006FFF2046F8BDFFF7B3FFFAE7000400505E
:100C3000F8B51D4614460F46064600F095F87600B6
:100C4000F0B200F061F800F0D1F8002803D000F015
:100C5000ADF80120F8BD384600F056F800F0C6F8AF
:100C600000F082F8761CF0B200F04EF800F0BEF80A
:100C700008E0012C0CD00120FFF7AAFF641E2870A9
:100C8000E4B26D1C002CF4D100F090F80020F8BD07
:100C90000020F1E708B50A48C26A02210A43C2628D
:100CA000C06A08400090074800214160816003212C
:100CB000C1608021016001460348F9F78FFF08BD3C
:100CC00000100240801E00200004005008B50B48B0
:100CD000C26A02210A43C262C06A08400090084802
:100CE00001214160002181600321C16080210160F8
:100CF00001460448F9F772FF08BD000000100240E9
:100D0000941E00200004005070B50546FFF7DEFF7A
:100D1000144E002240213046FAF72BF80024280612
:100D200001D5012200E0002280213046FAF721F8A7
:100D3000FFF706FF012240213046FAF71AF8FFF7C5
:100D4000FFFEFFF7FDFE002240213046FAF711F8C2
:100D50006806050EFFF7F4FE641CE4B2082CDED32F
:100D600070BD00000004005010B5FFF7AFFF0E4C3F
:100D7000012280212046F9F7FCFF01224021204674
:100D8000F9F7F7FFFFF7DCFE002280212046F9F794
:100D9000F0FFFFF7D5FE002240212046F9F7E9FFDA
:100DA000FFF7CEFE10BD00000004005010B5FFF7A5
:100DB0008DFF0D4C002240212046F9F7DAFF00227A
:100DC00080212046F9F7D5FFFFF7BAFE0122402126
:100DD0002046F9F7CEFF012280212046F9F7C9FF0E
:100DE000FFF7AEFE10BD00000004005070B50024F7
:100DF000FFF750FF134D012280212846F9F7B9FF74
:100E0000FFF79EFE012240212846F9F7B2FFFFF7C7
:100E100097FE07E0641CE4B2FA2C03D9FFF7C6FF83
:100E2000012070BD80212846F9F79AFF0028F1D1F2
:100E3000002240212846F9F79CFFFFF781FE0020A1
:100E400070BD000000040050F8B51E4615460F4660
:100E50000446FFF789FF6006000EFFF755FFFFF716
:100E6000C5FF00280DD13846FFF74EFFFFF7BEFF44
:100E700000240CE0305DFFF747FFFFF7B7FF0028C5
:100E800003D0FFF793FF0120F8BD641CE4B2AC422D
:100E9000F0D3FFF78BFF0020F8BD10B5FCF78EF8FC
:100EA000FCF7ECF910BD70B50546FCF787F8044671
:100EB0002846FCF7EBF9201AFCF7E0F970BD002298
:100EC0000260426002720261C160704710B5054A5B
:100ED0001168002901D000230B720161106000F03D
:100EE0003FF810BD1001002070B5FCF753F8044620
:100EF000FCF71CF9031B194C206800282DD0014673
:100F0000002507E016689E4202D9F61A166000E036
:100F1000156009690A69002AF4D100281DD0016909
:100F20002160C068002800D1FEE7804720680028C3
:100F300013D0FCF735F8014620680268914205D9C4
:100F400001692160C0680028EFD1FEE7002804D0C5
:100F5000017A002901D100F003F870BD10010020D2
:100F600070B50446FCF714F8054601202072FCF722
:100F700017F821684019884201D8084603E0FCF7B9
:100F80000FF840192060FCF755F870BD70B50546A4
:100F90000846FCF77BF90446284600F041F8FBF7C9
:100FA000F7FF844200D204462C606C6070BD0000E4
:100FB000F8B50400EFF3108572B62CD0174F3868DF
:100FC000014602E0A04226D000690028FAD100269E
:100FD00060682060267200290CD0FBF7E1FF2168D1
:100FE0000918216038680268914206D22046FFF74E
:100FF0006DFF10E0FCF79AF8F8E70169002908D0C6
:1010000022680B689A4201D90846F6E7046121611B
:1010100001E00461266185F31088F8BD100100200D
:1010200070B5EFF3108572B6144C21680A1E21D0FA
:1010300000281FD081421BD1087A002601280869A8
:1010400003D000280AD0206014E0002804D00E72DB
:101050002060FFF785FF0DE0FCF700F9266009E04E
:10106000814203D108691061002803E00A4609693A
:101070000029F5D185F3108870BD00001001002013
:1010800010B5818CC90707D001684A6801235B0449
:101090009A43836A1A434A60818C890707D501689D
:1010A0004A6801231B049A43C36A1A434A60818C2D
:1010B000490707D501684A6801239B049A43036BDB
:1010C0001A434A60818C090707D501684A680123E1
:1010D000DB039A43436B1A434A60818CC90607D5E8
:1010E0000268916801231B039943836B1943916044
:1010F000818C890607D501688A6801235B039A43BE
:10110000C36B1A438A60818C490612D503685A68FA
:1011100001210905046C8A4322435A60026C8A4209
:1011200007D10268516803235B059943436C194357
:101130005160818C090607D501684A680123DB04E8
:10114000806C9A4302434A6010BD0000F8B5044623
:10115000002680300660F9F713FE05462068006817
:10116000124F000709D501212B46002249052046D0
:10117000009700F057FA00280DD12068006840075A
:101180000BD501212B46002289052046009700F04F
:1011900049FA002801D00320F8BD2020A067E067AD
:1011A0002666603426750020F8BD0000FFFFFF01B1
:1011B00010B5806A0022014640314A834A82FBF71B
:1011C00094FA10BD70B5846AA06FE56F21688968D4
:1011D00000260906002906DA212804D152200653E8
:1011E000204600F04BF820688068400606D5222D86
:1011F00004D15A200653204600F027F820468030BC
:1012000001681022114301602046FBF76EFA70BDA1
:1012100010B501460968806A096889060DD4002264
:1012200052210A5201688A6880239A438A600068C2
:10123000016840221143016010BDFBF77BFD10BD2A
:1012400010B5806AFBF777FD10BD01680A68FF23BF
:1012500021339A430A6001688A68520852008A6002
:10126000016E012904D101680A6810239A430A60BB
:101270002021C167002101664166704701680A6844
:10128000C0239A430A6020218167704770B50446E5
:101290004030828BE36F2168222B04D088690822BA
:1012A0001043886170BD496A636D11401980616D9A
:1012B000891C6165418B491E4183418B0029F1D115
:1012C00021680A68FF2321339A430A6021688A68EB
:1012D000520852008A602021E16700256566216E70
:1012E000012904D02046FBF70FFC256670BD21685C
:1012F0000A6810239A430A60018B2046FBF7A7F97E
:10130000F3E770B504464030828BE36F2168222BEF
:1013100004D0886908221043886170BD496A114071
:10132000626D1170616D491C6165418B491E41837D
:10133000418B0029F1D121680A68FF2321339A43A8
:101340000A6021688A68520852008A602021E16799
:1013500000256566216E012904D02046FBF7D4FBE9
:10136000256670BD21680A6810239A430A60018BC4
:101370002046FBF76CF9F3E7F8B50446016880688E
:101380002269E66910436269002532431043754BB8
:101390000A68754E324002430A60206841680322A1
:1013A00012039143E268114341602168A0699942A8
:1013B00001D0226A10438A680B263602B2430243E8
:1013C0008A606A4922686A488A420CD1C0688007EC
:1013D000800F06D001283FD002283BD0032827D118
:1013E00024E0012725E063498A420AD1C0680C2124
:1013F00008402DD004282FD008282BD00C2817D136
:1014000014E05D498A4223D05C498A4220D09A4246
:101410000ED1C16803208002014019D00120800252
:10142000091A19D0091A15D0814201D1082700E004
:1014300010274F495248403986009A4232D1002F36
:101440000CD0022F0DD0042F10D0082F7FD126E012
:101450000027EEE70227ECE70427EAE7FAF73CFA71
:1014600006E00968C90605D4304603E0FAF754FAE5
:10147000002872D0626851005118814267D8110368
:10148000814264D3010E06025008002330185941EE
:10149000F6F758FA03210902411A3A4A55E00120A9
:1014A000C003E7E70122E369D20393422BD13B005B
:1014B00000F0F3FB0906090C4D114D4D4D274D0071
:1014C000FAF70AFA09E0FAF717FA06E00968C90616
:1014D00005D4304603E0FAF71FFA00283DD06168D2
:1014E00040004A088018F6F703FA80B202462649FF
:1014F000103A8A422BD8491C01400007400F08438C
:1015000029E01046EBE73B0000F0C7FB0906090C99
:101510002112212121232100FAF7DEF90AE0FAF74E
:10152000EBF907E00968C90606D4304604E00EE08E
:10153000FAF7F2F9002810D061684A081018F6F797
:10154000D7F980B20146104A1039914203D90125DA
:1015500003E01046F0E72168C86000206066A066DE
:101560002846F8BD00480040F369FFEF003801400D
:101570004010024000440040004C00400050004039
:1015800000093D00FFFC0F00EFFF000070B5416552
:10159000014640310A834A8300224266012483685F
:1015A0002403FF25A34204D10369002B13D11A4B56
:1015B0000AE07F26002B09D001252D07AB420CD174
:1015C0000369002B05D03F238B8307E00369002BC1
:1015D00001D08E8302E08D8300E08A8380210A504F
:1015E0002221C16701688B6801252B438B608168CC
:1015F000A14202D1016900290BD00849416674213A
:101600000A5400680168FF22213211430160002062
:1016100070BD0349F2E70000FF0100000313010859
:101620008D120108FFB581B005460F4604466035AE
:101630000A9E39E0701C37D0F9F7A2FB0499401AD2
:10164000B04222D8002E20D02068016849072BD54F
:10165000C069C043000527D401202168C002086288
:1016600020680168FF22A1329143016020688168EF
:101670004908490081602020A067E067803420602D
:1016800000202875032005B0F0BD20680168FF2206
:10169000A132914301602068816849084900816056
:1016A0002020A067E067EBE72068C16938468843DF
:1016B00005D0002103988142BCD00020E3E701213E
:1016C000F8E70000F0B50020124A01460346145C1A
:1016D000FF2C15D114186578A7786E1EF619E478DA
:1016E000F6B2A6420CD12C02E419A4B24E000A4D67
:1016F000002CAC5304D0001D491CC0B2C9B201E09B
:10170000401CC0B2022903D25B1CDBB21E2BDED30D
:10171000F0BD0000040300206C1E002010B5002462
:1017200001220D490D48FBF7BFF96420F9F79EF837
:101730000B48F9F79BF80B490878FF2808D0487840
:10174000FF2805D08878FF2802D0C878FF2800D16C
:101750000124204610BD0000030000208005002069
:10176000B80B00000403002010B5FFF7ABFF0948D9
:10177000018840880818440807480078002806D1E6
:10178000F9F7FEFA0146224604A000F033FA20469B
:1017900010BD00006C1E00201F0000205B25645D52
:1017A00064697374616E63653A25640D0A00000014
:1017B00010B504490020087064210348F6F79DFB2A
:1017C00010BD00000400002004030020F8B5F8F765
:1017D00049FCF8F783FC2E4F80213846F9F7C0FA10
:1017E0002C4E002804D030782B4C002848D04DE0F7
:1017F0000025012240213C463846F9F7BAFA01207B
:10180000F9F734F8002240212046F9F7B2FA802196
:1018100027462046F9F7A4FA0028F8D0F9F7B0FADD
:10182000044680213846F9F79BFA0028F9D1F9F7E8
:10183000A7FA1A49001B48433A21F6F759F884B22F
:1018400020461749F038884230780FD3002805D158
:10185000F9F796FA014613A000F0CCF96D1CEDB231
:10186000092D01D00A2DC4D30020F8BD00280DD1C8
:10187000F9F786FA0146224612A000F0BBF905E00E
:10188000F9F77EFA014615A000F0B4F92046F8BD3C
:10189000000400501F000020FF0F00001027000070
:1018A000811600005B25645D44697374616E636535
:1018B000206973206F7574206F662072616E676592
:1018C0000D0A00005B25645D44697374616E636595
:1018D0003D2564206D6D0D0A000000005B25645DF0
:1018E000554C54206973206E6F7420636F6E6E6563
:1018F00063740D0A0000000010B57D200001F8F7A8
:10190000B5FF10BD10B50248FAF7F0FE10BD00009B
:101910008005002010B50248FAF7E8FE10BD00006F
:1019200004060020FEB5654F654C39796078654D39
:101930000026002912D0002863D06348F7F742FB45
:101940006249002828D0022829D003282CD0042856
:101950002CD005282CD001282DD048E0002850D0CC
:10196000594808F027FD58483968F6F70FFB00285A
:101970000DD15548F6F703FB092808D2F9F700FA0C
:10198000014653A000F036F9012038712FE0F9F735
:10199000F7F9014654A004E009685AA001E08968FB
:1019A00007E000F027F922E0C96802E0096900E0D9
:1019B000496956A0F5E72E8601214902686BF6F7C2
:1019C0009CFA4148F6F7DBFA3F4F0D21395438466F
:1019D000F6F7D5FA0A2139543846F6F7D0FA82B22A
:1019E00039464B48FBF74EF94A48F8F73FFF607815
:1019F000012806D16684FF2166702D313248F6F742
:101A00007CFAA07801280AD140A0696B00F0F2F8B6
:101A10002E86A67001214902686BF6F76EFAE07F08
:101A200000281BD025482030007C012816D1E878FA
:101A3000022813D0032811D0A07F00280ED103F074
:101A400099FB6846FEF726FF334900988861042118
:101A5000686BF6F752FA09F071FEE67728790328E9
:101A60001DD16E7104202871062501272B48F9F736
:101A7000F3FC2B48F8F7FAFE002007F0DFF80828FF
:101A800006D04820A071002D0CD0012D0FD00FE002
:101A900024480078012803D04D20A071A672FEBD15
:101AA0000B20FAE7A07A401CA072A775FEBDE77272
:101AB000002007F063F96D1ED8E7000068000020E1
:101AC0000000002084010020D80100207CD0010803
:101AD0005B25645D50617373776F726420436F722E
:101AE000726563740D0A00005B25645D5061737359
:101AF000776F726420496E636F72726563740D0A4A
:101B00000000000025730D0A00000000257300008E
:101B1000FC040020DC050000A8000020EC040020EC
:101B2000B80B00004500002000B585B014216846C0
:101B3000F6F7E3F96A4680210248FBF73FF905B062
:101B400000BD00000004005000B587B014216846B5
:101B5000F6F7D3F90948C26A02210A43C262C06A91
:101B60006A46084005908020009000200190029075
:101B700080210348FBF722F907B000BD00100240A6
:101B80000004005000B585B014216846F6F7B5F999
:101B90006A4640210248FBF711F905B000BD00007C
:101BA0000004005010B586B014216846F6F7A5F978
:101BB0000E48C26A02210A43C262C06A0C4C084045
:101BC0000590402000900120019000200290032009
:101BD00003906A4640212046FBF7F0F8002240219E
:101BE0002046F9F7C6F806B010BD0000001002400C
:101BF000000400500FB410B503A9044B044A029826
:101C000000F086F910BC08BC04B018471151010857
:101C1000D00100200FB410B504A9074B02AA039805
:101C200000F076F9044602A9002000F00DFD2046E0
:101C300010BC08BC04B01847492601082021020C3A
:101C400001D010211046020A01D0104608390209BD
:101C500001D01046091F820801D01046891E420893
:101C600001D0881E7047081A7047F8B5040C8BB273
:101C7000264682B25E430D0C1046370C584336049C
:101C800080190021794116466E43370C36048019BD
:101C9000794126466E438919F8BD30B47446641EF6
:101CA0002578641CAB4200D21D46635D5B00E318DF
:101CB00030BC18478307FF22DB0E9A408907090EC4
:101CC0009940002808DB830809489B001B18186806
:101CD00090430843186070470007000F08388308D6
:101CE00004489B001B18D86990430843D86170478B
:101CF00000E400E000ED00E0BFF34F8F044903482B
:101D0000C860BFF34F8F00BFFDE700000400FA0575
:101D100000ED00E0BFF34F8F04490348C860BFF3F4
:101D20004F8F00BFFDE700000400FA0500ED00E062
:101D3000BFF34F8F04490348C860BFF34F8F00BF04
:101D4000FDE700000400FA0500ED00E000487047E0
:101D5000D40100200148006870470000D401002031
:101D600002E008C8121F08C1002AFAD17047704764
:101D7000002001E001C1121F002AFBD170470000C2
:101D80000149086070470000D4010020F0B51FB47D
:101D900086B00998089A030D0021024314D05148D7
:101DA000514A1818504305141198012810981AD058
:101DB000281A401C00264D4F4D4900960191049071
:101DC000002812DA444211E01198012449A30128A5
:101DD00001D11098C1430698119A84600360C260D3
:101DE00041600BB0F0BD4042E4E70446210500200D
:101DF0003F4A001C51410391029012E0E00707D0D6
:101E000032463B4601990098F6F722FA019100907C
:101E100032463B4610461946F6F71AFA06460F4672
:101E20006410002CEAD10498039B0028029A0999B7
:101E3000089806DAF6F70CFA019B009AF6F708FA0A
:101E400005E0F6F76DFA019B009AF6F769FA044689
:101E50000E460022284BF6F761FD03D80020C04350
:101E6000014607E00022254B20463146F6F73EF9B1
:101E7000F6F734FD102409E0002C0ADB0A220023C7
:101E8000F5F760FD079B30321A55641E02460A437F
:101E9000F2D11122641C079B121B1C19119B012BF0
:101EA00003D0012308430ED10AE0084304D01120D7
:101EB00010900020119077E71098151A6D1E0BE016
:101EC0001098824202DD00236D1C03E0824201DA99
:101ED00000236D1E002BEED0069811998260C16020
:101EE00030C07EE701FCFFFF104D000000001440F1
:101EF0000000F03F300000000000F0430000E03F31
:101F000030380A2801D201207047002070470000B5
:101F1000FFB597B00646002518E2252877D10024A2
:101F20002746FD49049400E00443761C32780120E2
:101F3000203A90400842F7D130782A280ED0022269
:101F4000307801463039092916D804990A235943B3
:101F5000303940181443761C0490F1E7189802C8F1
:101F600004911890002904DA0120400304434842F8
:101F7000049002200443761C30782E2814D10420CB
:101F800004437078761C2A2809D11898761C80C8DA
:101F9000189009E00A214F43303FC719761C30786A
:101FA000014630390929F5D930786C2810D006DC83
:101FB0004C281AD068280ED06A2817D104E074285B
:101FC00013D07A2812D110E00120400504430CE020
:101FD0000121090501E0032109050C4371788142C3
:101FE00003D1012000052418761C761C307811904E
:101FF00066280BD013DC58287DD009DC00287BD064
:102000004528F6D04628F4D047281AD1A5E118E093
:10201000632835D0642870D0652812D19DE17028DE
:102020006CD008DC6728F1D069287BD06E280DD0F1
:102030006F2806D1BAE073282ED0752871D0782881
:1020400059D01A9A199990476D1C7EE16002400F91
:10205000022809D003280DD00428189801680DD053
:102060000D60001D189070E11898EA1701680D6066
:102070004A60F6E7189801680D80F2E70D70F0E706
:1020800018986A4601781172001D1890002050724D
:1020900002A80090012005E0189802C818900020BE
:1020A0000091C04361070DD5002101E00199491C51
:1020B0000191B94212DA8142F8DB009A515C0029A1
:1020C000F4D10BE0002101E00199491C019181420A
:1020D000FADB019A0099895C0029F5D101990498ED
:1020E0001A9B471A21463846199A00F097FA019927
:1020F000401945180BE04FE02CE113E04EE000984A
:1021000000990078491C00911A9A199990470198F2
:10211000401E0190401CF2D1214638461A9B199A64
:1021200010E137E00A200021009001916002410F88
:10213000022907D0189A01CA1892C2179446032997
:1021400008D00AE01898C01DC108C90005C9189137
:10215000944607E000B2C2179446042902D140B267
:10216000C1178C4600226146944506DA0A460021D2
:10217000404291418C462D2102E0210504D52B21BE
:102180006A461173012103E0E10701D02021F7E73E
:10219000029155E00A200AE0102008E0102000908B
:1021A0000021042004430191082703E008200021B6
:1021B000019100906002410F022907D0189A01CACC
:1021C000189200229446032908D008E01898C01DF0
:1021D000C108C90005C91891944603E080B20429DA
:1021E00000D1C0B200210291210729D5119970298F
:1021F00006D0009A1021019B4A401A4305D00EE0F8
:1022000040216A461173012108E06146014306D06E
:1022100030216A4611731199517302210291009A7B
:102220000821019B4A401A430AD16146014301D16A
:10223000610705D530216A46117301217F1E029185
:102240001199582904D035A10E910DA90D910DE0D9
:1022500037A1F9E76146019B009AF5F773FB0E9BE6
:102260008C469B5C0D9A521E0D9213706146014381
:10227000F0D10D9805A9081A20300190600703D508
:1022800001200004844300E001270198874201DD1A
:10229000381A00E0002001990090411802980918AE
:1022A0000498401A0490E00306D421461A9B199A18
:1022B000049800F0B3F94519002706E003A81A9A1C
:1022C000C05D199990476D1C7F1C02988742F5DB11
:1022D000E0030CD521461A9B199A049800F09EF948
:1022E000451904E01A9A3020199990476D1C0099FD
:1022F000481E00900029F5DC08E00D980D99007843
:10230000491C0D911A9A199990476D1C0199481E04
:1023100001900029F1DC63E10928010030313233FA
:102320003435363738396162636465660000000011
:1023300030313233343536373839414243444546FB
:102340000000000000F05AF94519761C307800288A
:1023500000D0E2E528461BB0F0BD600700D4062798
:102360001898C01DC108C90048680A680831C30F21
:10237000DB071891190001D09CA108E0210501D5C7
:102380009BA104E0E10701D09AA100E09AA14300DB
:1023900011985B08109165280CD006DC452809D0FF
:1023A00046281DD0472841D141E0662818D067282B
:1023B0003CD13CE00021112F01DB112000E0781C12
:1023C0000191009008A911A8FFF7E0FC139905916D
:1023D0000021119A15927F1C12980197009150E0EC
:1023E0000120C00703900120019008A9009711A8BF
:1023F000FFF7CCFC139A149905920022119B0092CE
:1024000012981593059A0192002901D0104602E016
:10241000791C40180190381A01D5019804E0404217
:10242000401E0090781C0190C01B029043E0012FD9
:1024300000DA01270021112F01DD112000E03846CC
:102440000191009008A911A8FFF7A0FC139905912C
:10245000119A0021129815920091019721070CD42E
:102460000599B94201DB019900E00191012904DDE0
:10247000159A491E515C302906D0B84201DA011D77
:1024800005DA0121029115E00199491EEDE70028C6
:1024900005DC0099411800910199091A03E0019A9D
:1024A000411C914200DD01910099401A401C0290AC
:1024B0000120C0070390200706D4029901988142A9
:1024C00002DB0020C043029000206946C87707AFB6
:1024D000012103980337C907884224D002201190B4
:1024E0002B201290039800280CDA404203902D20F4
:1024F000129007E00A210398F5F7FAF930317F1EB0
:10250000039039701199481E11900029F2DC03984C
:102510000028EFD1791E12980870307820210840E9
:102520004530BF1E387006A8C01BC01D0390109810
:102530000078002800D00120019941180298C017A6
:102540000918039809180498401A401E0490E003E3
:1025500006D421461A9B199A049800F05FF8451991
:1025600010980078002803D01A9A199990476D1C8A
:10257000E00324D521461A9B199A049800F04EF8DE
:1025800045191CE00098002807DB0099059888424F
:1025900003DD1598405C199901E0199930201A9AC9
:1025A000904700986D1C401C00900298401E0290BD
:1025B000002804D11A9A2E20199990476D1C019970
:1025C000481E01900029DDDC05E038781A9A7F1C4E
:1025D000199990476D1C0399481E03900029F4DC5B
:1025E00021461A9B199A0498ACE600002D000000C1
:1025F0002B0000002000000000000000F8B5044699
:1026000000251E461746880404D405E039462020DC
:10261000B0476D1C641EF9D52846F8BDFFB50446C9
:10262000002581B01E46C80301D5302700E02027D1
:10263000880404D505E038460399B0476D1C641E34
:10264000F9D5284605B0F0BD0A68531C0B60107020
:102650007047000010B507480078002802D006A097
:10266000FFF7C8FA0648818A06A0FFF7C3FA0020E0
:1026700010BD00004000002041542B3556543D0051
:102680006800002025640D0A0000000010B53D21FF
:10269000F5F76BFC401CF5F7A1FC0249888200208D
:1026A00010BD00006800002010B506480078002822
:1026B00002D005A0FFF79EFA054906A0FFF79AFA97
:1026C000002010BD4000002041542B41504E3D00E1
:1026D0004F16002025730D0A0000000070B5054656
:1026E00009F02CF93D212846F5F73FFC0446284621
:1026F000F5F745FC611B401A401E282801D902202D
:1027000070BD074829210546F5F7F7FB601CF5F772
:1027100036FC0246611C2846F5F7D6FB002070BD4A
:102720004F16002010B508F073FD002010BD10B545
:102730003D21F5F71AFC4078302801D0022010BD69
:1027400008F0FCFC002010BDF8B507460120084D3C
:10275000084E28700024182060438019816838468C
:102760008847641C302CF6D300202870F8BD000088
:1027700040000020ACD0010810B5064800780028C1
:1027800002D005A0FFF736FA064907A0FFF732FA94
:10279000002010BD4000002041542B434C49454EC1
:1027A000543D00007816002025730D0A000000003B
:1027B00070B5054609F0C2F83D212846F5F7D5FB6E
:1027C00004462846F5F7DBFB611B401A401E8028B3
:1027D00001D9022070BD074881210546F5F78DFB20
:1027E000601CF5F7CCFB0246611C2846F5F76CFB34
:1027F000002070BD7816002008B50A48007800282F
:1028000002D009A0FFF7F6F90B48017800910146C4
:1028100020390B7F4A8E017C08A0FFF7EBF90020DE
:1028200008BD00004000002041542B434C4F434B57
:102830004C4F473D000000008800002025642C25F7
:10284000642C25642C25640D0A000000B0B586B008
:1028500007463D21F5F789FB0025C01B401CC4B28B
:1028600005E0385D70556D1C641CEDB2E4B238466D
:10287000F5F785FBA042F4D80024745505A904A8F7
:102880000191009003AB02AA19A1304609F0C6F8E5
:1028900004282AD168468189E1200001814202D3BF
:1028A0001648814221D16846027D202A1DD805465E
:1028B000037A134803740346203B5986297C197711
:1028C000027010481049047001204870410305202F
:1028D0000007F8F745FA002804D105F071FE002042
:1028E00005F082FF002006B0B0BD0220FBE700002B
:1028F00025642C25642C25642C256400FFFF000032
:1029000088000020700100204000002010B507481A
:102910000078002802D006A0FFF76CF90748417F35
:1029200007A0FFF767F9002010BD0000400000205D
:1029300041542B43535154494D453D0068000020FC
:1029400025640D0A0000000010B53D21F5F70DFBD0
:10295000401CF5F743FB411E1E2901D3022010BD88
:1029600001494877002010BD6800002010B50648D6
:102970000078002802D005A0FFF73CF9064907A01F
:10298000FFF738F9002010BD4000002041542B44CF
:102990004555493D000000008E15002025730D0AA5
:1029A0000000000070B505463D21F5F7DEFA04464B
:1029B0002846F5F7E4FA611B401A102812D1601C72
:1029C00002F05CFD00280DD010210748F5F795FABC
:1029D000601CF5F7D4FA0246611C0348F5F774FA57
:1029E000002070BD022070BD8E15002010B5064875
:1029F0000078002802D005A0FFF7FCF8064907A0E0
:102A0000FFF7F8F8002010BD4000002041542B448F
:102A10004E534346473D00002616002025730D0AFD
:102A20000000000070B5054608F088FF3D212846EB
:102A3000F5F79BFA04462846F5F7A1FA611B401A00
:102A4000401E282801D9022070BD074829210546CB
:102A5000F5F753FA601CF5F792FA0246611C284616
:102A6000F5F732FA002070BD2616002010B5074891
:102A70000078002802D006A0FFF7BCF80748027EC5
:102A8000C17D07A0FFF7B6F8002010BD4000002070
:102A900041542B444F574E54453D000088000020C0
:102AA00025642C25640D0A0070B506463D21F5F716
:102AB0005CFA054640783038C4B2012C0FD82C217E
:102AC0003046F5F752FA002809D02C212846F5F7B0
:102AD0004CFA401CF5F782FAC1B2012901D9022053
:102AE00070BD0248C4750176002070BD88000020CA
:102AF00008B508480078002802D007A0FFF77AF848
:102B00000748017D083000910EC806A0FFF772F853
:102B1000002008BD4000002041542B4558543D0082
:102B2000A8000020313A25642C323A25642C333A2F
:102B300025642C25640D0A00B0B586B007463D21FA
:102B4000F5F713FA0025C01B401CC4B205E0385D40
:102B500070556D1C641CEDB2E4B23846F5F70FFAFF
:102B6000A042F4D80020705505A904A80191009056
:102B700003AB02AA0AA1304608F050FF042802D095
:102B8000022006B0B0BD0948029981600399C16076
:102B9000049901616946097D01750020F1E7000093
:102BA00025642C25642C25642C256400A8000020B5
:102BB000F7F7B6FE01221C490220F7F787FEF7F768
:102BC0007BFE1A4C09212046F7F764F908211848C2
:102BD000F7F760F901211748F7F75CF9154801216B
:102BE0008030F7F757F9F6F72FFF80211248F5F7F5
:102BF00084F91249012008740A461148203A508687
:102C000002228A750C480F4902634167014620225F
:102C10002046F7F76BF91220F7F796F86420F7F7DC
:102C200025FEFFF777F800000400080800580208A6
:102C300080860208808A0208380700208800002069
:102C4000FFFF000000FFFF01F7F76AFE01221E49A7
:102C50000220F7F73BFEF7F72FFE01211B48F7F79D
:102C600019F91B4C09212046F7F714F908211948D6
:102C7000F7F710F901211848F7F70CF91648012168
:102C80008030F7F707F9F6F7DFFE80211348F5F7F4
:102C900034F91349012008740A461248203A508634
:102CA00002228A750D4810490263416701462022BD
:102CB0002046F7F71BF91220F7F746F86420F7F7DC
:102CC000D5FDFFF727F8000004000808005D0208A2
:102CD0000058020880860208808A0208380700200F
:102CE00088000020FFFF000000FFFF0110B507482B
:102CF0000078002802D006A0FEF77CFF0748817FFD
:102D000007A0FEF777FF002010BD00004000002064
:102D100041542B47444E533D000000006800002002
:102D200025640D0A0000000010B53D21F5F71DF9DE
:102D3000401CF5F753F9012801D9022010BD0249C2
:102D40008877002010BD00006800002010B5F6F75D
:102D500083FE002010BD000010B53D21F5F705F9F8
:102D60004078302801D0022010BDF6F76DFE0248F1
:102D70000021C173084610BD8800002010B53D2118
:102D8000F5F7F3F84078302803D0312805D0022039
:102D900010BD044809F05EFF02E00349012088717C
:102DA000002010BDA80000204000002010B5064CF7
:102DB0002078002802D005A0FEF71CFF218906A07C
:102DC000FEF718FF002010BD4000002041542B47A3
:102DD0004E5353543D00000025640D0A00000000CE
:102DE00010B53D21F5F7C1F8401CF5F7F7F880B2B2
:102DF0000146054A0A39914201D3022010BD034918
:102E00000881002010BD00004F020000400000209B
:102E100010B5064C2078002802D005A0FEF7EAFE87
:102E2000617905A0FEF7E6FE002010BD40000020FD
:102E300041542B4750533D0025640D0A000000000B
:102E400010B53D21F5F791F8401CF5F7C7F80128BA
:102E500001D9022010BD02494871002010BD0000B8
:102E60004000002010B507480078002802D006A0D6
:102E7000FEF7C0FE0748818E07A0FEF7BBFE0020CC
:102E800010BD00004000002041542B475444433DF6
:102E9000000000006800002025640D0A000000000A
:102EA00010B53D21F5F761F8401CF5F797F880B2B1
:102EB000044A411E914201D3022010BD0249888676
:102EC000002010BDFFFF00006800002010B508487A
:102ED0000078002802D007A0FEF78CFE0848037B8C
:102EE000C27A817A07A0FEF785FE002010BD00009F
:102EF0004000002041542B494E544D4F443D0000AA
:102F000068000020313A25642C323A25642C333A8B
:102F100025640D0A00000000BFB507463D21F5F706
:102F200024F80025C01B401CC4B205E0385D705574
:102F30006D1C641CEDB2E4B23846F5F720F8A042EF
:102F4000F4D80020705503A8009002AB01AA0EA18E
:102F5000304608F063FD032802D0022004B0B0BD63
:102F600069460C4C0879A072097AE1726946097BBE
:102F70002173F6F7B5FDE07AF6F78AFE207BF6F7C7
:102F80002DFE0020EAE7000025642C25642C256432
:102F9000000000006800002010B5074800780028F5
:102FA00002D006A0FEF726FE0748817D07A0FEF7A7
:102FB00021FE002010BD00004000002041542B499C
:102FC0004F544D4F443D00008800002025640D0AF9
:102FD0000000000010B53D21F4F7C7FF401CF4F7D6
:102FE000FDFFC0B2022801D9022010BD0149887539
:102FF000002010BD8800002010B5064C2078002865
:1030000002D005A0FEF7F6FD217906A0FEF7F2FD3D
:10301000002010BD4000002041542B49505459500D
:10302000453D000025640D0A0000000010B53D215B
:10303000F4F79BFF401CF4F7D1FFC0B2012803D086
:10304000022801D0022010BD01490871002010BDE6
:103050004000002010B50A480078002802D009A0DE
:10306000FEF7C8FD0A4C606CF4F789FF002805D014
:10307000616C08A0FEF7BEFD002010BD07A1F8E7B7
:103080004000002041542B4C444154413D0000007D
:10309000A800002025730D0A000000004E554C4C7E
:1030A0000000000010B507480078002802D006A0F4
:1030B000FEF7A0FD0748417A07A0FEF79BFD002020
:1030C00010BD00004000002041542B4346474D4FA7
:1030D000443D00006800002025640D0A0000000047
:1030E00010B53D21F4F741FF401CF4F777FFC4B25F
:1030F000012C13D0022C13D0032C13D0042C13D08A
:10310000052C13D0062C13D0072C13D0082C13D069
:10311000092C13D00A2C13D0022010BD0DA010E0F2
:1031200011A00EE015A00CE01AA00AE01EA008E015
:1031300021A006E025A004E02BA002E033A000E0DF
:1031400038A0FEF757FD3EA0FEF754FD45484472F7
:10315000002010BD0D0A44656661756C74206D6FAA
:1031600064650D0A000000000D0A44697374616E05
:103170006365206D6F64650D0A0000000D0A3378E9
:10318000414443202B20493243206D6F64650D0A72
:10319000000000000D0A33784453313842323020A9
:1031A0006D6F64650D0A00000D0A576569676574E7
:1031B000206D6F64650D0A000D0A436F756E7469AA
:1031C0006E67206D6F64650D0A0000000D0A33788C
:1031D000414443202B20337844533138423230204D
:1031E0006D6F64650D0A00000D0A546872656520F4
:1031F000696E7465727275707420636F6E7461634A
:1032000074206D6F64650D0A000000000D0A436FA5
:10321000756E742B5348543331206D6F64650D0AFD
:10322000000000000D0A5573652053656E736F72C0
:1032300020697320544D503131370D0A00000000D1
:10324000417474656E74696F6E3A54616B65206584
:1032500066666563742061667465722041545A0D18
:103260000A0000006800002010B506480078002819
:1032700002D005A0FEF7BEFC06A108A0FEF7BAFC2E
:10328000002010BD4000002041542B4D4F44454CC0
:103290003D00000076312E312E300000534E353087
:1032A00056332D43532C25730D0A000010B5064CE0
:1032B0002078002802D005A0FEF79CFCE17806A04B
:1032C000FEF798FC002010BD4000002041542B4D1B
:1032D000514F533D0000000025640D0A000000001E
:1032E00010B53D21F4F741FE401CF4F777FEC0B263
:1032F000022801D9022010BD0249C870012088703F
:10330000002010BD4000002010B5084800780028BB
:1033100002D007A0FEF76EFC0748027B2038017E32
:1033200006A0FEF767FC002010BD00004000002052
:1033300041542B50524F3D008800002025642C251D
:10334000640D0A0070B506463D21F4F70EFE0546F1
:1033500040783038C4B2012C05D0022C03D0032CA5
:1033600001D0042C17D12C213046F4F7FEFD0028A3
:1033700011D02C212846F4F7F8FD401CF4F72EFE5E
:10338000C0B2022C03D0042C01D0012C05D100289E
:1033900003D0052801D0022070BD04490C762031ED
:1033A000087303A0FEF726FC002070BD6800002013
:1033B000417474656E74696F6E3A54616B65206513
:1033C00066666563742061667465722041545A0DA7
:1033D0000A00000010B506480078002802D005A0B9
:1033E000FEF708FC074908A0FEF704FC002010BD0A
:1033F0004000002041542B505542544F5049433D0A
:10340000000000004318002025730D0A0000000092
:1034100070B5054608F092FA3D212846F4F7A5FD5F
:1034200004462846F4F7ABFD611B401A401E802875
:1034300001D9022070BD074881210546F4F75DFDE2
:10344000601CF4F79CFD0246611C2846F4F73CFD25
:10345000002070BD4318002010B5064800780028F1
:1034600002D005A0FEF7C6FB054906A0FEF7C2FB89
:10347000002010BD4000002041542B5057443D0017
:103480007A17002025730D0A0000000070B505466C
:1034900008F054FA3D212846F4F767FD0446284613
:1034A000F4F76DFD611B401A401EC82801D90220A7
:1034B00070BD0748C9210546F4F71FFD601CF4F7ED
:1034C0005EFD0246611C2846F4F7FEFC002070BD3C
:1034D0007A17002010B507480078002802D006A00F
:1034E000FEF788FB0748016807A0FEF783FB002072
:1034F00010BD00004000002041542B50574F524453
:103500003D0000006800002025730D0A0000000047
:10351000F8B507463D21F4F728FD04463846F4F790
:103520002EFDE61B801B401E082801D90220F8BD95
:103530003846F4F724FD801B1B4D022802D1607829
:1035400030282ED00120287108212868F4F7D5FCF6
:103550003846F4F714FD821B611C521E2868F4F7EC
:10356000B3FC2C682046F4F72FFD00BA000AE1787E
:1035700000020E4D08432860201DF4F725FD00BA17
:10358000000AE17900020843094C686001212046E5
:10359000F6F780FC032229462046F6F7A7FC002018
:1035A000F8BD0220CFE7000068000020B807002027
:1035B000005D020810B506480078002802D005A07A
:1035C000FEF718FB064907A0FEF714FB002010BD0C
:1035D0004000002041542B5142414E443D00000028
:1035E0004D1D002025730D0A0000000070B5054632
:1035F00008F0A4F93D212846F4F7B7FC0446284614
:10360000F4F7BDFC611B401A401E352805D82C215B
:10361000204601F06FFD012801D0022070BD07484F
:1036200034210546F4F769FC601CF4F7A8FC024657
:10363000611C2846F4F748FC002070BD4D1D002099
:1036400070B50124052564032D0721462846F7F7A8
:1036500087FB7D26F600012805D014E000F082FCEF
:103660003046F7F703F921462846F7F779FB01289A
:10367000F4D0F7F785FB01460AA00EE000F03EFC0F
:103680003046F7F7F3F821462846F7F769FB00289C
:10369000F4D0F7F775FB014606A0FEF7ABFA002061
:1036A00070BD00005B25645D706F776572206F6E82
:1036B0000D0A00005B25645D706F776572206F6690
:1036C000660D0A0070B5F7F75BFB01460848FEF788
:1036D00091FA084D0024182060434019416906A062
:1036E000FEF788FA641C302CF5D3002070BD000072
:1036F0000CFE0108ACD0010825730D0A0000000083
:103700001120F6F721FB6420F7F7B0F8FEF702FB73
:103710000120704710B507480078002802D006A0A5
:10372000FEF768FA0748418B07A0FEF763FA00200E
:1037300010BD00004000002041542B5258444C3D25
:10374000000000006800002025640D0A0000000051
:1037500010B53D21F4F709FC401CF4F73FFC024989
:103760004883002010BD00006800002010B51048FC
:103770000078002802D00FA0FEF73CFA114912A0F1
:10378000FEF738FA0F4846300446F4F7F8FB0028F5
:1037900009D00FA12046F4F7C7FB002803D121462A
:1037A0000DA0FEF727FA0EA0FEF724FA002010BDA8
:1037B0004000002041542B53455256414444523D51
:1037C00000000000AE15002025730D0A0000000067
:1037D0004E554C4C000000002825732900000000C5
:1037E0000D0A000070B5054608F0A8F83D212846EE
:1037F000F4F7BBFB04462C212846F4F7B6FB00285F
:1038000009D02846F4F7BBFB611B401A401E45282F
:1038100005D9022070BD09A0FEF7ECF9F9E70F48C1
:1038200046210546F4F769FB601CF4F7A8FB024645
:10383000611C2846F4F748FB002070BD4E4F5445EC
:103840003A534552564144445220464F524D4154FA
:10385000204552524F520D0A00000000AE150020C4
:1038600010B507480078002802D006A0FEF7C2F97C
:103870000748017807A0FEF7BDF9002010BD000041
:103880004000002041542B534C4545503D00000062
:103890001E00002025640D0A0000000010B53D2127
:1038A000F4F763FB401CF4F799FB012801D90220CF
:1038B00010BD012807D01120F6F746FA6420F6F76C
:1038C000D5FFFEF727FAA820F6F73EFA02490120B5
:1038D0000870002010BD00000E00002010B5064842
:1038E0000078002802D005A0FEF784F9074908A057
:1038F000FEF780F9002010BD4000002041542B53FA
:103900005542544F5049433D00000000C418002068
:1039100025730D0A0000000070B5054608F00EF88A
:103920003D212846F4F721FB04462846F4F727FBFF
:10393000611B401A401E802801D9022070BD074833
:1039400081210546F4F7D9FA601CF4F718FB02460A
:10395000611C2846F4F7B8FA002070BDC418002096
:1039600010B507480078002802D006A0FEF742F9FB
:103970000648016906A0FEF73DF9002010BD0000D1
:103980004000002041542B5444433D006800002077
:1039900025640D0A0000000010B53D21F4F7E5FA9A
:1039A000401CF4F71BFB0146044A3C39914201D309
:1039B000022010BD02490861002010BDC4FFFF00B5
:1039C0006800002010B507480078002802D006A043
:1039D000FEF710F90748827B417B07A0FEF70AF942
:1039E000002010BD4000002041542B544C534D4F3B
:1039F000443D00008800002025642C25640D0A0049
:103A000070B506463D21F4F7B0FA044640783038E8
:103A1000C5B2022D11D82C213046F4F7A6FA0028A1
:103A20000BD02C212046F4F7A0FA401CF4F7D6FA6C
:103A3000C1B2002D03D0012202E0022070BD00229D
:103A4000024842738173002070BD0000880000208E
:103A500010B506480078002802D005A0FEF7CAF885
:103A6000064907A0FEF7C6F8002010BD4000002060
:103A700041542B554E414D453D000000F9160020A4
:103A800025730D0A0000000070B5054607F056FFCB
:103A90003D212846F4F769FA04462846F4F76FFA00
:103AA000611B401A401E802801D9022070BD0748C2
:103AB00081210546F4F721FA601CF4F760FA02460A
:103AC000611C2846F4F700FA002070BDF9160020AA
:103AD00010B506480078002802D005A0FEF78AF845
:103AE000064907A0FEF786F8002010BD4000002020
:103AF00041542B555249313D00000000451900202A
:103B000025730D0A0000000070B5054607F016FF8A
:103B10003D212846F4F729FA04462846F4F72FFAFF
:103B2000611B401A401E802801D9022070BD074841
:103B300081210546F4F7E1F9601CF4F720FA02460A
:103B4000611C2846F4F7C0F9002070BD451900201B
:103B500010B506480078002802D005A0FEF74AF804
:103B6000064907A0FEF746F8002010BD40000020DF
:103B700041542B555249323D00000000C619002027
:103B800025730D0A0000000070B5054607F0D6FE4B
:103B90003D212846F4F7E9F904462846F4F7EFF901
:103BA000611B401A401E802801D9022070BD0748C1
:103BB00081210546F4F7A1F9601CF4F7E0F902460B
:103BC000611C2846F4F780F9002070BDC61900205A
:103BD00010B506480078002802D005A0FEF70AF8C4
:103BE000064907A0FEF706F8002010BD400000209F
:103BF00041542B555249333D00000000471A002024
:103C000025730D0A0000000070B5054607F096FE0A
:103C10003D212846F4F7A9F904462846F4F7AFF900
:103C2000611B401A401E802801D9022070BD074840
:103C300081210546F4F761F9601CF4F7A0F902460A
:103C4000611C2846F4F740F9002070BD471A002097
:103C500010B506480078002802D005A0FDF7CAFF7D
:103C6000064907A0FDF7C6FF002010BD4000002058
:103C700041542B555249343D00000000C81A002021
:103C800025730D0A0000000070B5054607F056FECA
:103C90003D212846F4F769F904462846F4F76FF900
:103CA000611B401A401E802801D9022070BD0748C0
:103CB00081210546F4F721F9601CF4F760F902460A
:103CC000611C2846F4F700F9002070BDC81A0020D6
:103CD00010B506480078002802D005A0FDF78AFF3D
:103CE000064907A0FDF786FF002010BD4000002018
:103CF00041542B555249353D00000000491B00201E
:103D000025730D0A0000000070B5054607F016FE89
:103D10003D212846F4F729F904462846F4F72FF9FF
:103D2000611B401A401E802801D9022070BD07483F
:103D300081210546F4F7E1F8601CF4F720F902460A
:103D4000611C2846F4F7C0F8002070BD491B002014
:103D500010B506480078002802D005A0FDF74AFFFC
:103D6000064907A0FDF746FF002010BD40000020D7
:103D700041542B555249363D00000000CA1B00201B
:103D800025730D0A0000000070B5054607F0D6FD4A
:103D90003D212846F4F7E9F804462846F4F7EFF801
:103DA000611B401A401E802801D9022070BD0748BF
:103DB00081210546F4F7A1F8601CF4F7E0F802460B
:103DC000611C2846F4F780F8002070BDCA1B002053
:103DD00010B506480078002802D005A0FDF70AFFBC
:103DE000064907A0FDF706FF002010BD4000002097
:103DF00041542B555249373D000000004B1C002018
:103E000025730D0A0000000070B5054607F096FD09
:103E10003D212846F4F7A9F804462846F4F7AFF800
:103E2000611B401A401E802801D9022070BD07483E
:103E300081210546F4F761F8601CF4F7A0F802460A
:103E4000611C2846F4F740F8002070BD4B1C002090
:103E500010B506480078002802D005A0FDF7CAFE7C
:103E6000064907A0FDF7C6FE002010BD4000002057
:103E700041542B555249383D00000000CC1C002015
:103E800025730D0A0000000070B5054607F056FDC9
:103E90003D212846F4F769F804462846F4F76FF800
:103EA000611B401A401E802801D9022070BD0748BE
:103EB00081210546F4F721F8601CF4F760F802460A
:103EC000611C2846F4F700F8002070BDCC1C0020CF
:103ED00030B583B00446FDF73DFF05460020009055
:103EE0000246019021466846F4F7E9FB2846FDF7B3
:103EF00047FF0199009803B030BD000010B586B0AF
:103F000014216846F3F7F9FF1348C26A02210A43F5
:103F1000C262C06A114C0840059004200090012044
:103F2000019000200391029069462046F6F756FE64
:103F3000012204212046F6F71CFF0948F6F796FCFB
:103F4000002204212046F6F714FFAF20C000F6F748
:103F50008DFC06B010BD00000010024000040050AF
:103F60001405000030B587B014216846F3F7C5FF8B
:103F70001748C26A02210A43C262C06A154C08404F
:103F800005900420009001200190002003910290F0
:103F900069462046F6F722FE002204212046F6F765
:103FA000E8FE7D25ED002846F6F760FC012204219D
:103FB0002046F6F7DEFE2846F6F758FC00220421DC
:103FC0002046F6F7D6FE2846F6F750FC07B030BD7F
:103FD000001002400004005010B50D4A538E191A0B
:103FE000834201D389B203E0E1200001081881B2C5
:103FF0000848834202D1117F074801E07D20C000BC
:1040000041430648FCF7C2FF0448FCF7D1FF10BD4E
:1040100068000020FFFF000060EA0000F4030020B9
:10402000F8B5F94E00252C46A8008019F5F798FF41
:10403000F649020E0B68671C1A550B68020CDA551C
:104040000B68020AA71CDA550A68E11C6D1C241DC6
:10405000EDB25054E4B2022DE6D3EC4C2068F3F7F5
:104060008EFF002602270028206804D0F3F787FF80
:10407000012825D02BE00622E549F3F725FF256826
:104080002846F3F7A1FF00BA000AE97800020843C6
:10409000E0490860281DF3F797FF00BA000AE979A4
:1040A00000020843DB49D84D486001212846F5F756
:1040B000F1FE0322D7492846F5F718FF267106E0DE
:1040C00030212068F3F751FF002800D02771D24833
:1040D0000090001DF5F744FFD04DE860CE487C30DD
:1040E000F5F73EFF2861CC483030F5F739FF000C7A
:1040F0002875C948F5F734FF000EE07206D0012894
:1041000004D0022802D0032800D0E672E07AF5F746
:10411000BFFD0098F5F724FF000C0006000E207389
:1041200006D0012804D0022802D0032800D026732C
:10413000207BF5F753FD0098F5F712FF0004000C03
:10414000A08601D11820A086B3480830F5F708FFF3
:10415000000E607201D00A2801D901206072AE48B9
:104160000830F5F7FDFE0002000A206102D1E120CF
:1041700040012061A8480C30F5F7F2FE000EA07255
:1041800006D0012804D0022802D0032800D0A6724D
:10419000A07AF5F7A5FCA0480C30F5F7E1FE000287
:1041A000000E2076012806D0022804D0032802D071
:1041B000042800D02776984E10363046F5F7D0FE0A
:1041C000A0823046F5F7CCFE000C6083301DF5F779
:1041D000C7FEF4F753F90022914BF4F7A1F8F4F776
:1041E000C1F928644000000E01D18E4828648A4835
:1041F0001830F5F7B5FEA860874D2C352846F5F741
:10420000AFFE000C0006000E207701D10F202077B2
:104210002846F5F7A5FE844E000A70702846F5F78B
:104220009FFE7A4DC0B2203528707178084301D1C5
:104230000820287078480C30F5F792FE0006000E32
:10424000607701D10A20607773483030F5F788FE37
:10425000000AA07770483030F5F782FEA8756E48E6
:104260007030F5F77DFE0006000E00D00120687367
:1042700069487030F5F774FE000AA873664870301C
:10428000F5F76EFE000EB07063487030F5F768FE0B
:104290000002000EF070B178084300D1F7705E4F55
:1042A00074373846F5F75CFEE8733846F5F758FE84
:1042B000000E00D0012028743846F5F751FE0002A8
:1042C000010C5248544C418678342046F5F748FE9C
:1042D0000006000E307101D1012030712046F5F743
:1042E0003FFE000C308101D13C2030812046F5F7A3
:1042F00037FE000A707148483030F5F731FE464C01
:10430000000E287334342046F5F72AFE000AE875BB
:104310002046F5F725FE28763F48444C1C30002700
:104320003E4600900098B9000818F5F719FE010EF6
:10433000A155A119020C4A70020A7F1C361D8A7011
:10434000FFB2C870F6B2042FECD33848F3F717FE6B
:10435000002804D136A238A13448FDF75BFC2E4872
:1043600048300026374600900098B1000818F5F74D
:10437000F7FDE119020EC0314A70020C8A70020A80
:10438000761C3F1DCA70F6B20871FFB20A2EEBD33D
:104390002648C1300646F3F7F2FD002804D124A2D6
:1043A00025A13046FDF736FC24480026374600900C
:1043B0000098B1000818F5F7D3FDE119020E20317D
:1043C0000A70020C4A70020A761C3F1D8A70F6B20F
:1043D000C870FFB2122EEBD3144820300646F3F714
:1043E000CEFD002804D112A213A13046FDF712FC25
:1043F0000648007E032831D1297B012920D00229DB
:1044000020D0032925D029E0005D020868000020A3
:1044100068030020B807002000580208A800002008
:104420000088C3400000C843400000208E150020D3
:104430004E554C4C0000000025730000005C020843
:10444000EAA207E0687B012801D0EFA202E0F4A213
:1044500000E0F9A2FEA13046FDF7DCFBFD4F002590
:104460002E46A800C019F5F77BFDA119020E803178
:104470000A76020C4A76020A6D1C361D8A76EDB267
:10448000C876F6B20A2DECD3F3480546F3F777FD6C
:10449000002804D1F1A2EEA12846FDF7BBFBF44FA2
:1044A00000252E46A800C019F5F75AFDA119FF31C5
:1044B000020E6131CA72020C0A73020A6D1C361DAB
:1044C0004A73EDB28873F6B2202DEBD3E248D330B5
:1044D0000546F3F754FD002804D1E64ADCA128463E
:1044E000FDF798FBE24F803700252E46A800C01943
:1044F000F5F736FDA119FF31020EE1310A73020C06
:104500004A73020A6D1C361D8A73EDB2C873F6B287
:10451000322DEBD3D8480546F3F731FD002804D1FE
:10452000D44ACBA12846FDF775FBD44F00252E4673
:10453000A800C019F5F714FDA119020EE0318A7226
:10454000020CCA72020A6D1C361D0A73EDB2487362
:10455000F6B2202DECD3C04852300546F3F70FFDDC
:10456000002804D1C34ABAA12846FDF753FBC34F24
:10457000803700252E46A800C019F5F7F1FCA319D5
:1045800015214901020E59184A75020C8A75020A52
:104590006D1C361DCA75EDB20876F6B2202DEAD331
:1045A000B548C9300546F3F7EAFC002804D1B14A02
:1045B000A7A12846FDF72EFBAD4F803F00252E46D4
:1045C000A800C019F5F7CCFCA31919214901020E66
:1045D00059188A75020CCA75020A6D1C361D0A76B6
:1045E000EDB24876F6B2202DEAD3A5480546F3F79A
:1045F000C6FC002804D19F4A95A12846FDF70AFB76
:10460000A04F00252E46A800C019F5F7A9FCA31954
:104610001D214901020E5918CA75020C0A76020AB8
:104620006D1C361D4A76EDB28876F6B2202DEAD39F
:10463000934881300546F3F7A2FC002804D18D4A47
:1046400083A12846FDF7E6FA8E4F803700252E46D7
:10465000A800C019F5F784FCA31921214901020E15
:1046600059180A76020C4A76020A6D1C361D8A76A3
:10467000EDB2C876F6B2202DEAD383480546F3F7AB
:104680007EFC002804D17B4A71A12846FDF7C2FABE
:104690007E4F00252E46A800C019F5F761FCA3192E
:1046A00025214901020E59184A76020C8A76020A1F
:1046B0006D1C361DCA76EDB20877F6B2202DEAD30E
:1046C000714881300546F3F75AFC002804D1694A45
:1046D0005FA12846FDF79EFA6C4F803700252E46D5
:1046E000A800C019F5F73CFCA31929214901020EC5
:1046F00059188A76020CCA76020A6D1C361D0A7792
:10470000EDB24877F6B2202DEAD361480546F3F7BB
:1047100036FC002804D1574A4DA12846FDF77AFA05
:104720005C4F00252E46A800C019F5F719FCA31907
:104730002D214901020E5918CA76020C0A77020A85
:104740006D1C361D4A77EDB28877F6B2202DEAD37C
:104750004F4881300546F3F712FC002804D1454A42
:104760003BA12846FDF756FA4A4F803700252E46D2
:10477000A800C019F5F7F4FBA31931214901020E75
:1047800059180A77020C4A77020A6D1C361D8A777F
:10479000EDB2C877F6B2202DEAD33F480546F3F7CD
:1047A000EEFB002804D1334A29A12846FDF732FA4E
:1047B0003A4F00252E46A800C019F5F7D1FBA119E4
:1047C00035225201030E8A185377030C9377030A9C
:1047D000D3771B22920189186D1C361DEDB208702B
:1047E000F6B2202DE7D32C48813059E06D717474F6
:1047F000332E7468696E67737065616B2E636F6DBD
:104800002C313838330000006D7174742E6461747B
:104810006163616B652E636F2C31383833000000A3
:104820006D7174742E6461746163616B652E636F66
:104830002C3838383300000062726F6B65722E6856
:104840006976656D712E636F6D2C313838330000D9
:1048500025730000008B02082616002022382E380F
:104860002E382E38222C22382E382E342E34220088
:10487000805A0208304401087A17002000590208C3
:10488000C418002080860208C6190020808702080C
:10489000C81A002080880208CA1B002080890208EC
:1048A0000546F3F76CFB002804D12A4A2AA12846C2
:1048B000FDF7B0F9294F00252E46A800C019F5F7DD
:1048C0004FFBA11939225201030E8A189377030C6A
:1048D000D3771D239B01020AC9186D1C361D0A706F
:1048E000EDB24870F6B2202DE7D31D480546F3F728
:1048F00046FB002804D1174A17A12846FDF78AF97C
:10490000164F803700252E46A800C019F5F728FB62
:10491000A1193D225201030E8A18D3771F239B0150
:10492000020CC9180A70020A6D1C361D4A70EDB2DD
:104930008870F6B20D2DE7D3094881300446F3F7AD
:104940001EFB002804D107A203A12046FDF762F94F
:10495000F8BD00003044010825730000008A0208F9
:10496000CC1C0020307831303030303230303030B4
:104970003030303030663065313839662C3078313F
:104980003030303432303030303030303030393018
:104990006531383966000000F8B58021FE48F3F72C
:1049A000ACFAFD4880218C30F3F7A7FA8021FB4850
:1049B000F3F7A3FAF948C8218030F3F79EFAF748D5
:1049C00080218038F3F799FA8021F548F3F795FABA
:1049D000F34880218030F3F790FA8021F148F3F713
:1049E0008CFAF04880218030F3F787FA8021EE4876
:1049F000F3F783FAEC4880218030F3F77EFA8021C8
:104A0000EA48F3F77AFAE94880218030F3F775FA3B
:104A10008021E748F3F771FAE54880218030F3F709
:104A20006CFA8021E348F3F768FAE248802180308D
:104A3000F3F763FAE048E04D017BC27A08021043C5
:104A400040BAA98E0004D44C0843DC4E2060F068C4
:104A50006060687A296900060843A060A87A297E08
:104A6000000609040843697F0843E060688BA98A4F
:104A7000000408432061D249306CF3F7BCFAF3F725
:104A80000BFD6061B068A061287FCE4902044878C0
:104A9000000202432846203003781A43E262037B77
:104AA000827D1B061A43337DAF7F1B043F023B43CD
:104AB0001A4322638B78427B1B061A43CB78877B91
:104AC0001B043F023B431A432267027C6B8E120693
:104AD0001B02C07B1A430243626708894A790004BB
:104AE0001202097910430843A0673069E06728463D
:104AF0002330417D027D0802104340BA002637462C
:104B0000B14D606310E0AC192046F3F75DFA00BACE
:104B1000000AE178000208439F49BA005118361D87
:104B20007F1CF6B2FFB2C861A748F3F728FAB0427B
:104B3000E9D800262846C1303746009013E0AC196A
:104B40002046C130F3F740FA00BAC034000A217998
:104B500000020843BA009049361D51187F1C886432
:104B6000F6B2FFB20098F3F70AFAB042E7D8002491
:104B7000284620302646009012E0281920300746AB
:104B8000F3F722FA00BA000AF97800020843B200EB
:104B90008149241D8C318850761CE4B2F6B200980D
:104BA000F3F7EDF9A042E8D800242846FF306C3036
:104BB0002646009014E02F193846FF306C30F3F78A
:104BC00003FAFF3700BA6137000AB97B00020843D5
:104BD000B2007249241D8850761CE4B2F6B20098E7
:104BE000F3F7CDF9A042E6D800242846FF30ED3097
:104BF0002646009015E02F193846FF30ED30F3F7C8
:104C0000E3F9FF3700BAE137000AF97B00020843F5
:104C1000B2006249241D80318850761CE4B2F6B29D
:104C20000098F3F7ACF9A042E5D800242846EA3012
:104C30002646009013E02F193846EA30F3F7C4F9FE
:104C400000BAE037000A797B00020843B2005349FA
:104C5000241D80398850761CE4B2F6B20098F3F730
:104C60008EF9A042E7D8002458482646281800901C
:104C700014E056482F193818F3F7A6F91521490101
:104C800000BA7918000A097E00020843B2004449BC
:104C9000241D8850761CE4B2F6B20098F3F76FF941
:104CA000A042E6D8494800248130281826460090C2
:104CB00016E046482F1981303818F3F785F9192185
:104CC000490100BA7918000A497E00020843B2007F
:104CD0003349241D80318850761CE4B2F6B2009826
:104CE000F3F74DF9A042E4D80024394826462818A5
:104CF000009014E036482F193818F3F765F91D2194
:104D0000490100BA7918000A897E00020843B200FE
:104D10002449241D8850761CE4B2F6B20098F3F7BB
:104D20002EF9A042E6D800248720C0002818264685
:104D3000009016E087202F19C0003818F3F744F9C7
:104D40002121490100BA7918000AC97E00020843EE
:104D5000B2001449241D80318850761CE4B2F6B2AA
:104D60000098F3F70CF9A042E4D80024194826462D
:104D70002818009035E017482F193818F3F724F950
:104D80002521490100BA7918000A097F0002084369
:104D90000549B20088501FE038070020C4080020F1
:104DA0000C0A00200C0B00200C0C00200C0D002025
:104DB0000C0E00200C0F002068000020A80000202E
:104DC00000401C46400000208E150020B502000067
:104DD000B7030000B9040000241D761CE4B2F6B24B
:104DE0000098F3F7CCF8A042C5D80024AC4826467A
:104DF0002818009014E0AA482F193818F3F7E4F89F
:104E00002921490100BA7918000A497F00020843A4
:104E1000B200A449241D8850761CE4B2F6B2009872
:104E2000F3F7ADF8A042E6D89D4800248130281859
:104E30002646009016E09A482F1981303818F3F76B
:104E4000C3F82D21490100BA7918000A897F0002B0
:104E50000843B2009349241D80318850761CE4B287
:104E6000F6B20098F3F78BF8A042E4D800248E48FD
:104E700026462818009014E08B482F193818F3F7AD
:104E8000A3F83121490100BA7918000AC97F00024C
:104E90000843B2008549241D8850761CE4B2F6B25E
:104EA0000098F3F76CF8A042E6D87F4800248130E0
:104EB00028182646009016E07B482F1981303818B4
:104EC000F3F782F81B21890100BA7918000A0978E2
:104ED00000020843B2007549241D80318850761CB9
:104EE000E4B2F6B20098F3F74AF8A042E4D80024FE
:104EF0006F4826462818009014E06D482F1938187E
:104F0000F3F762F81D21890100BA7918000A49787F
:104F100000020843B2006749241D8850761CE4B2A1
:104F2000F6B20098F3F72BF8A042E6D860480024C8
:104F3000813028182646009016E05D482F198130F0
:104F40003818F3F741F81F21890100BA7918000ACF
:104F5000897800020843B2005649241D80318850E8
:104F6000761CE4B2F6B20098F3F709F8A042E4D850
:104F70000024284698302646009012E02F19384623
:104F80009830F3F721F800BA8037000AF97E000262
:104F90000843B2004849241D8850761CE4B2F6B29A
:104FA0000098F2F7ECFFA042E8D8444C09212046D3
:104FB000F4F770FF424D08212846F4F76BFF414E8D
:104FC00001213046F4F766FF3E4F01218037384615
:104FD000F4F760FF20223C492046F4F787FF3A4966
:104FE00020228C313948F4F781FF20223849394892
:104FF000F4F77CFF3649202280313748F4F776FFFA
:105000003548322235498030F4F770FF3349314852
:105010002022C8318030F4F769FF2F482022304920
:105020008038F4F763FF2E49202280312846F4F7B8
:105030005DFF234820222B498030F4F757FF1949A0
:10504000202280392848F4F751FF274820221549AB
:105050008030F4F74BFF1349202280312348F4F7C6
:1050600045FF2248202211498030F4F73FFF0F49C5
:10507000202280311E48F4F739FF124820220D49C2
:105080008038F4F733FF0B49202280313046F4F7A3
:105090002DFF202208493846F4F728FFF8BD00000C
:1050A0003A0500008C0C00203C0600008C0D00200E
:1050B0003E0700008C0E00208C0F002000580208D4
:1050C00080860208808A020838070020005C0208F7
:1050D0004408002000590208805A020844090020B0
:1050E0008C0A00208C0B0020808702088088020830
:1050F00080890208034610B50020024603E08C4276
:1051000000D1401C521C9C5C002CF8D110BD00004A
:1051100013B5FF23012269460448F7F749FD034907
:1051200010200968086200981CBD000004060020D9
:1051300010B50B48F7F700FE01460A480A4A008BF3
:105140005043F2F7D5FB84B20848F7F7F5FD60430A
:105150000749F2F7E3FB0621484380B210BD000087
:10516000000002446000F81FB80B000002000004B9
:10517000FF0F0000F8B57B4F002220213846F5F7DD
:10518000F8FD794DA88AFF30F530F5F76FFB687AA6
:105190002C46183C012801D0032812D1F8F73CFC1A
:1051A0002078012802D0022803D004E005F074FD25
:1051B00001E005F0A1FE6D48F6F7ECF81420F5F7D4
:1051C00055FB687A06281BD009287DD06848F3F77C
:1051D00043FEE081687A674E032839D00120F4F756
:1051E000FBF80120F4F7A6F9687A02282DD161783E
:1051F000012906D002290BD0032911D00020A0825A
:10520000A9E0F8F755FAA0825848F6F7C3F81CE071
:10521000FCF7DCFAA082F4F707FFF4F741FF14E093
:10522000FCF7C6FAF8F75CFC07F086FD012252494C
:105230005248F7F739FC6420F5F718FBFCF75CFBE4
:1052400007F09CFDFCF790FAA082687A032807D14A
:105250003046F3F701FE20820120F3F7FDFD608266
:10526000687A04280BD10220F4F7B6F80220F4F78C
:1052700061F90320F4F7B0F80320F4F75BF9687ADA
:10528000052809D1FCF78EFCFCF75EFCF4F78EFFD5
:10529000FCF778FCFCF748FC687A07282CD13046EC
:1052A000F3F7DAFD20820120F3F7D6FD60820220B9
:1052B000F4F792F80220F4F73DF90320F4F78CF8A4
:1052C0000320F4F737F900E02BE0687A072813D1C0
:1052D0003046F3F7C1FD20820120F3F7BDFD608267
:1052E0000220F4F779F80220F4F724F90320F4F708
:1052F00073F80320F4F71EF9687A08280ED11A48CB
:105300004030007D002826D13046F3F7A5FD2082ED
:105310000120F4F761F80120F4F70CF9687A092804
:1053200012D1F8F779FB2078012802D0022803D0A7
:1053300004E005F0B1FC01E005F0DEFD0B48F6F7F6
:1053400029F81420F5F792FA687A0A2803D1FBF7B6
:10535000FFFB00F015F8012220213846F5F709FD82
:10536000F8BD00000004005068000020A0040020E8
:10537000100000100200000403000020800500203F
:10538000F8B530A0006800240090641CE4B26B46BD
:10539000022201214820FBF757FD012823D082205B
:1053A000F5F764FA0024641CE4B26B460222002183
:1053B0004820FBF73DFC01281BD0684600880624E6
:1053C00040BA00B2E443F3F745F82246F3F720F879
:1053D000F3F7C8F804461C48844202DC1B488442A8
:1053E0000DD904460BE01420F5F740FA042CCCD379
:1053F00004E01420F5F73AFA042CD4D3144C1548E1
:10540000154E0460307800280CD12046F3F796F84A
:1054100007460D46F5F7B4FC01463A462B460FA069
:10542000FCF7E8FB12492046F2F7E5FDF3F734F804
:10543000104908633178002901D00F4908802046BF
:10544000F8BD00000C2000000000164300005CC204
:10545000C3D5A343480100201F0000205B25645DE5
:1054600074656D203D252E326620430D0A00000034
:105470000000C842A80000205C00002070B505466E
:1054800000240BE0F2F7CCFA0068295D415C88004B
:105490004840000601D4002070BD641C2846F2F785
:1054A0006EFDA042EED8012070BD000070B58EB038
:1054B00004001DD0207800281AD01AA12046F2F747
:1054C00033FD002814D12C212046F2F76DFD050094
:1054D0000ED034216846F2F710FD144821462A1AEE
:1054E0006846203AF2F7F0FC002425466E4611E0AB
:1054F00002200EB070BD305D2E2803D030380A284F
:1055000004D205E06D1CEDB2032D01D90020F0E7B7
:10551000641CE4B26846F2F732FDA042EBD80120E9
:10552000E7E700004E554C4C000000008E150020AF
:1055300030B58FB0040020D0207800281DD01CA1E9
:105540002046F2F7F1FC002817D12C212046F2F773
:105550002BFD050011D03C216846F2F7CEFC164821
:1055600021462A1A6846203AF2F7AEFC6846F2F75E
:1055700006FD00231A466C4613E002200FB030BD32
:10558000A15C3A290BD00D46303D092D08D9313D9B
:10559000052D05D94139052902D90020EEE75B1C0C
:1055A000521C8242ECDB072BE8D10120E6E7000029
:1055B0004E554C4C000000008E15002070B50122A5
:1055C000094D0646140321462846F5F7D2FB30461E
:1055D000F5F74CF9002221462846F5F7CAFB64206E
:1055E000F5F744F970BD000000040050F5F744FFE2
:1055F000FBF70CFAF8F75AF9F8F744F9F8F78CFAD0
:10560000F8F74CFAF8F734FABD48F7F701FCF7F76A
:10561000DDFCF7F78BFDF8F7FBF8F8F761FA03F01C
:105620002FFFFEF7FDFCF4F7E3FC04F079FEF8F73A
:10563000DBF8F4F7A3FC05F0C9FD04F0BDFDF3F7BA
:105640002FFD04F079FD7D20C000FFF7B7FFAD48C6
:10565000F5F70CF9AA4901222939AB48F7F724FAE2
:10566000A7490122491FA948F7F71EFAA648F8F7EB
:10567000EBFAA648F8F7E8FAA549A648FBF71FFC9D
:1056800003F020FF9E48012509384570A2480027F5
:10569000C761A048A1497838FBF711FC984CA04895
:1056A000293C65730079012813D07D26F60001217D
:1056B000052049030007F5F753FB01281FD04C20B4
:1056C000A07125E0FEF74EFC7D20C000F5F7CEF876
:1056D00001E001267603052031460007F5F740FB7F
:1056E0000128EFD04C20A071F5F71AF98C4900225F
:1056F000091D0220F5F7EAF8F5F7DEF805E0FEF7F8
:1057000031FC3046F5F7B2F8D1E7A0794B280CD040
:105710007D20C000F5F7AAF879482338F8F79EFAFB
:105720004A2802D1E079401CE071E0797D4E0628DC
:1057300005D94820A071207D401C2075E771A07A12
:10574000042802D8207D032801D3FCF7D5FAF0788D
:10575000022808D1A1794B2905D1A17F002902D1C6
:105760004921A17177717049097801291DD1042857
:105770001BD1A07F002806D017E0FEF7F3FB7D20A9
:10578000C000F5F773F80121052049030007F5F77C
:10579000E7FA0128F1D06576A5710220F07058482B
:1057A0002338F8F75BFA60480770E07E01280AD1D9
:1057B000F078042807D1A07F002804D1E776A571EE
:1057C0000220F070A576607A012824D1F0780428B0
:1057D00021D1A07F002806D01DE0FEF7C3FB7D206D
:1057E000C000F5F743F80121052049030007F5F74C
:1057F000B7FA0128F1D0B078042802D0012803D0EC
:1058000007E04C20A07103E06576A5710220F070DE
:105810006772F7F7F9FEFCF785F8607F00280AD079
:105820003220F5F723F841A0FCF7E4F96420F5F7FE
:105830001DF86777257707F0BFFAA07B002853D0C3
:10584000F078042850D13C488772C7720773002053
:10585000F4F746F90020F4F71BFA0020F4F7BEF93C
:105860002C48A773A5776438FBF7DAFB294878380A
:10587000FBF7D6FB27481430FBF7D2FB254828302E
:10588000FBF7CEFB23481438FBF7CAFB2148FBF794
:10589000C7FB5120A0711A482338F8F7DFF9FF2021
:1058A000F530F4F7E3FF1B4824495038FBF707FBBA
:1058B000184823495038FBF769FB0122510321485E
:1058C000F5F757FA13485038FBF772FB67772577DF
:1058D0003220F4F7CBFF15A0FCF78CF96420F4F725
:1058E000C5FF19A0FCF786F9A0794B2800D00CE77A
:1058F00060780028FBD11648F7F78EFE05E7000018
:1059000029000020B80B000004060020FC04002041
:10591000C594010808040020A800002071060108B1
:1059200000000808840100204600002041542B504C
:1059300057524D320D0A0000680000203906010858
:105940008813000000040050534C4545500D0A00D8
:105950000D0A0108F0B50446FD48FE4F407AFE4EA0
:10596000FE4D396887B0012844D002287ED0032834
:105970007DD004287CD005287BD006287AD0072843
:1059800079D0082878D0092877D00A2876D1084617
:10599000F2F7D4FD074620460191F2F7F0FA00191C
:1059A0003A46EFA1019BFCF735F92046F2F7E7FAFA
:1059B0000019EA8EF0A1FCF72DF92046F2F7DFFA84
:1059C00000192A78EFA1FCF725F92046F2F7D7FA5B
:1059D00000196A78EFA1FCF71DF93068F2F7AEFD07
:1059E00005460E462046F2F7CAFA00192A46334603
:1059F000EEA160E20846F2F7A1FD074620460091BD
:105A0000F2F7BDFA00193A46D5A1009BFCF702F95E
:105A1000052010210007F5F7A3F907462046F2F705
:105A2000AEFA00193A46E6A1FCF7F4F82046F2F780
:105A3000A6FA00192A78D3A1FCF7ECF82046F2F771
:105A40009EFA00196A78D3A1FCF7E4F82046F2F731
:105A500096FA0019EA8EC8A1FCF7DCF8DD48006868
:105A6000F2F76CFD05460191306808E014E04EE065
:105A70009DE0DEE019E11FE120E281E295E0F2F72E
:105A80005DFD06460F462046F2F779FA00193246C8
:105A90003B46D1A100959EE20846F2F74FFD06462F
:105AA0000F462046F2F76BFA00193B463246ACA18E
:105AB000FCF7B0F8052010210007F5F751F906466C
:105AC0002046F2F75CFA00193246BDA1FCF7A2F8B5
:105AD0002046F2F754FA00192A78AAA1FCF79AF89E
:105AE0002046F2F74CFA00196A78AAA1FCF792F85E
:105AF0002046F2F744FA0019EA8E9FA1FCF78AF8D3
:105B00002046F2F73CFA0019AA8FBCA14BE02046D0
:105B1000F2F735FA0019EA8E97A1FCF77BF8052019
:105B200010210007F5F71CF907462046F2F727FA7F
:105B300000193A46A2A1FCF76DF82046F2F71FFAC9
:105B400000192A788FA1FCF765F82046F2F717FABA
:105B500000196A788FA1FCF75DF82046F2F70FFA7A
:105B600000192A8FA9A1FCF755F89A480068F2F7A6
:105B7000E5FC009104903068F2F7E0FC06460F4621
:105B80002046F2F7FCF9009A04990192009100195D
:105B900032463B46A0A1FCF73DF82046F2F7EFF96C
:105BA00000196A8FA5A1FCF735F807B0F0BD0846CB
:105BB000F2F7C4FC06460F462046F2F7E0F900195A
:105BC00032463B4666A1FCF725F82046F2F7D7F9A6
:105BD0000019EA8E68A1FCF71DF8052010210007C6
:105BE000F5F7BEF806462046F2F7C9F90019324625
:105BF00073A1FCF70FF82046F2F7C1F900192A78D3
:105C000060A1FCF707F82046F2F7B9F900196A78A5
:105C100060A1FBF7FFFF8C480068F2F78FFC054698
:105C20000E462046F2F7ABF900192A46334687A103
:105C300032E10846F2F782FC06460F462046F2F7AC
:105C40009EF900193B46324645A1FBF7E3FF20468B
:105C5000F2F795F90019EA8E47A1FBF7DBFF052063
:105C600010210007F5F77CF806462046F2F787F981
:105C70000019324652A1FBF7CDFF2046F2F77FF91B
:105C800000192A783FA1FBF7C5FF2046F2F777F904
:105C900000196A783FA1FBF7BDFF2046F2F76FF9C4
:105CA000704900190A6870A17DE72046F2F767F98C
:105CB000001970A1AA6876E7052010210007F5F702
:105CC0004FF806462046F2F75AF9001932463CA131
:105CD000FBF7A0FF2046F2F752F900192A7829A114
:105CE000FBF798FF2046F2F74AF900196A7829A1D4
:105CF000FBF790FF2046F2F742F90019EA8E1EA149
:105D0000FBF788FF2046F2F73AF900192A8F3FA1E6
:105D1000FBF780FF2046F2F732F900196A8F58A18D
:105D2000FBF778FF3868F2F709FC06460D46204677
:105D3000F2F725F9001932462B4609A1FBF76AFF55
:105D400041480068F2F7FAFB06460D4620469DE002
:105D5000680000205001002048010020A800002019
:105D600022445331384232305F54656D70223A25F7
:105D70002E31662C000000002261646331223A2536
:105D8000642C000022696E74657272757074223A18
:105D900025642C0022696E746572727570745F6C74
:105DA0006576656C223A25642C0000002274656DCE
:105DB0007065726174757265223A252E3266000034
:105DC000226469676974616C5F696E223A25642C8C
:105DD00000000000440100202274656D706572614E
:105DE00074757265223A252E31662C2268756D69AC
:105DF00064697479223A252E316600002264697341
:105E000074616E6365223A25640000002261646358
:105E100032223A25642C00002274656D706572612F
:105E200074757265223A252E31662C2268756D696B
:105E300064697479223A252E31662C0022616463EC
:105E400033223A25640000005401002022445331DB
:105E5000384232305F54656D7032223A252E3166F9
:105E60002C000000640100202277656967687422B5
:105E70003A25640022636F756E74223A256400002F
:105E80002261646333223A25642C0000F2F777F82C
:105E9000001932462B465149FBF7BCFE50480068BA
:105EA000F2F74CFB05460E462046F2F768F800195B
:105EB0002A4633464BA1FBF7ADFE76E6287D012846
:105EC000204647D0F2F75BF8444900192A8F403941
:105ED000FBF7A0FE3868F2F731FB06460F46204676
:105EE000F2F74DF83D4900193B463246EC39FBF7D5
:105EF00091FE2046F2F743F8384900192A78C8394C
:105F0000FBF788FE2046F2F73AF8344900196A7820
:105F1000B839FBF77FFE2046F2F731F80019AA786E
:105F200036A1FBF777FE2046F2F729F80019EA7848
:105F300037A1FBF76FFE2046F2F721F800192A7906
:105F40003AA1FBF767FE2046F2F719F800196A79C3
:105F50003BA128E6F2F713F8001940A1AA68FBF765
:105F600059FE2046F2F70BF8001940A1EA68FBF74A
:105F700051FE2046F2F703F8001940A12A6912E603
:105F8000052010210007F4F7EBFE07462046F1F745
:105F9000F6FF124900193A468C39FBF73BFE2046C2
:105FA000F1F7EDFF001938A12A69FBF733FE3948F4
:105FB0000068F2F7C3FA054601913068F2F7BEFABD
:105FC00006460F462046F1F7DAFF0449001932462B
:105FD0003B4674390095FBF71DFEE6E54C5E010873
:105FE0005801002022445331384232305F54656DED
:105FF0007033223A252E31660000000022696E744B
:106000006572727570745F706134223A25642C0079
:1060100022696E746572727570745F6C6576656CFA
:106020005F706134223A25642C00000022696E748E
:106030006572727570745F706138223A25642C0045
:1060400022696E746572727570745F6C6576656CCA
:106050005F706138223A25640000000022636F758A
:106060006E7431223A25642C0000000022636F75A3
:106070006E7432223A25642C0000000022636F7592
:106080006E7433223A25640022636F756E74223A6F
:1060900025642C004401002010B5074A042111702A
:1060A00000F010F8054802F041FA0549082800D030
:1060B00009200870C0B210BD7401002030E2010850
:1060C0007501002010B57D2109010848F1F715FF81
:1060D00007A10648F1F71CFF0F4904480860F1F7D3
:1060E0004EFF0E4908600E48007810BD7023002056
:1060F00041542B5153534C4346473D2263616365E2
:106100007274222C302C226361636572742E706568
:106110006D220D0A000000007C010020800100209B
:106120007501002010B5074A0421117000F010F825
:10613000054802F0FBF90549082800D0092008703D
:10614000C0B210BD740100204CE2010875010020AE
:1061500010B57D2109010848F1F7CFFE07A10648D7
:10616000F1F7D6FE104904480860F1F708FF0F491F
:1061700008600F48007810BD7023002041542B5157
:1061800053534C4346473D22636C69656E746365A7
:106190007274222C302C22636C69656E742E7065CB
:1061A0006D220D0A000000007C010020800100200B
:1061B0007501002010B5074A0421117000F010F895
:1061C000054802F0B3F90549082800D009200870F5
:1061D000C0B210BD7401002068E201087501002002
:1061E00010B57D2109010848F1F787FE07A106488F
:1061F000F1F78EFE104904480860F1F7C0FE0F4920
:1062000008600F48007810BD7023002041542B51C6
:1062100053534C4346473D22636C69656E746B650E
:1062200079222C302C22757365725F6B65792E7024
:10623000656D220D0A0000007C0100208001002015
:1062400075010020014800787047000075010020AA
:10625000F8B50C4C0221217000F01AF80A4D0B4ED3
:10626000192705E0304602F061F9082806D02F70A2
:106270002078411E2170F5D22878F8BD11202870B1
:10628000FAE70000740100207501002080F8010881
:10629000044805A1016009491120086008480078F8
:1062A000704700007C01002041542B51434F415066
:1062B000434C4F53453D300D0A0000008001002043
:1062C000750100200148007870470000750100202A
:1062D000F8B50C4C0221217000F01AF80A4D0B4E53
:1062E000092705E0304602F021F9082806D02F7072
:1062F0002078411E2170F5D22878F8BD082028703A
:10630000FAE700007401002075010020F8F601088A
:10631000044805A101600B491A2008600A4800786A
:10632000704700007C01002041542B51434F4150E5
:106330004346473D22706470636964222C302C31DF
:106340000D0A00008001002075010020014800783E
:106350007047000075010020F8B50C4C0221217037
:1063600000F01AF80A4D0B4E092705E0304602F0FE
:10637000DDF8082806D02F702078411E2170F5D254
:106380002878F8BD08202870FAE700007401002082
:106390007501002030F70108044805A101600B4990
:1063A000192008600A480078704700007C0100202E
:1063B00041542B51434F41504845414445523D3093
:1063C0002C313233342C310D0A00000080010020C2
:1063D0007501002001480078704700007501002019
:1063E000F8B50C4C0421217000F01AF80A4D0B4E40
:1063F0000B2705E0304602F099F8082806D02F70E8
:106400002078411E2170F5D22878F8BD0A20287026
:10641000FAE70000740100207501002014F701085C
:10642000F8B57D2109012148F1F767FD20482C21AD
:106430000746F1F79AFD05461EA11C48F1F768FDD5
:106440001B4846300090F1F79AFD194E174C203E3C
:1064500000280CD02C210098F1F787FD0746204634
:10646000F1F78DFD0019BA1B663A009906E00F4856
:10647000F1F785FDAA1B00193946203AF1F724FDF2
:1064800011A10A48F1F744FD29460848F1F740FDFB
:106490000EA10648F1F73CFD0D4804602046F1F7D7
:1064A0006EFD0C4908600C480078F8BD7023002090
:1064B000AE15002041542B51434F41504F50454E93
:1064C0003D302C2200000000220000000D0A0000D8
:1064D0007C01002080010020750100200148007827
:1064E000704700007501002010B5074A00211170A7
:1064F00000F010F8054802F019F80549082800D006
:1065000009200870C0B210BD740100204CF70108CA
:106510007501002010B57D2109010C48F1F7EDFC53
:106520000BA10A48F1F7F4FC0F490848F1F7F0FC19
:106530000EA10648F1F7ECFC0D4904480860F1F79C
:106540001EFD0C4908600C48007810BD7023002027
:1065500041542B51434F41504F5054494F4E3D30C1
:106560002C302C302C000000451900200D0A0000B2
:106570007C01002080010020750100200148007886
:10658000704700007501002010B5074A0021117006
:1065900000F010F8054801F0C9FF0549082800D0AF
:1065A00009200870C0B210BD7401002068F701080E
:1065B0007501002010B57D2109010C48F1F79DFC03
:1065C0000BA10A48F1F7A4FC0F490848F1F7A0FC19
:1065D0000EA10648F1F79CFC0D4904480860F1F74C
:1065E000CEFC0C4908600C48007810BD70230020D8
:1065F00041542B51434F41504F5054494F4E3D3021
:106600002C302C312C000000C61900200D0A00008F
:106610007C010020800100207501002001480078E5
:10662000704700007501002010B5074A0021117065
:1066300000F010F8054801F079FF0549082800D05E
:1066400009200870C0B210BD7401002084F7010851
:106650007501002010B57D2109010C48F1F74DFCB2
:106660000BA10A48F1F754FC0F490848F1F750FC18
:106670000EA10648F1F74CFC0D4904480860F1F7FB
:106680007EFC0C4908600C48007810BD7023002087
:1066900041542B51434F41504F5054494F4E3D3080
:1066A0002C302C322C000000471A00200D0A00006C
:1066B0007C01002080010020750100200148007845
:1066C000704700007501002010B5074A00211170C5
:1066D00000F010F8054801F029FF0549082800D00E
:1066E00009200870C0B210BD74010020A0F7010895
:1066F0007501002010B57D2109010C48F1F7FDFB63
:106700000BA10A48F1F704FC0F490848F1F700FC17
:106710000EA10648F1F7FCFB0D4904480860F1F7AB
:106720002EFC0C4908600C48007810BD7023002036
:1067300041542B51434F41504F5054494F4E3D30DF
:106740002C302C332C000000C81A00200D0A000049
:106750007C010020800100207501002001480078A4
:10676000704700007501002010B5074A0021117024
:1067700000F010F8054801F0D9FE0549082800D0BE
:1067800009200870C0B210BD74010020BCF70108D8
:106790007501002010B57D2109010C48F1F7ADFB12
:1067A0000BA10A48F1F7B4FB0F490848F1F7B0FB19
:1067B0000EA10648F1F7ACFB0D4904480860F1F75B
:1067C000DEFB0C4908600C48007810BD70230020E7
:1067D00041542B51434F41504F5054494F4E3D303F
:1067E0002C302C342C000000491B00200D0A000026
:1067F0007C01002080010020750100200148007804
:10680000704700007501002010B5074A0021117083
:1068100000F010F8054801F089FE0549082800D06D
:1068200009200870C0B210BD74010020D8F701081B
:106830007501002010B57D2109010C48F1F75DFBC1
:106840000BA10A48F1F764FB0F490848F1F760FB18
:106850000EA10648F1F75CFB0D4904480860F1F70A
:106860008EFB0C4908600C48007810BD7023002096
:1068700041542B51434F41504F5054494F4E3D309E
:106880002C302C352C000000CA1B00200D0A000003
:106890007C01002080010020750100200148007863
:1068A000704700007501002010B5074A00211170E3
:1068B00000F010F8054801F039FE0549082800D01D
:1068C00009200870C0B210BD74010020F4F701085F
:1068D0007501002010B57D2109010C48F1F70DFB71
:1068E0000BA10A48F1F714FB0F490848F1F710FB18
:1068F0000EA10648F1F70CFB0D4904480860F1F7BA
:106900003EFB0C4908600C48007810BD7023002045
:1069100041542B51434F41504F5054494F4E3D30FD
:106920002C302C362C0000004B1C00200D0A0000DF
:106930007C010020800100207501002001480078C2
:10694000704700007501002010B5074A0021117042
:1069500000F010F8054801F0E9FD0549082800D0CD
:1069600009200870C0B210BD7401002010F80108A1
:106970007501002010B57D2109010C48F1F7BDFA21
:106980000BA10A48F1F7C4FA0F490848F1F7C0FA19
:106990000EA10648F1F7BCFA0D4904480860F1F76A
:1069A000EEFA0C4908600C48007810BD70230020F6
:1069B00041542B51434F41504F5054494F4E3D305D
:1069C0002C302C372C000000CC1C00200D0A0000BD
:1069D0007C0100208001002075010020F8B57D2693
:1069E000F60031461E48F1F788FA1E481E4C007E1C
:1069F000012806D1F4F7C4F901461CA0626BFBF72D
:106A0000F9F822A1606BF1F78FFA23A1F1F78CFA64
:106A1000224D040021D00A21F1F7C6FA074631467B
:106A20000F48F1F76AFA3A1BA11C0D48921EF1F7C4
:106A30004BFAF4F7A5F90146094A19A0FBF7DAF871
:106A40001F48F1F79CFA1E49054A401815A1FBF7AB
:106A5000E1F817202870C0B2F8BD1620FAE7000050
:106A6000402B002088000020840100205B25645D0D
:106A7000446562756720646F776E6C696E6B206425
:106A80006174613A25730D0A000000002B51434FD9
:106A900041505245435600000D0A00007501002088
:106AA0005B25645D526563656976656420646F7714
:106AB0006E6C696E6B20646174613A25730D0A0017
:106AC000701F002010B5FFF789FF172802D1034877
:106AD00003F084FC0248007810BD0000402B002029
:106AE0007501002010B5084902200870002000F050
:106AF00011F8064801F01AFD0549082800D00920C0
:106B00000870C0B210BD0000740100202CF801080C
:106B10007501002010B502F0E7FC7D2109010A484B
:106B2000F1F7EBF909A10848F1F7F2F90DA10648D0
:106B3000F1F7EEF90C4904480860F1F720FA0B4927
:106B400008600B48007810BD7023002041542B5181
:106B5000434F415053454E443D302C312C322C3262
:106B6000353500000D0A00007C0100208001002066
:106B70007501002010B5084904200870002000F0BD
:106B800011F8064801F0D2FC0549082800D0092078
:106B90000870C0B210BD00007401002048F8010860
:106BA0007501002070B50F480026007B0E4C0F4D7C
:106BB000002810D002F098FC0D482660F1F7DFF9AC
:106BC00001460B481A2242542060F1F7D8F9286098
:106BD0000848007870BD0848406C20600648403086
:106BE0000089F4E7880000207C010020800100205B
:106BF0007023002075010020A800002070B50C4D06
:106C00000CA1686BF1F790F90E4C002801D02420FC
:106C10000BE00DA1686BF1F787F9002804D0002084
:106C2000FFF750FF202000E01E202070C0B270BD92
:106C3000840100202B51434F41504F50454E3A2084
:106C4000302C3000750100202B51434F41505245EC
:106C500043560000F8B50E480EA1016011490F20FF
:106C600008600320104C114D2070114E092705E0DB
:106C7000304601F05BFC082806D02F702078411EBA
:106C80002170F5D22878F8BD08202870FAE70000B6
:106C90007C01002041542B514D54434C4F53453DF2
:106CA000300D0A00800100207401002075010020D1
:106CB000D4E3010801480078704700007501002006
:106CC00070B50D480DA10160134919200860134CDF
:106CD00004202070124D07E0284601F027FC082808
:106CE00006D06420F3F7C2FD2178481E2070F3D24D
:106CF0000C48007870BD00007C01002041542B51ED
:106D00004D544346473D2276657273696F6E222C5F
:106D1000302C340D0A000000800100207401002096
:106D200084E201087501002010B5074A04211170A2
:106D300000F010F8054801F0F9FB0549082800D0DB
:106D400009200870C0B210BD74010020BCE2010827
:106D50007501002010B57D2109011C48F1F7CDF81F
:106D60001BA11A48F1F7D4F81D491848F1F7D0F8DB
:106D70001B481CA181300446F1F7D6F8002816D133
:106D80001AA11248F1F7C4F821461048F1F7C0F8EB
:106D9000174814A10446F1F7C7F8002807D113A13A
:106DA0000A48F1F7B5F821460848F1F7B1F811A102
:106DB0000648F1F7ADF8104904480860F1F7DFF82C
:106DC0000E4908600E48007810BD000070230020B6
:106DD00041542B514D54434F4E4E3D302C22000018
:106DE000781600204E554C4C00000000222C22004A
:106DF0007A170020220D0A007C010020800100206B
:106E000075010020014800787047000075010020DE
:106E100010B57D21C9001E48F1F76FF81D481E4CC2
:106E2000007E012806D1F3F7ABFF01461BA0626B81
:106E3000FAF7E0FE21A1606BF1F776F80446C0781E
:106E40007B2816D00A212046F1F78FF8021BE11C9F
:106E50000F48521FF1F738F8F3F792FF01460C4A3A
:106E600017A0FAF7C7FE0A4803F0B8FA1C480078E2
:106E700010BD7D212046F1F778F8021BE11C044883
:106E8000921EF1F721F8174901200870E4E700008D
:106E9000402B002088000020840100205B25645DD9
:106EA000446562756720646F776E6C696E6B2064F1
:106EB0006174613A25730D0A00000000222C220043
:106EC0005B25645D526563656976656420646F77F0
:106ED0006E6C696E6B20646174613A25730D0A00F3
:106EE00075010020BC010020F8B50E480EA101601C
:106EF00011490E2008600320104C114D2070114ED6
:106F0000092705E0304601F011FB082806D02F7054
:106F10002078411E2170F5D22878F8BD082028700D
:106F2000FAE700007C01002041542B514D544449A4
:106F300053433D300D0A0000800100207401002001
:106F400075010020B8E3010801480078704700008F
:106F50007501002010B5074A0421117000F010F8E7
:106F6000054801F0E3FA0549082800D00920087017
:106F7000C0B210BD74010020A0E20108750100201C
:106F8000F8B57D2109012348F0F7B7FF2248234EC9
:106F90000078204C002812D0304666302C2107465D
:106FA000F0F7E3FF05461EA12046F0F7B1FF2046AB
:106FB000F0F7E5FF0019AA1B3946663A11E01748B9
:106FC0002C2120300746F0F7D0FF054614A11148C8
:106FD000F0F79EFF0F48F0F7D2FFAA1B00193946C1
:106FE000203AF0F771FF12A10A48F0F791FF294605
:106FF0000848F0F78DFF0FA10648F0F789FF0E480B
:1070000004602046F0F7BBFF0C4908600C4800788C
:10701000F8BD0000702300206F0100208E150020B5
:1070200041542B514D544F50454E3D302C220000C1
:10703000220000000D0A00007C01002080010020D9
:107040007501002010B5084904200870002000F0E8
:1070500011F8064801F06AFA0549082800D009200D
:107060000870C0B210BD00007401002010E30108D8
:107070007501002010B57D2109011548F0F73DFF8D
:1070800014480078022804D0002804D0012804D035
:1070900007E011A102E018A100E01FA10C48F0F7E1
:1070A00037FF25490A48F0F733FF24A10848F0F7D5
:1070B0002FFF25A10648F0F72BFF2449044808605C
:1070C000F0F75DFF224908602248007810BD0000FB
:1070D000702300204300002041542B514D54505543
:1070E000423D302C312C322C302C226368616E6E84
:1070F000656C732F0000000041542B514D545055C6
:10710000423D302C302C302C302C226368616E6E66
:10711000656C732F0000000041542B514D545055A5
:10712000423D302C312C312C302C226368616E6E44
:10713000656C732F00000000431800202F707562EB
:107140006C69736800000000220D0A007C010020B9
:10715000800100207501002010B508490420087046
:10716000002000F011F8064801F0E0F90549082870
:1071700000D009200870C0B210BD000074010020CA
:107180002CE301087501002010B57D210901134889
:10719000F0F7B3FE12480078022804D0002804D08B
:1071A000012804D007E00FA102E013A100E017A11D
:1071B0000A48F0F7ADFE1A490848F0F7A9FE19A1F0
:1071C0000648F0F7A5FE184904480860F0F7D7FE16
:1071D000164908601648007810BD00007023002092
:1071E0004300002041542B514D545055423D302C0A
:1071F000312C322C302C220041542B514D545055FF
:10720000423D302C302C302C302C220041542B515C
:107210004D545055423D302C312C312C302C220015
:1072200043180020220D0A007C010020800100206C
:107230007501002010B5084904200870002000F0F6
:1072400011F8064801F072F90549082800D0092014
:107250000870C0B210BD00007401002048E30108AE
:107260007501002010B5FDF763FF7D21090113486A
:10727000F0F743FE12480078022804D0002804D01A
:10728000012804D007E00FA102E013A100E017A13C
:107290000A48F0F73DFE1A490848F0F739FE19A1EF
:1072A0000648F0F735FE184904480860F0F767FE15
:1072B000164908601648007810BD000070230020B1
:1072C0004300002041542B514D545055423D302C29
:1072D000312C322C302C220041542B514D5450551E
:1072E000423D302C302C302C302C220041542B517C
:1072F0004D545055423D302C312C312C302C220035
:1073000043180020220D0A007C010020800100208B
:107310007501002010B5084904200870002000F015
:1073200011F8064801F002F90549082800D00920A3
:107330000870C0B210BD00007401002064E30108B1
:107340007501002010B57D2109011348F0F7D5FD26
:1073500012480078022804D0002804D0012804D064
:1073600007E00FA102E013A100E017A10A48F0F71F
:10737000CFFD1A490848F0F7CBFD19A10648F0F7F0
:10738000C7FD184904480860F0F7F9FD1649086080
:107390001648007810BD0000702300204300002034
:1073A00041542B514D545055423D302C312C322CF0
:1073B000302C220041542B514D545055423D302C1D
:1073C000302C302C302C220041542B514D54505530
:1073D000423D302C312C312C302C2200431800201F
:1073E000220D0A007C010020800100207501002090
:1073F00010B5084904200870002000F011F8064874
:1074000001F094F80549082800D009200870C0B29E
:1074100010BD000074010020F4E201087501002095
:1074200010B57D2109011348F0F767FD1248007877
:10743000022804D0002804D0012804D007E00FA1BE
:1074400002E013A100E017A10A48F0F761FD1A4914
:107450000848F0F75DFD19A10648F0F759FD1849F5
:1074600004480860F0F78BFD16490860164800785C
:1074700010BD0000702300204300002041542B5118
:107480004D545055423D302C312C322C302C2200A2
:1074900041542B514D545055423D302C302C302C02
:1074A000302C220041542B514D545055423D302C2C
:1074B000312C312C302C220043180020220D0A00E0
:1074C0007C010020800100207501002010B50849D2
:1074D00004200870002000F011F8064801F026F89A
:1074E0000549082800D009200870C0B210BD00006E
:1074F0007401002080E3010875010020F8B57D21AA
:1075000009011748F0F7F9FC16480027007B164DD3
:10751000164E002809D0124C01280DD002280ED09A
:1075200003280CD005280AD016E01148406C2860CA
:107530000F48403000890EE002F014FB01E001F03A
:10754000D3FF07482F60F0F71AFD1A212154204677
:107550002C60F0F714FD306006480078F8BD00009C
:1075600070230020880000207C0100208001002082
:10757000A80000207501002010B5084904200870FB
:10758000002000F011F8064800F0D0FF0549082857
:1075900000D009200870C0B210BD000074010020A6
:1075A000D8E201087501002010B57D2109012048AD
:1075B000F0F7A3FC1FA11E48F0F7AAFC2148224CBB
:1075C000007B01280ED0032816D021461848F0F77A
:1075D0009FFC1E480078022818D0002818D00128E7
:1075E00018D01BE01AA11248F0F792FC214610486F
:1075F000F0F78EFC19A1E9E71BA10D48F0F788FC14
:1076000021460B48F0F784FC21A1DFE721A102E02D
:1076100022A100E023A10648F0F77AFC23490448A0
:107620000860F0F7ACFC224908602248007810BDE1
:107630007023002041542B514D545355423D302C62
:10764000312C220088000020C418002043000020B4
:107650006368616E6E656C732F0000002F73756236
:10766000736372696265000074622F6D7174742DAA
:10767000696E746567726174696F6E2D7475746F6D
:107680007269616C2F73656E736F72732F000000E7
:107690002F727800222C320D0A000000222C300DAF
:1076A0000A000000222C310D0A0000007C0100209D
:1076B000800100207501002070B52B4C2BA1606B60
:1076C000F0F732FC2D4D002801D00A2006E02CA155
:1076D000606BF0F729FC002802D00C20287027E00E
:1076E0002BA1606BF0F720FC1226002818D12DA1E9
:1076F000606BF0F719FC002812D12FA1606BF0F736
:1077000013FC00280CD131A1606BF0F70DFC14269E
:10771000002805D131A1606BF0F706FC002801D0EC
:107720002E7005E031A1606BF0F7FEFB1E21297081
:1077300032A1606BF0F7F8FB002802D00020FFF7C1
:1077400067FB31A1606BF0F7EFFB002801D0182038
:1077500006E031A1606BF0F7E7FB002801D00420C0
:107760002870287870BD0000840100202B514D54F2
:107770004F50454E3A20302C30000000750100205B
:107780002B514D54434F4E4E3A20302C302C30006C
:107790002B514D545355423A20302C312C302C3241
:1077A000000000002B514D545355423A20302C31EB
:1077B0002C302C31000000002B514D545355423ACF
:1077C00020302C312C302C30000000002B514D5437
:1077D0005055423A20302C312C3000002B514D5462
:1077E0005055423A20302C302C3000002B514D5453
:1077F000444953433A20302C300000002B514D5463
:1078000052454356000000002B514D5453544154EF
:107810003A20302C350000002B514D545354415424
:107820000000000010B5074A0421117000F010F8A4
:10783000054800F07BFE0549082800D009200870A3
:10784000C0B210BD7401002014E2010875010020CF
:1078500010B57D2109010848F0F74FFB07A1064844
:10786000F0F756FB0B4904480860F0F788FB0A491B
:1078700008600A48007810BD7023002041542B5145
:107880004D544346473D2273736C222C302C312CCF
:10789000300D0A007C0100208001002075010020CD
:1078A00010B5074A0421117000F010F8054800F0E7
:1078B0003DFE0549082800D009200870C0B210BD5F
:1078C00074010020F8E101087501002010B57D2148
:1078D00009010D48F0F711FB0CA10B48F0F718FB5C
:1078E0000948F0F74CFB1049074C8A7B00190FA19F
:1078F000FAF790F90F4804602046F0F740FB0E4974
:1079000008600E48007810BD7023002041542B51B0
:1079100053534C4346473D227365636C6576656CF3
:10792000222C302C000000008800002025640D0A65
:10793000000000007C010020800100207501002073
:10794000F8B50E480EA1016011490E200860022012
:10795000104C114D2070114E092705E0304600F003
:10796000E5FD082806D02F702078411E2170F5D241
:107970002878F8BD08202870FAE700007C01002074
:1079800041542B5149434C4F53453D300D0A0000A3
:1079900080010020740100207501002074F40108AA
:1079A00001480078704700007501002010B50849B3
:1079B00004200870002000F011F8064800F0B6FD21
:1079C0000549082800D009200870C0B210BD000089
:1079D0007401002004F401087501002010B501F0C5
:1079E00083FD064904480860F0F7C9FA04490860B5
:1079F0000448007810BD0000702300207C010020A6
:107A0000800100207501002010B5074A0421117083
:107A100000F010F8054800F089FD0549082800D05D
:107A200009200870C0B210BD74010020CCF3010819
:107A300075010020F8B57D2109012348F0F75DFAB2
:107A400022482C210746F0F790FA054620A11E484F
:107A5000F0F75EFA1D4846300090F0F790FA1B4EA2
:107A6000194C203E00280CD02C210098F0F77DFA0C
:107A700007462046F0F783FA0019BA1B663A0099C8
:107A800006E01148F0F77BFAAA1B00193946203AA4
:107A9000F0F71AFA13A10C48F0F73AFA29460A4807
:107AA000F0F736FA10A10848F0F732FA0FA10648AD
:107AB000F0F72EFA0F4804602046F0F760FA0E49FE
:107AC00008600E480078F8BD70230020AE15002035
:107AD00041542B51494F50454E3D312C302C2254AE
:107AE0004350222C220000002C3000002C300D0AC4
:107AF000000000007C0100208001002075010020B2
:107B000010B5074A0421117000F010F8054800F084
:107B10000DFD0549082800D009200870C0B210BD2D
:107B2000740100203CF401087501002010B57D218E
:107B300009010A48F0F7E1F909A10848F0F7E8F966
:107B40000BA10648F0F7E4F90A4904480860F0F789
:107B500016FA094908600948007810BD7023002012
:107B600041542B514952443D302C313530300000C6
:107B70000D0A00007C01002080010020750100201A
:107B8000F8B57D21C9003048F0F7B7F92F48304DDE
:107B9000007E012806D1F3F7F3F801462DA06A6BA9
:107BA000FAF728F83A21686BF0F7FEF904460A2143
:107BB000686BF0F7F9F9021BA11C2348521FF0F77C
:107BC00083F92148162700782A4D302829D00A2128
:107BD0002046F0F7CAF90646002C32D04F21F0F7C4
:107BE000E3F904467D21C9001748F0F786F9A21B86
:107BF000711C1548921EF0F767F9F3F7C1F80146BA
:107C0000114A1DA0F9F7F6FF2348F0F7B8F9224909
:107C10000D4A401819A1F9F7FDFF172028702878A0
:107C2000F8BD2F70F3F7ACF801461CA0F9F7E2FF9E
:107C30001948F0F7A4F91849401819A1F9F7EAFF13
:107C4000EDE72F70EBE70000402B002088000020BC
:107C5000840100205B25645D446562756720646F64
:107C6000776E6C696E6B20646174613A25730D0ADE
:107C700000000000750100205B25645D52656365AE
:107C80006976656420646F776E6C696E6B206461E1
:107C900074613A25730D0A00701F00205B25645D36
:107CA0004E6F206461746120696E2062756666653E
:107CB000720D0A0010B5FFF763FF172802D10348C1
:107CC00002F08CFB0248007810BD0000402B002021
:107CD0007501002070B50C4C0221217000F01AF8DB
:107CE000FF260A4DF53607E0284600F01FFC08285D
:107CF00006D03046F2F7BAFD2178481E2070F3D244
:107D00000348007870BD000074010020E8F301080A
:107D10007501002010B501F0E7FB7D210901114834
:107D2000F0F7EBF810A10F48F0F7F2F811A10D48A9
:107D3000F0F7EEF80B48F0F722F90F49094C0A88E2
:107D400000190EA1F9F766FF0DA12046F0F7E0F843
:107D50000C4804602046F0F712F90B4908600B4804
:107D6000007810BD7023002041542B514953454EDB
:107D7000443D0000302C0000BE01002025640000BE
:107D80000D0A00007C010020800100207501002008
:107D900010B5074A0421117000F010F8054800F0F2
:107DA000C5FB0549082800D009200870C0B210BDE5
:107DB0007401002020F401087501002010B57D2118
:107DC00009011148F0F799F810A10F48F0F7A0F851
:107DD00012A10D48F0F79CF80B48F0F7D0F81049C5
:107DE000094C4A6C00190FA1F9F714FF0EA12046A7
:107DF000F0F78EF80D4804602046F0F7C0F80C4903
:107E000008600C48007810BD7023002041542B51AD
:107E10004953454E4445583D00000000302C220097
:107E2000A800002025730000220D0A007C0100201C
:107E3000800100207501002070B5104D10A1686B05
:107E4000F0F772F8104C002804D00020FFF732FF42
:107E5000202010E00DA1686BF0F766F8002801D033
:107E60000E2008E00BA1686BF0F75EF8002801D047
:107E7000102000E01E202070C0B270BD84010020E0
:107E80002B514952443A00007501002053454E449D
:107E9000204F4B0053454E44204641494C000000C2
:107EA000F8B50E480EA1016011490E2008600320AC
:107EB000104C114D2070114E092705E0304600F09E
:107EC00035FB082806D02F702078411E2170F5D28E
:107ED0002878F8BD08202870FAE700007C0100200F
:107EE00041542B5149434C4F53453D300D0A00003E
:107EF000800100207401002075010020A0E9010824
:107F000001480078704700007501002010B508494D
:107F100004200870002000F011F8064800F006FB6D
:107F20000549082800D009200870C0B210BD000023
:107F30007401002030E901087501002010B501F03E
:107F4000D3FA054905480860F0F719F804490860B4
:107F50000448007810BD00007C0100207023002040
:107F6000800100207501002010B5074A042111701E
:107F700000F010F8054800F0D9FA0549082800D0AB
:107F800009200870C0B210BD74010020F8E8010893
:107F900075010020F8B57D2109013A48EFF7ADFFE2
:107FA00039482C210090EFF7E0FF0646364C374861
:107FB000203C007B2746334D6637002817D034A17C
:107FC0002846EFF7A5FF3846EFF7D9FF002839D04C
:107FD0002C213846EFF7C9FF00902846EFF7CFFF76
:107FE000431900983946021B1846663A31E030A121
:107FF0002448EFF78DFF3846EFF7C1FF00280ED079
:108000002C213846EFF7B1FF00901E48EFF7B7FF7D
:10801000431900983946021B1846663A06E019488B
:10802000EFF7ADFF321B4019203A0099EFF74CFFF4
:108030001EA11448EFF76CFF31461248EFF768FFB6
:1080400021A111E00F48EFF79AFF321B4019203AA7
:108050000099EFF739FF1DA10A48EFF759FF3146A4
:108060000848EFF755FF1AA10648EFF751FF1A48E5
:1080700005602846EFF783FF184908601848007824
:10808000F8BD000070230020AE15002088000020FD
:1080900041542B51494F50454E3D312C302C2255E7
:1080A00044502053455256494345222C220000009B
:1080B00041542B51494F50454E3D312C302C2255C7
:1080C0004450222C220000000D0A0000222C300017
:1080D0002C300D0A000000007C01002080010020EF
:1080E0007501002010B5074A0421117000F010F846
:1080F000054800F01BFA0549082800D0092008703F
:10810000C0B210BD7401002068E9010875010020AB
:1081100010B57D2109010D48EFF7EFFE0C48007BFB
:10812000002811D00BA10948EFF7F2FE0CA1074877
:10813000EFF7EEFE0B4905480860EFF720FF0A490C
:1081400008600A48007810BD09A1ECE77023002000
:108150008800002041542B514952443D300000001A
:108160000D0A00007C010020800100207501002024
:1081700041542B514952443D302C313530300000B0
:10818000F8B53048304D007E012806D1F2F7F8FDF1
:1081900001462EA06A6BF9F72DFD7D21C9003348F9
:1081A000EFF7ABFE3A21686BEFF7FEFE04460A21BB
:1081B000686BEFF7F9FE021BA11C2C48521FEFF76A
:1081C00083FE2A4816260078294F2A4D302827D0CA
:1081D0000A212046EFF7C9FE040030D04F21EFF707
:1081E000E3FE06467D21C9002048EFF786FE321BDC
:1081F000611C1E48921EEFF767FEF2F7C1FD0146B3
:108200001A4A1DA0F9F7F6FC3846EFF7B8FEC01978
:10821000164A1AA1F9F7FEFC172028702878F8BD35
:108220002E70F2F7ADFD01461BA0F9F7E3FC1048F4
:10823000EFF7A5FEC01919A1F9F7ECFCEEE72E70D7
:10824000ECE7000088000020840100205B25645DCD
:10825000446562756720646F776E6C696E6B20642D
:108260006174613A25730D0A00000000402B002064
:10827000701F0020750100205B25645D52656365F9
:108280006976656420646F776E6C696E6B206461DB
:1082900074613A25730D0A005B25645D4E6F20649E
:1082A00061746120696E206275666665720D0A00F0
:1082B00010B5FFF765FF172802D1034802F08EF8CA
:1082C0000248007810BD0000402B002075010020FE
:1082D00010B5074A0421117000F010F8054800F0AD
:1082E00025F90549082800D009200870C0B210BD42
:1082F0007401002014E9010875010020F8B501F0AF
:10830000F3F87D2109012848EFF7F7FD27A126485A
:10831000EFF7FEFD28A12448EFF7FAFD2248EFF71A
:108320002EFE2649204C0A88001925A1F9F772FC77
:1083300025480746EFF723FE234E663E00280CD063
:108340002C213846EFF711FE05462046EFF717FEC1
:108350000019AA1B3946663A0DE01B482C21463805
:108360000746EFF702FE05460F48EFF708FEAA1B87
:1083700000193946203AEFF7A7FD14A10A48EFF794
:10838000C7FD29460848EFF7C3FD11A10648EFF7DE
:10839000BFFD104804602046EFF7F1FD0E4908606C
:1083A0000E480078F8BD00007023002041542B5186
:1083B0004953454E443D0000302C0000BE010020D2
:1083C00025642C2200000000F4150020220000008B
:1083D0000D0A00007C0100208001002075010020B2
:1083E00010B5074A0421117000F010F8054800F09C
:1083F0009DF80549082800D009200870C0B210BDBA
:10840000740100204CE901087501002010B57D21A0
:1084100009011148EFF771FD10A10F48EFF778FD42
:1084200012A10D48EFF774FD0B48EFF7A8FD1049B6
:10843000094C4A6C00190FA1F9F7ECFB0EA120467C
:10844000EFF766FD0E4804602046EFF798FD0D49F2
:1084500008600D48007810BD7023002041542B5156
:108460004953454E4445583D00000000302C220041
:10847000A800002025730000222C300D0A00000007
:108480007C010020800100207501002070B5104D96
:1084900010A1686BEFF748FD104C002804D00020B5
:1084A000FFF706FF202010E00DA1686BEFF73CFD01
:1084B000002801D00E2008E00BA1686BEFF734FD17
:1084C000002801D0102000E01E202070C0B270BD36
:1084D000840100202B514952443A000075010020CC
:1084E00053454E44204F4B0053454E44204641498E
:1084F0004C00000010B5094C09A060610420A06187
:108500000320207304E0084800F010F8082803D086
:10851000207B411E2173F6D2607B10BD68010020D4
:1085200041540D0A000000002CD50108F8B505469D
:108530001F4F0020388601214902786BEFF7DDFCE0
:108540003C461C3C208B616982B21A48F4F79AFBC6
:10855000F2F716FC06461848807F012804D1A86867
:1085600025280FD040280DD0F2F70AFCA989801BDE
:108570008842F9D32968786BEFF7D6FC00280AD037
:10858000082011E0F2F7FCFB811BAA890B481018A8
:108590008142F7D3EEE76968786BEFF7C5FC0028F6
:1085A00001D0092000E004206073C0B2F8BD0000D3
:1085B00084010020FC04002068000020B80B0000AB
:1085C00070B5094C09A060610620A0612073094DB7
:1085D00004E02846FFF7AAFF082803D0217B481EA5
:1085E0002073F6D2607B70BD680100204154453095
:1085F0000D0A000048D50108F0B52B4891B0406B3A
:108600002AA1EFF791FC2B4C050019D014216846E4
:10861000EFF773FC28A16846EFF77AFC294600A81B
:10862000112208310230EFF74FFC6846F1F776FD72
:10863000224D2349A8610A780021012A03D008E0CD
:10864000062060732CE01F4A1378002B01D0E861EC
:1086500011701D4E0127307800280CD005A8F8F7BE
:1086600019F90599A869091A21610021F8F78EF90D
:10867000277000203070207A002811D105A9A86940
:10868000F8F724F906983C2148430599401885B22B
:108690000E490F48F8F713FC2846FBF79DFC27729C
:1086A000607B11B0F0BD0000840100202B43434CDF
:1086B0004B0000006801002032300000A8000020BC
:1086C0004500002021000020200000209D06010818
:1086D000F4030020F8B50F4C0FA161610A21A161DC
:1086E0000746104900208861032020730E4D09269B
:1086F00005E02846FFF71AFF082806D06673207B9E
:10870000411E2173F5D2607BF8BD3846FFF774FF38
:108710006073F8E76801002041542B43434C4B3F02
:108720000D0A0000A800002028D60108F0B5254851
:1087300091B0406B24A1EFF7F7FB254C050029D041
:1087400014216846EFF7D9FB22A16846EFF7E0FB5A
:10875000294600A8112208310230EFF7B5FB684620
:10876000F1F7DCFC1C4D1D4EA86130780127002874
:108770000CD005A8F8F78EF80599A869091A2161A7
:108780000021F8F703F9277000203070207A0028C4
:1087900003D014E00620607311E005A9A869F8F77A
:1087A00095F806983C2148430599401885B20C4934
:1087B0000C48F8F784FB2846FBF70EFC2772607B19
:1087C00011B0F0BD840100202B43434C4B0000004E
:1087D0006801002032300000A800002020000020A6
:1087E0009D060108F4030020F8B50F4C0FA161614C
:1087F0000A21A161074610490020886103202073E7
:108800000E4D092605E02846FFF790FE082806D001
:108810006673207B411E2173F5D2607BF8BD38461C
:10882000FFF784FF6073F8E76801002041542B4391
:10883000434C4B3F0D0A0000A80000200CD6010855
:108840000148407B704700006801002070B5094C6A
:108850000221217300F012F8074D04E02846FFF7CB
:1088600065FE082803D0217B481E2073F6D2607B6A
:1088700070BD00006801002044D6010810B5C82171
:108880000748EFF73AFB074A07A10548F9F7C2F98D
:108890000D4C03486061EFF772FBA061607B10BD77
:1088A000A81E00204F16002041542B434744434F3D
:1088B0004E543D312C22495056345636222C222516
:1088C00073220D0A000000006801002070B5124EEE
:1088D00012A1706BEFF728FB044612A1706BEFF743
:1088E00023FB054611A1706BEFF71EFB01463046D6
:1088F0001C38002C01D021224273002D01D02222ED
:108900004273002901D0232242732C430C4301D12E
:1089100009214173407B70BD8401002042473935F5
:108920002D4D3100424739352D4D32004247393502
:108930002D4D3300F8B50D4C074609250CA0A56157
:108940006061032020730D4E05E03046FFF7EEFD19
:10895000082806D06573207B411E2173F5D2607B09
:10896000F8BD3846FFF7B2FF6073F8E768010020F2
:1089700041542B43474D4D0D0A000000B8D5010866
:10898000F8B5184D18A068610920A8610320287364
:10899000184C04E02046FFF7C9FD082805D0297BC4
:1089A000491E2973F6D2687BF8BD0E481421383071
:1089B0000646EFF7A2FA0B4F0A211C37786BEFF748
:1089C000D4FA04464F21786BEFF7CFFA002CEAD0A7
:1089D0000028E8D0021B611C3046521FEFF7B8FA9E
:1089E000E1E700006801002041542B4347534E0D3E
:1089F0000A00000064D50108F8B5184D18A0686198
:108A00000920A86103202873184C04E02046FFF7D2
:108A10008DFD082805D0297B491E2973F6D2687B75
:108A2000F8BD0E48142124300646EFF766FA0B4FC6
:108A30000A211C37786BEFF798FA04464F21786BC0
:108A4000EFF793FA002CEAD00028E8D0021B611C53
:108A50003046521FEFF77CFAE1E700006801002082
:108A600041542B43494D490D0A00000080D50108AF
:108A7000FEB51F4C1FA060610820A06102202646A1
:108A800020731C362EE01E48FFF750FD082829D120
:108A90000020009001903A21706BEFF785FA0746AD
:108AA0002C21706BEFF761FA0025C71B7F1E0AE0CF
:108AB000EFF765FA69464018726BE91D525C11A127
:108AC000F9F7A8F86D1CAF426846F1DCEFF786FABB
:108AD000C0B27070632803D0002801D0642801D18F
:108AE0001A206073207B401E2073CCD2607BFEBDB9
:108AF0006801002041542B4353510D0A000000002F
:108B00007CD601082563000010B50448F8F788FA00
:108B10000348817F002900D1817110BDE00300204E
:108B2000000000200148407B7047000068010020E1
:108B300070B5094C0221217300F012F8074D04E0D2
:108B40002846FFF7F3FC082803D0217B481E20733A
:108B5000F6D2607B70BD000068010020F0D50108EE
:108B600010B5C8210848EFF7C8F9084808A1827D68
:108B70000548F9F74FF80D4C03486061EFF7FFF92E
:108B8000A061607B10BD0000A81E002088000020AE
:108B900041542B514346473D22696F746F706D6F8E
:108BA0006465222C25642C310D0A00006801002028
:108BB000092070470148407B704700006801002091
:108BC00070B5094C0221217300F012F8074D04E042
:108BD0002846FFF7ABFC082803D0217B481E2073F2
:108BE000F6D2607B70BD000068010020D4D501087A
:108BF00010B5C8210748EFF780F9074A07A10548D3
:108C0000F9F708F80C4C03486061EFF7B8F9A06178
:108C1000607B10BDA81E00204D1D002041542B512B
:108C20004346473D2262616E64222C3078462C25F3
:108C3000732C310D0A00000068010020FEB53D4D87
:108C40006E21686BEFF7B0F907462C213A48EFF731
:108C5000ABF901902E21686BFCF74CFA032801DB7D
:108C6000012400E000243A21686BFCF743FA032852
:108C700001DD012000E000202E4D304E1C3D002F74
:108C80003FD0019900293CD004433AD02C213846EA
:108C9000EFF76BF904460A21EFF767F902902648CF
:108CA000322146300090EFF728F90098EFF767F986
:108CB000214F0299203FC3190A1B1846A11C663098
:108CC000121FEFF701F90198EFF759F904460098E0
:108CD000EFF755F9C019224666300199EFF7F4F81D
:108CE000F2F74EF8014616A0009AF8F783FF3046D7
:108CF000EFF745F9801913A1009AF8F78BFF0820C8
:108D000011E0F2F73DF8014612A0F8F773FF1A4898
:108D10000078012806D10948EFF731F980190EA132
:108D2000F8F778FF09206873134800210170687B09
:108D3000FEBD000084010020AE150020701F002041
:108D40005B25645D446F6D61696E2049503A2573FF
:108D50000D0A00005B25645D446F6D61696E206ED5
:108D6000616D65207265736F6C7574696F6E2066D6
:108D700061696C65640D0A000B00002070B500F09D
:108D800019F80420094C0A4D2073092605E02846ED
:108D9000FFF7CCFB082806D06673217B481E2073A2
:108DA000F5D2607B70BD08206073FAE7680100208F
:108DB00024D7010870B5C8211648EFF79EF8164869
:108DC0002C210646EFF7F0F8124D04001AD013A13B
:108DD0002846EFF79DF815A12846EFF799F82846A1
:108DE000EFF7CDF80C4940192039621A3146203A84
:108DF000EFF76AF80DA12846EFF78AF80CA128468C
:108E0000EFF786F80B4C28466561EFF7B8F8A061DC
:108E1000607B70BDA81E0020AE15002041542B5170
:108E200049444E534749503D312C00002200000078
:108E30000D0A000068010020F8B50D4908260978E0
:108E40000C4C022912D000F019F8032020730A4DAF
:108E5000092705E02846FFF769FB082806D0677355
:108E6000207B411E2173F5D2607BF8BD6673FBE762
:108E7000440000206801002008D7010810B5C8216F
:108E80000B48EFF73AF80BA10948EFF741F80D4905
:108E90000748EFF73DF80CA10548EFF739F80B4C00
:108EA00003486061EFF76BF8A061607B10BD0000C4
:108EB000A81E002041542B5149444E534346473D80
:108EC000312C0000261600200D0A00006801002049
:108ED00070B50B4C0BA161610921A16105212173C2
:108EE00000F018F80A4D04E02846FFF71FFB082899
:108EF00003D0217B481E2073F6D2607B70BD00003A
:108F00006801002041542B514750530D0A000000C6
:108F100060D6010810B5C8210748EEF7EEFF07A19B
:108F20000548EEF7F5FF084C03486061EFF727F8B6
:108F3000A061607B10BD0000A81E002041542B5191
:108F40004750533D310D0A0068010020F0B58BB049
:108F500000200290039004902D4C059006900790FD
:108F6000089009902BA1606BEEF7DEFF27461C3FAF
:108F700000284AD02C21606BEEF7F7FF05462C2124
:108F8000401CEEF7F2FF04462C21401CEEF7EDFFEB
:108F9000064602A8EEF7F3FF02A94018621B691CFF
:108FA000521EEEF791FF06A8EEF7E9FF06A940185A
:108FB000321B611C521EEEF787FF02A8FAF788FFEA
:108FC000174C6165206506A8FAF782FFE165A06588
:108FD000F1F7D6FE0146E26DA06D0090019211A05E
:108FE000636D226DF8F706FE1648EEF7C8FF1549C7
:108FF000E26D4018A16D0091019213A1636D226D85
:10900000F8F708FE787B0BB0F0BD07207873F9E71E
:10901000840100202B514750534C4F430000000067
:10902000A80000205B25645D6C61746974756465DB
:109030003A25662C6C6F6E6769747564653A2566AF
:109040000D0A0000701F00206C61746974756465FE
:109050003A25662C6C6F6E6769747564653A25668F
:1090600000000000F8B507460D4C0EA0606110200E
:10907000A06103202073104D092605E02846FFF764
:1090800055FA082806D06673207B411E2173F5D25D
:10909000607BF8BD3846FFF759FF6073F8E70000C2
:1090A0006801002041542B514750534C4F433D32EF
:1090B0002C300D0A0000000040D7010870B5094CA3
:1090C0000421217300F012F8074D04E02846FFF751
:1090D0002DFA082803D0217B481E2073F6D2607B2E
:1090E00070BD0000680100205CD7010810B5C821E0
:1090F0000748EEF702FF07A10548EEF709FF094C04
:1091000003486061EEF73BFFA061607B10BD00008B
:10911000A81E002041542B51475053454E440D0A80
:1091200000000000680100200148407B70470000FB
:109130006801002070B5094C0221217300F012F87B
:10914000074D04E02846FFF7F1F9082803D0217BFA
:10915000481E2073F6D2607B70BD000068010020BD
:10916000ECD6010810B5C8210748EEF7C6FE07A1E6
:109170000548EEF7CDFE094C03486061EEF7FFFEAF
:10918000A061607B10BD0000A81E002041542B513F
:10919000494143543D310D0A0000000068010020A0
:1091A0000148407B704700006801002070B5094C01
:1091B0000A21217300F012F8074D04E02846FFF75A
:1091C000B5F9082803D0217B481E2073F6D2607BB6
:1091D00070BD0000680100209CD5010810B5C821B1
:1091E0000B48EEF78AFE0B48007B00280DD00AA141
:1091F0000748EEF78DFE0F4C05486061EEF7BFFEA5
:10920000A0610D48FFF792F910BD0CA1F0E7000036
:10921000A81E00208800002041542B514943464796
:109220003D2264617461666F726D6174222C302C12
:10923000310D0A00680100209CD5010841542B51D2
:10924000494346473D2264617461666F726D617483
:10925000222C312C310D0A000148407B7047000060
:109260006801002070B5094C0321217300F012F849
:10927000074D04E02846FFF759F9082803D0217B61
:10928000481E2073F6D2607B70BD0000680100208C
:10929000B4D6010810B5C8210F48EEF72EFE1148CC
:1092A0000EA10446EEF740FE01000F480CD00278F4
:1092B0000EA10948F8F7AEFC134C07486061EEF7C1
:1092C0005EFEA061607B10BD027823460FA10248BC
:1092D000F8F7A0FCF0E70000A81E00204E554C4C0B
:1092E000000000004F1600204400002041542B5184
:1092F00049435347503D312C25642C22222C2222F5
:109300002C22222C310D0A006801002041542B51DF
:1093100049435347503D312C25642C222573222C80
:1093200022222C22222C310D0A0000000148407B11
:10933000704700006801002070B5094C04212173BA
:1093400000F012F8074D04E02846FFF7EFF8082870
:1093500003D0217B481E2073F6D2607B70BD0000D5
:1093600068010020D0D6010810B5C8210748EEF7E3
:10937000C4FD07A10548EEF7CBFD094C0348606129
:10938000EEF7FDFDA061607B10BD0000A81E00206F
:1093900041542B514944454143543D310D0A00008D
:1093A0006801002070B594B050216846EEF7A5FD25
:1093B000124C13A1606BEEF7B7FD26461C3E002849
:1093C00018D03A21606BEEF7D0FD05464F21606B57
:1093D000EEF7EAFD421BA91C6846921FEEF774FDEA
:1093E000F1F7CEFC01466A4608A0F8F703FC707B53
:1093F00014B070BD09207073F2E7000084010020F2
:109400002B514E57494E464F000000005B25645DCE
:109410004E6574776F726B20496E666F726D617402
:10942000696F6E3A25730D0A00000000F8B5074613
:109430000D4C0EA060610C20A061032020730F4D25
:10944000092605E02846FFF771F8082806D066735C
:10945000207B411E2173F5D2607BF8BD3846FFF7B3
:10946000A1FF6073F8E700006801002041542B5110
:109470004E57494E464F0D0A0000000098D601088D
:1094800070B50E4E3068050C84B202F0ABFA0C4A8F
:109490000421D0801181854201D1042C0DD0040417
:1094A0000C43F1F73DFA224631460220F1F70EFA5D
:1094B000F1F702FA0020F9F77BFB70BD0000080805
:1094C0005000002010B505490548F7F75FFD044836
:1094D000F7F76EFD03480121017010BD005C260501
:1094E0000804002020000020F0B57D21D7B009013C
:1094F000FE48EEF702FDFBF71BFEFD4C0646E06959
:109500000F900FA8EFF77EF8054650212FA8EEF731
:10951000F4FC2B46F7A250212FA8EEF7FEFAA06923
:109520000F900FA8EFF76EF80546502143A8EEF70D
:10953000E4FC2B46EFA2502143A8EEF7EEFA3046AA
:10954000EEF79CFF0022F04BEEF7EAFE07460D46D1
:10955000E648EEF714FDE549EE4B46182FA80A90B1
:10956000E16DA06D09910890616D206D06900791E5
:10957000E64843A94078E64C05910297039504908C
:10958000607A1A460090103AE3493046F8F742FBF9
:10959000D648FCF7DFF9204620300778207EE57FAB
:1095A000022801D0042802D1182F00DB1827012837
:1095B00004D10F2F02DB0F27002601E0002682E2F4
:1095C0006D1E00D52035D548AC002018806C0F905A
:1095D0000FA8EFF717F8019050211BA8EEF78DFCAC
:1095E000C4A250211BA8019BEEF797FAC848407A05
:1095F000062843D0CA4961180969C84B0A0C803B48
:109600000B92032807D009B20C91012803D003283C
:1096100001D0092805D1E11809680A1409B210928D
:109620001691022813D0032817D0BD498031042891
:109630001CD005281DD0062820D0072824D0B94AE0
:10964000082830D0092846D00A2848D04BE0B64830
:109650002018006A80B2189045E0B3488030201886
:10966000806E010C80B20D9112903CE06018806D0C
:1096700014E0AE482018006B1A9034E0AB488030FC
:109680002018806F11902EE06018806DA6498031FF
:109690006118896E0A0C89B20D921291011400B200
:1096A000159114901FE09248007D012806D09E4835
:1096B00080302018806E000C0D9014E09B488030A4
:1096C0002018806F9A496118096CA2189268139249
:1096D0001791119007E0A0188068139003E0E0183C
:1096E0000068001410908148EEF749FC7F4C721C12
:1096F000001990A1F8F78EFA8548407A012812D017
:1097000002283CD0032850D0042879D0052871D0F5
:10971000062870D007286FD008286ED009286DD091
:109720000A286CD0CDE10C98EEF794FE0022834B12
:10973000EEF7F6FD029104901698EEF78BFE0022EC
:109740007E4BEEF7EDFD019100901098EEF782FE52
:1097500000227A4BEEF7E4FD039108906348EEF7A0
:109760000EFC04191BA8029906900B980591029013
:1097700073A12046039B089AF8F74CFAA1E10C98D4
:10978000EEF768FE00226D4BEEF7CAFD00900191E6
:109790005648EEF7F4FB04191BA802906FA120466F
:1097A0000B9B189AF8F736FA8BE11698EEF752FEF3
:1097B0000022624BEEF7B4FD019100901098EEF795
:1097C00049FE00225D4BEEF7ABFD0690079147483E
:1097D000EEF7D5FB04190B980D9902901BAB129A6A
:1097E00003A80EC062A12046079B069AF8F712FA5A
:1097F00067E105E033E049E052E0F6E01CE13CE1DE
:109800001498EEF727FE00224C4BEEF789FD0490EA
:1098100003911598EEF71EFE0022484BEEF780FDEF
:10982000029001910C98EEF715FE0022434BEEF7E3
:1098300077FD089000912D48EEF7A1FB03191BA8B6
:109840000399069005910199039100990898019157
:1098500000904EA118460B9AF8F7DCF931E10C980C
:10986000EEF7F8FD0022354BEEF75AFD009001911E
:109870001E48EEF784FB03191BA91A980391029066
:1098800049A118460B9AF8F7C5F91AE11748EEF7FF
:1098900076FB00191BAB49A1119AF8F7BBF910E14F
:1098A0001498EEF7D7FD0022244BEEF739FD049013
:1098B00005911598EEF7CEFD0022204BEEF730FD16
:1098C000029003910C98EEF7C5FD00221B4BEEF7BA
:1098D00027FD009001910548EEF751FB04191BA8E4
:1098E000089005990498079106906DE07023002078
:1098F000A800002025592D256D2D25645425483AB2
:10990000254D3A25535A000000408F408401002025
:10991000680000209E150020D8090208800C080865
:10992000800D080800130808000F080880100808B8
:10993000001208082C222564223A0000000024406E
:109940005B252E31662C252E31662C25642C252E88
:1099500031662C222573225D000000005B25642CFB
:1099600025642C252E31662C222573225D000000F3
:109970005B252E31662C252E31662C25642C256422
:109980002C25642C222573225D0000005B25642CAD
:10999000252E31662C252E31662C252E31662C2263
:1099A0002573225D000000005B25642C252E3166A6
:1099B0002C25642C222573225D0000005B25642C7D
:1099C000222573225D0000000399059102980199F8
:1099D00004900391009802901298009041A12046B3
:1099E0000D9B0B9AF8F716F96BE04648007D0128AD
:1099F00014D00C98EEF72EFD0022434BEEF790FCAE
:109A0000009001914148EEF7BAFA03191BA80290A1
:109A10003FA118460D9AF8F7FDF852E03B48EEF7E3
:109A2000AEFA1BAA13990192009100193CA1179B51
:109A3000119AF8F7EFF844E01698EEF70BFD0022C4
:109A4000314BEEF76DFC019100901098EEF702FD9E
:109A500000222D4BEEF764FC049005912B48EEF7A5
:109A60008EFA04191BA913980391029030A1204685
:109A7000059B049AF8F7CEF823E01098EEF7EAFC7D
:109A80000022304BEEF74CFC029100900C98EEF760
:109A9000E1FC00221C4BEEF743FC019106901B48B1
:109AA000EEF76DFA04191BA8029904900098029031
:109AB0000B980391009024A12046019B069AF8F789
:109AC000A9F8761CF6B2BE4200DA79E523A10F4868
:109AD000EEF71EFA0D48EEF752FA2149088057B00A
:109AE000F0BD00005B25642C25642C25642C252EFC
:109AF00031662C252E31662C252E31662C222573BD
:109B0000225D0000A80000200000244070230020F7
:109B10005B25642C252E31662C222573225D0000E6
:109B20005B25642C25642C25642C222573225D0082
:109B30005B252E31662C252E31662C25642C2225A2
:109B400073225D00000059405B252E31662C256490
:109B50002C252E31662C222573225D007D0000000D
:109B6000BE010020F0B57D2189B00901FB48EEF768
:109B7000C4F9FBF7DDFAEEF781FC0022F84BEEF7B3
:109B8000CFFBF84DF94CEB6DAA6D079306926B6D08
:109B90002A6D04920593F44A6B46527807C3627AA1
:109BA000F3A1EE48F8F736F8607AEC4CFD4FFE4E24
:109BB000012812D0022852D003287DD004287CD05E
:109BC00005287BD006287AD0072879D0082878D0B5
:109BD000092877D00A2876D08FE23868EEF7AEFCF5
:109BE0000746DE480091EEF7CAF900193A46EFA1A0
:109BF000009BF8F70FF8052010210007F1F7B0F8E7
:109C00000746D648EEF7BBF900193A46EBA1F8F73C
:109C100001F8D248EEF7B3F900192A78EAA1F7F76C
:109C2000F9FFCE48EEF7ABF90019EA8EE9A1F7F794
:109C3000F1FFEB480068EEF781FC054600913068C3
:109C4000EEF77CFC06460F46C448EEF798F90099FB
:109C50000191041932463B460095E2A124E238689E
:109C6000EEF76CFC06460F46BC48EEF788F9001983
:109C70003B463246CDA1F7F7CDFF05201021000766
:109C8000F1F76EF80646B548EEF779F90019324655
:109C9000CAA1F7F7BFFFB148EEF771F900192A78AA
:109CA000C9A1F7F7B7FFAD48EEF769F90019EA8ED9
:109CB000C8A1F7F7AFFF07E00CE04CE078E0ABE0BD
:109CC000B1E0F3E022E1F3E1A448EEF758F900191E
:109CD000AA8F9FE0A148EEF752F90019EA8EC8A1B9
:109CE000F7F798FF052010210007F1F739F807462C
:109CF0009A48EEF744F900193A46B0A1F7F78AFFFF
:109D00009648EEF73CF900192A78AFA1F7F782FFE1
:109D10009248EEF734F900192A8FAEA1F7F77AFFCF
:109D2000AF480068EEF70AFC019100903068EEF74A
:109D300005FC06460F468948EEF721F900193B4617
:109D40003246B2A1F7F766FF8448EEF718F900191A
:109D50006A8FB5A1D7E03868EEF7F0FB06460F46EC
:109D60007E48EEF70CF900193B4632468FA1F7F713
:109D700051FF7A48EEF703F90019EA8E8FA1F7F741
:109D800049FF052010210007F0F7EAFF0646734857
:109D9000EEF7F5F8001932468BA1F7F73BFF6F4855
:109DA000EEF7EDF800192A788AA1F7F733FF60E0A3
:109DB0003868EEF7C3FB06460F466848EEF7DFF853
:109DC00000193B46324679A1F7F724FF6348EEF7C6
:109DD000D6F80019EA8E79A1F7F71CFF05201021AB
:109DE0000007F0F7BDFF06465C48EEF7C8F800191B
:109DF000324675A1F7F70EFF5848EEF7C0F8001984
:109E00002A7874A1F7F706FF5448EEF7B8F88949A5
:109E100000190A6888A176E05048EEF7B0F80019FA
:109E200088A1AA686FE04D48EEF7A9F80019EA8EFC
:109E300073A1F7F7EFFE4948EEF7A1F800192A8F52
:109E40005EA1F7F7E7FE4548EEF799F800196A8F2B
:109E50005DA1F7F7DFFE3868EEF770FB05460E46AA
:109E60003E48EEF78CF800192A46334678A1F7F7FA
:109E7000D1FE7B480068EEF761FB05460E46374889
:109E8000EEF77DF800192A46334676A1F7F7C2FEB1
:109E900078480068EEF752FB05460E462F48EEF76D
:109EA0006EF800192A46334673A124E1287D012863
:109EB0002A4813D0EEF763F800192A8F50A1F7F75C
:109EC000A9FE3868EEF73AFB05460E462348EEF742
:109ED00056F800192A4633466BA10CE1EEF74FF80D
:109EE000001947A1AA68F7F795FE1C48EEF747F856
:109EF000001932A1EA68F7F78DFE1848EEF73FF82F
:109F0000001964A12A69F7F785FEF6E00520102103
:109F10000007F0F725FF07461048EEF730F8001964
:109F20003A4637A1F7F776FE0C48EEF728F8001905
:109F300022A12A69F7F76EFE29480068EEF7FEFABB
:109F4000054600913068EEF7F9FA06460F460348D9
:109F5000EEF715F8041900993246A1E070230020AD
:109F600000408F40A80000208401002068000020ED
:109F70006669656C64313D2564266669656C64328A
:109F80003D252E3266266669656C64333D25642660
:109F90006669656C64343D2566266669656C643562
:109FA0003D25660050010020480100206669656C6F
:109FB00064363D252E316626000000006669656C1A
:109FC00064373D25642600006669656C64383D256C
:109FD000642600006669656C64393D2564260000CE
:109FE000440100206669656C6431303D252E316680
:109FF000266669656C6431313D252E3166000000AE
:10A000006669656C64363D25642600006669656C8A
:10A010006431303D252E31662C6669656C643131C2
:10A020003D252E31662600006669656C6431323D3F
:10A0300025640000640100206669656C6431303D70
:10A04000256400006669656C64363D256400000087
:10A050006669656C64393D252E3166260000000076
:10A06000540100206669656C6431303D252E3166EF
:10A0700026000000580100206669656C6431313D9E
:10A08000252E3166000000006669656C64373D2549
:10A090002E3166006669656C64383D2564000000F9
:10A0A00001913B46009518A12046F7F7B3FD24E047
:10A0B0003868EEF743FA074619480091EDF75FFF5D
:10A0C00000193A461749009BF7F7A4FD1448EDF72D
:10A0D00056FF14490019EA8E1031F7F79BFD3068DE
:10A0E000EEF72CFA05460E460D48EDF748FF00192D
:10A0F0002A4633460CA1F7F78DFD0948EDF73FFFDF
:10A100000C49088009B0F0BD6669656C64383D256E
:10A110002E3166266669656C64393D252E316600F0
:10A1200070230020AC9F01086669656C64383D258A
:10A130002E326600BE01002010B51048F7F75AFD18
:10A140000F48007E012806D0022806D0032806D03A
:10A15000042806D008E00BA004E00CA002E00DA04B
:10A1600000E00EA0F7F746FD05481838C078012832
:10A1700002D10CA0F7F73EFD10BD000068090208EF
:10A1800068000020434F41500D0A00005544500D17
:10A190000A0000004D5154540D0A00005443500D64
:10A1A0000A00000064726167696E6F5F3636303195
:10A1B0005F6F74610D0A000010B5204C2069002803
:10A1C00004DAF0F7DDFD01461DA02EE02069400015
:10A1D00004D5F0F7D5FD014621A026E020698000D6
:10A1E00004D5F0F7CDFD014626A01EE02069C00091
:10A1F00004D5F0F7C5FD01462DA016E02069000149
:10A2000004D5F0F7BDFD014631A00EE02069400104
:10A2100004D5F0F7B5FD014634A006E020698001C1
:10A2200005D5F0F7ADFD014637A0F7F7E3FC20694F
:10A230000121C9050843206110BD00004010024003
:10A240005B25645D7265626F6F74206572726F72F8
:10A250003A4C6F772D706F776572210D0A00000000
:10A260005B25645D7265626F6F74206572726F72D8
:10A270003A57696E646F77207761746368646F67BB
:10A28000210D0A005B25645D7265626F6F74206545
:10A2900072726F723A496E646570656E64656E7451
:10A2A000207761746368646F67210D0A0000000005
:10A2B0005B25645D7265626F6F74206572726F7288
:10A2C0003A536F667477617265210D0A00000000D1
:10A2D0005B25645D7265626F6F74206572726F7268
:10A2E0003A504F522F504452210D0A005B25645DB5
:10A2F0007265626F6F74206572726F723A4E52535C
:10A3000054210D0A000000005B25645D7265626FD8
:10A310006F74206572726F723A424F52210D0A00BB
:10A3200030B587B014216846EDF7E7FD1C48C26AD6
:10A3300001210A43C262C06A0C03084000940590E0
:10A340000020052501912D07029069462846F0F767
:10A3500045FC002221462846F0F70BFDFF202D305A
:10A36000F0F784FA012221462846F0F702FDC820C2
:10A37000F0F77CFA0B490CA0F7F73CFC3220F0F721
:10A3800075FA002221462846F0F7F3FCC820F0F7C2
:10A390006DFA012221462846F0F7EBFC07B030BDEC
:10A3A000001002408E15002041542B4E414D452592
:10A3B000730D0A0070B500240546264606E0285DA8
:10A3C0000D2801D00A2800D12E55641C2846EDF72F
:10A3D000D6FDA042F3D8284670BD0000F1B5FF4875
:10A3E000FF4C01782546203586B0012933D0142151
:10A3F0006846EDF782FD0698FFF7DCFF0698EDF75B
:10A40000BEFD024668460699F6F7FBF90698EDF799
:10A41000B6FDC005010E684607782646F14A40366B
:10A42000142F7DD27B007B449B885B009F44780087
:10A43000FD020F03140323032A0339034C035403BF
:10A4400072037800A603B303C00378007800790391
:10A4500088038D039E0300210170DC21E248EDF7A3
:10A460004CFDE2A10698EDF75FFD06460A21EDF7E7
:10A470007CFD821B31460E31DB48103AEDF724FD9E
:10A48000DE4846210646EDF738FDD748EDF777FD63
:10A490000246D5493046EDF717FDDC21D248EDF7ED
:10A4A0002CFDD7A10698EDF73FFD06460A21EDF7F2
:10A4B0005CFD821B31460C31CB480E3AEDF704FDB2
:10A4C000CE488121CA300646EDF717FDC648EDF7A4
:10A4D00056FD0246C4493046EDF7F6FCDC21C24881
:10A4E000EDF70BFDCAA10698EDF71EFD06460A2101
:10A4F000EDF73BFD821B31460B31BB480D3AEDF7C2
:10A50000E3FCC64881210646EDF7F7FCB648EDF7B7
:10A5100036FD0246B4493046EDF7D6FCDC2100E0BA
:10A5200056E3B148EDF7E9FCBDA10698EDF7FCFC58
:10A5300006460A21EDF719FD821B31460931AA486A
:10A540000B3AEDF7C1FCB548C92181300646EDF75D
:10A55000D4FCA548EDF713FD0246A3493046EDF7BC
:10A56000B3FCDC21A048EDF7C8FCB0A10698EDF7DC
:10A57000DBFC06460A21EDF7F8FC821B31460E3162
:10A580009948103AEDF7A0FCAC4881210646EDF75A
:10A59000B4FC9548EDF7F3FC024693493046EDF7DD
:10A5A00093FCDC219048EDF7A8FCA5A10698EDF7F7
:10A5B000BBFC06460A21EDF7D8FC821B31460E3162
:10A5C0008948103AEDF780FC9C488121813006468D
:10A5D000EDF793FC8448EDF7D2FC02468249304601
:10A5E000EDF772FCDC218048EDF787FC98A1069816
:10A5F000EDF79AFC06460A21EDF7B7FC821B3146BF
:10A600000C3179480E3AEDF75FFC7748EDF7E6FC40
:10A610006072DC217448EDF770FC91A10698EDF7AB
:10A6200083FC06460A21EDF7A0FC821B3146093166
:10A630006D480B3AEDF748FC6B48EDF7CFFC206115
:10A64000DC216948EDF759FC88A10698EDF76CFC10
:10A6500006460A21EDF789FC821B31460C3162481F
:10A660000E3AEDF731FC604F3878A072EFF738FA08
:10A67000DC213846EDF741FC80A10698EDF754FC4B
:10A6800006460A21EDF771FC821B31460931384636
:10A690000B3AEDF719FC59482921A1300646EDF790
:10A6A0002CFC3846EDF76BFC024639463046EDF798
:10A6B0000BFCDC213846EDF720FC73A10698EDF782
:10A6C00033FC06460A21EDF750FC821B3146093166
:10A6D00038460B3AEDF7F8FB3846EDF77FFCA082E1
:10A6E000DC213846EDF709FC6AA10698EDF71CFC61
:10A6F00006460A21EDF739FC821B314609313846FE
:10A700000B3AEDF7E1FB3878DC2130382076B87869
:10A71000303828733846EDF7F0FB61A10698EDF765
:10A7200003FC06460A21EDF720FC821B3146083166
:10A7300038460A3AEDF7C8FB3846EDF74FFC20776C
:10A74000DC213846EDF7D9FB58A10698EDF7ECFB74
:10A7500006460A21EDF709FC821B31460A313846CC
:10A760000C3AEDF7B1FB3846EDF738FC2870DC21E8
:10A770003846EDF7C2FB50A10698EDF7D5FB06462B
:10A780000A21EDF7F2FB821B31460D3138460F3AB4
:10A79000EDF79AFB3846EDF721FC6077DC2138466F
:10A7A000EDF7ABFB48A10698EDF7BEFB06460A2184
:10A7B000EDF7DBFB821B31460A3138460C3AEDF7E8
:10A7C00083FB3846EDF70AFCA077DC213846EDF72D
:10A7D00094FB40A10698EDF7A7FB83E0BC010020A5
:10A7E00068000020FFFF0000811D002041542B5312
:10A7F00045525641444452223A220000AE150020F0
:10A8000041542B434C49454E54223A22000000004B
:10A8100041542B554E414D45223A2200F916002055
:10A8200041542B505744223A2200000041542B50EF
:10A830005542544F504943223A2200004318002009
:10A8400041542B535542544F504943223A22000061
:10A8500041542B4346474D4F44223A22000000000A
:10A8600041542B544443223A2200000041542B49C6
:10A870004E544D4F44223A220000000041542B41D7
:10A88000504E223A2200000041542B355654223AB1
:10A890002200000041542B50524F223A2200000067
:10A8A00041542B5452223A220000000041542B4EB6
:10A8B0004F5544223A22000041542B4353515449EE
:10A8C0004D45223A2200000041542B47444E53226A
:10A8D0003A22000041542B544C534D4F44223A220B
:10A8E0000000000006460A21EDF73FFB821B3146BF
:10A8F0000C3138460E3AEDF7E7FA3846EDF76EFBC5
:10A90000002800D0012068732C21B348EDF72DFBFF
:10A910002C21EDF72AFB401CEDF760FBA873DC212E
:10A92000AD48EDF7EAFAADA10698EDF7FDFA054658
:10A930000A21EDF71AFB421B29460A31A6480C3AB8
:10A94000EDF7C2FAA448EDF749FBA7490870DC21EE
:10A95000A148EDF7D2FAA5A10698EDF7E5FA05466C
:10A960000A21EDF702FB421B29460C319A480E3AA8
:10A97000EDF7AAFA9848EDF731FBA0490870DC2101
:10A980009548EDF7BAFA9EA10698EDF7CDFA05467F
:10A990000A21EDF7EAFA421B29460A318E480C3AA1
:10A9A000EDF792FA8C48EDF719FBA086DC218A4876
:10A9B000EDF7A3FA95A10698EDF7B6FA04460A2139
:10A9C000EDF7D3FA021B21460B3183480D3AEDF720
:10A9D0007BFA8148EDF702FB8F490880DC217E4835
:10A9E000EDF78BFA8DA10698EDF79EFA04460A2141
:10A9F000EDF7BBFA021B2146093177480A3AEDF719
:10AA000063FA7548EDF7EAFA87490870F9F7C4FF69
:10AA100086A17148EDF788FA00287AD0F0F7B0F9EE
:10AA2000014683A0F7F7E6F82AE0042971D1014630
:10AA3000407889780004090208436946C9788A4A3F
:10AA4000084301463C39914263D82061BCE00229A9
:10AA50005FD140786072B7E004295AD1014640784E
:10AA600089780004090208436946C978084390427E
:10AA70004FD86083A8E002294BD14078FF2848D105
:10AA8000F7F756F9042944D1014640788978000443
:10AA9000090208436946C9780843904239D8A08220
:10AAA00092E0042935D101464078A0728978E1729C
:10AAB0006946C9782173EFF713F8E07AEFF7E8F801
:10AAC000207BEFF78BF87FE002297FD14178464861
:10AAD0000170012065491AE0062977D140780028E5
:10AAE00001D0012600E00026694648880B79E1275D
:10AAF00040BA49793F01B84201D3904264D120293C
:10AB000062D82E7460862377297059490020087016
:10AB10005AE05BE0032959D1417880782176287387
:10AB200052E0032952D1817842780802104340BA9A
:10AB30000146504A0A39914248D83749088043E0D3
:10AB4000022943D140783849E1E704293ED1014642
:10AB5000407889780004090208436946C978464A62
:10AB60000843411E914231D8A0862DE002292DD103
:10AB70004078411E1D2929D8607725E0052925D177
:10AB8000401CEDF721FA00BA6946000A0979000273
:10AB90000843B06018E0052918D1401CEDF714FAFD
:10ABA00000BA6946000A097900020843F0600BE028
:10ABB00005290BD1401CEDF707FA00BA6946000AD7
:10ABC0000979000208433061F9F7E6FE07B0F0BDED
:10ABD0002AA0F7F70FF8F9E7811D002041542B4D0B
:10ABE000514F53223A2200004300002041542B4988
:10ABF0005054595045223A220000000044000020E1
:10AC000041542B47544443223A22000041542B47DD
:10AC10004E535354223A22004800002041542B47FF
:10AC20005053223A220000004500002041545A00AF
:10AC30005B25645D52657365742074686520646586
:10AC40007669636520616674657220726563656903
:10AC500076696E672074686520646F776E6C696EC4
:10AC60006B2E2E2E0D0A0000C3FFFF0042000020B5
:10AC7000700100204E020000FEFF0000446F776E5E
:10AC800073747265616D20706172616D6574657257
:10AC9000206572726F720A00F0B585B000260196C9
:10ACA00063A002960068039062A00068049064208C
:10ACB000EFF7DCFD03A8EDF762F97D2483B2E40031
:10ACC00003AA80215C480094F0F78CF96420EFF728
:10ACD000CDFD022301AA812157480094F0F7FAF82C
:10ACE00068460079010268464079081880B28008F9
:10ACF0008000EDF7C3FB0022504BEDF7A9FA0F27B8
:10AD0000FF433A46EDF784FB00224D4BEDF792FAF4
:10AD1000EDF728FC4B490546884203DCFF20C005BF
:10AD2000C54200D3484D019664200296EFF79EFD80
:10AD300004A8EDF724F983B204AA80213E480094C8
:10AD4000F0F750F96420EFF791FD022301AA812169
:10AD500039480094F0F7BEF8684600790102684669
:10AD60004079081880B280088000EDF787FB374AE9
:10AD7000374BEDF76DFA3A46EDF74AFB354A364B5D
:10AD8000EDF758FAEDF7EEFB34490446884202D855
:10AD90003348844200DD334C33480078002819D111
:10ADA0002846EDF7CBFB07460E46EFF7E9FF0146D5
:10ADB0003A4633462DA0F6F71DFF2046EDF7BEFBC1
:10ADC00007460E46EFF7DCFF01463A4633462EA013
:10ADD000F6F710FFFF20C005304EC44206D23146C0
:10ADE0002046EDF708F9EDF757FB08E02C4920461F
:10ADF000EDF701F9EDF750FB0F2109030843294F47
:10AE0000314638632846EDF7F6F8EDF745FB16496D
:10AE1000F8620978002909D0234A3146108020467B
:10AE2000EDF7E9F8EDF738FB2049088005B0F0BDF3
:10AE3000F5000000F3000000A004002000405F4087
:10AE4000000018400000C8420000CA42D7A3703D6D
:10AE50000AF76540CDCCCCCCCC6C4740000020C27A
:10AE60000000FA420000FC421F0000205B25645DE8
:10AE700048756D6964697479203D252E32662025F8
:10AE80002572680D0A0000005B25645D74656D2005
:10AE90003D252E326620430D0A00000000002041AF
:10AEA000000020C1A80000205A0000205C00002003
:10AEB0003EB50FA00068029000207D24E4000190C0
:10AEC000012302AA802100940A48F0F78BF802239C
:10AED00001AA812107480094EFF7FCFF684600793A
:10AEE000002803D168464079002800D001203EBDEB
:10AEF000E7000000A0040020F0B585B0002001901C
:10AF000002904AA00068039000F0C8F86420EFF7B0
:10AF1000ADFC7D24E400022303AA88214448009468
:10AF2000F0F760F8062301AA892141480094EFF761
:10AF3000D1FF6846C07901026846007A081880B2DD
:10AF400080088000EDF79AFA00223A4BEDF780F97D
:10AF5000394C00222346EDF7E3F9EDF703FB3749BF
:10AF60000546884203DCFF20C005C54200D300250A
:10AF700068460079010268464079081880B2EDF70A
:10AF80007DFA00222E4BEDF763F900222346EDF700
:10AF9000C7F900222B4BEDF74DF9EDF7E3FA2A49FB
:10AFA0000446884202D82948844200DD284C2948BA
:10AFB0000560446028480078002819D12846EDF73C
:10AFC000BDFA07460E46EFF7DBFE01463A4633462A
:10AFD00022A0F6F70FFE2046EDF7B0FA07460E4620
:10AFE000EFF7CEFE01463A46334623A0F6F702FEBF
:10AFF000264E20463146ECF7FEFFEDF74DFA244C85
:10B000000746206331462846ECF7F5FFEDF744FA92
:10B010001149E0620978002903D01E4908801E49C1
:10B020000F8000F051F805B0F0BD0000E000000016
:10B03000A004002000005940E0FFEF400000C8429B
:10B0400000E0654000804640000020C20000FA4257
:10B0500000000243440100201F0000205B25645DC6
:10B0600048756D6964697479203D252E3266202506
:10B070002572680D0A0000005B25645D74656D2013
:10B080003D252E326620430D0A00000000002041BD
:10B09000A80000205A0000205C0000201CB508A079
:10B0A0000068019001A8ECF76AFF83B27D20C00020
:10B0B000009001AA88210348EFF794FF1CBD00000F
:10B0C00020320000A00400201CB508A000680190F8
:10B0D00001A8ECF754FF83B27D20C000009001AAC4
:10B0E00088210348EFF77EFF1CBD0000240B000001
:10B0F000A00400203EB50FA00068029000207D242F
:10B10000E4000190022302AA882100940A48EFF784
:10B1100069FF022301AA892107480094EFF7DAFEAC
:10B1200068460079002803D168464079002800D09D
:10B1300001203EBDF32D0000A0040020F8B51D49FC
:10B140000020C877EFF7ECFB1B4F00251A4EC837DD
:10B15000AC00A019EFF79CFBE019EFF799FB17483B
:10B160002018EFF795FB1548C8302018EFF790FB33
:10B1700013482018EFF78CFB1148C8302018EFF760
:10B1800087FB10482018EFF783FB0E48C8382018BB
:10B19000EFF77EFB0B48C8302018EFF779FB0A4821
:10B1A0002018EFF775FB6D1CEDB2202DD0D3EFF713
:10B1B00083FBF8BD68000020000C0808900D08080B
:10B1C000200F0808781108080813080810B50E4960
:10B1D00000200E4AC87783009B189B6C002B0BD075
:10B1E000401CC0B22028F6D3002083009C18A36C1A
:10B1F000E46CA34202D3401CC87710BD401CC0B20F
:10B200002028F2D310BD000068000020800C080840
:10B21000F0B5DB4F8FB0FC7F0025202C00D300243D
:10B22000D849A00041188E6C002E60D0797A01298F
:10B2300012D0022940D0032961D004297ED00529EB
:10B240007DD006297CD007297BD008297AD009290E
:10B2500079D00A2978D04AE0CA498039411809686A
:10B26000C94A801800690A14030C09B200B2099394
:10B2700003920C91EDF7EEF80022C44BEDF750F875
:10B28000029104900C98EDF7E5F80022BF4BEDF722
:10B2900047F8009001910398EDF7DCF80022BB4BD2
:10B2A000EDF73EF8029B0593099B024602930B467D
:10B2B000B7A0F6F79FFC17E0C1494118096AB24AE6
:10B2C0008018006989B20A91010C00B20991EDF76A
:10B2D000C1F80022AD4BEDF723F800900191B9A021
:10B2E000099A0A99F6F786FC3046EEF74BFF641C84
:10B2F0006D1CEDB2E4B2202D8FD30FB0F0BDA1498B
:10B30000803941180968A04A82181269AC4B803311
:10B31000C018806E0B140393030C80B209B2120C98
:10B320000B9009920A930846EDF794F80022974B88
:10B33000ECF7F6FF0E900091039806E01BE04DE05D
:10B3400066E06DE0A8E0CFE0F5E0EDF783F80022DD
:10B350008E4BECF7E5FF844609A80DC803920493D1
:10B36000009A02900E980192009062460B46A0A0AF
:10B37000F6F740FCB8E7844941180969824A8032EF
:10B380008018806D0A0C09B205910114099200B26F
:10B390000C91EDF75FF800227C4BECF7C1FF0090B9
:10B3A00003910C98EDF756F80022784BECF7B8FFB4
:10B3B0000A910C900598EDF74DF80022734BECF7CD
:10B3C000AFFF02460A9B009802900C9801930090F0
:10B3D0000B4693A00999F6F70DFC85E76A494118D9
:10B3E00009699E4A8018006B0A0C09B20390099201
:10B3F0000846EDF72FF80022644BECF791FF024668
:10B4000003980B46009096A00999F6F7F3FB6BE7BB
:10B41000924980314018816F9BA0F6F7EBFB63E700
:10B42000594941180A69584980314118896D644B5E
:10B430008033C018806E130C0993030C80B20B90FC
:10B440000A9310B2059008140C9008B2EDF702F8B8
:10B4500000224E4BECF764FF029104900C98ECF73D
:10B46000F9FF0022494BECF75BFF0C900391059824
:10B47000ECF7F0FF0022454BECF752FF0B46029928
:10B48000024605910C9802900193009209A90EC9F9
:10B490008148F6F7AFFB27E739494031097D01299B
:10B4A00016D0394941180969454A80328018806EA2
:10B4B000000C0A9008B2ECF7CDFF0022334BECF7FA
:10B4C0002FFF0B46024675A00A99F6F793FB0BE790
:10B4D000624980314118896F784A8218126C784B22
:10B4E000C018836877A0F0E72649803941180968B9
:10B4F000734A801880680A1409B2019003920846C2
:10B50000ECF7A8FF0022214BECF70AFF00910A900C
:10B510000398ECF79FFF00221C4BECF701FF02465B
:10B520000198009B02900A98019300900B466FA02F
:10B53000F6F760FBD8E6144941180969114A803AC8
:10B54000801800680214080C099008B20590104693
:10B55000ECF780FF00226E4BECF7E2FE02900391C5
:10B560000598ECF777FF0022084BECF7D9FE02466E
:10B57000099800900B4667A0F6F73CFBB4E6000084
:10B5800068000020800C0808800D08080000244096
:10B590006D6F64313A2074656D3A252E32662068ED
:10B5A000756D3A252E3266206164313A2564206437
:10B5B0007331386232305F313A252E3166202000F7
:10B5C000000F08086D6F64323A2064697374616E0D
:10B5D00063653A2564206164313A256420647331DF
:10B5E000386232305F313A252E316620200000006B
:10B5F0006D6F64333A2074656D3A252E326620688B
:10B60000756D3A252E3266206164313A25642061D9
:10B6100064323A2564206164333A256420200000B6
:10B620006D6F64343A6164313A2564206473313853
:10B630006232305F313A252E3166206473313862D0
:10B6400032305F323A252E316620647331386232EF
:10B65000305F333A252E3166202000008010080824
:10B660006D6F64353A6164313A2564206473313812
:10B670006232305F313A252E31662077656967681E
:10B68000743A2564202000006D6F64363A636F754C
:10B690006E743A25642020001C0902086D6F64381E
:10B6A0003A6164633A256420206473313862323031
:10B6B0005F313A252E316620200000000012080874
:10B6C000001308086D6F64383A636F756E74313A11
:10B6D00025642020636F756E74323A2564202063E0
:10B6E0006F756E74333A2564200000006D6F643905
:10B6F0003A2074656D3A252E32662068756D3A25BC
:10B700002E326620636F756E743A25642020000027
:10B71000000059406D6F6431303A647331386232E1
:10B72000305F313A252E3166206164313A2564203C
:10B7300074656D3A252E326620200000F8B5744CF1
:10B74000E07F202801D30020E077714D607A183D1A
:10B75000012805D0032803D0092801D00A280FD1D9
:10B76000A889060468890643EFF7DAF8E07F69499B
:10B770008000411832460220EFF7A8F8EFF79CF856
:10B78000634E607A4036062858D009287CD063483A
:10B7900061490068ECF72FFCECF77EFE87B2E88980
:10B7A00000040743EFF7BCF8E07F5D4980004118D3
:10B7B0003A460220EFF78AF8EFF77EF8607A02281F
:10B7C0000FD0584F032854D0042814D005282BD06C
:10B7D000062833D0072838D0082847D0092853D066
:10B7E0007CE0AD8AEFF79CF8E07F4E498000C839D5
:10B7F00022E02A466DE0484F4B4839460068ECF796
:10B80000FAFBECF749FE0504484839460068ECF7B6
:10B81000F2FBECF741FE80B20543EFF781F8E07FE1
:10B8200081003F48C83070E041480568EFF778F87C
:10B83000E07F3C498000C8314118DAE7B568EFF78E
:10B840006FF8E07F81003B485FE02846298A408A04
:10B850000D040543EFF764F8E07F2A468000C11924
:10B860000220EFF733F8EFF727F8C4E7307D01281F
:10B870000BD02846298A408A0D040543EFF750F87B
:10B88000E07F8000C119B4E739E0B0680090376903
:10B89000F568EFF745F8E07F009A81002548091820
:10B8A0000220EFF713F8EFF707F8EFF739F8E07F2A
:10B8B00020498000C83141182A460220EFF706F8D7
:10B8C000EEF7FAFFEFF72CF8E07F3A4681001A48CE
:10B8D00009180220EEF7FAFFEEF7EEFFEFF720F877
:10B8E000E07F0C498000C83141180220B269EEF7B0
:10B8F000EDFFEEF7E1FFE07F401CE077F8BD356932
:10B90000EFF70EF8E07F81000B48091871E700009F
:10B9100068000020000C08080000204150010020B1
:10B92000900D0808E80F0808540100205801002075
:10B9300064010020781108080813080810B50021D8
:10B940000A4604E0202B01D04354491C521C835C5E
:10B95000002BF7D10022425410BD0000F0B5FFB01B
:10B9600082B0012149026846ECF7C7FA0024254657
:10B97000194F0FE03E193046ECF726FB00BA000ADB
:10B98000F17800020843AA00241D69466D1C885006
:10B99000A4B2ADB21048ECF7F2FAA042EAD80F4CCC
:10B9A0000F4DE07B042140024019EEF773FAE07B73
:10B9B0008022400240196946EEF798FAE07B401C6D
:10B9C000C0B2E073142801D10020E073F8F7E4FF5F
:10B9D0007FB002B0F0BD0000701F00208800002082
:10B9E000005E02081CB5002100910AA06B4601917F
:10B9F00007E002781446303C092C02D85A54491CFE
:10BA0000C9B20278401C002AF3D11846ECF7E6FAD6
:10BA100080B21CBD76312E312E3000000FB410B52F
:10BA200004AA039900F004F810BC08BC04B018473D
:10BA3000F7B5FFB091B00D460646ECF7A0FA0790B7
:10BA400000200990049028786D1C002870D02528CB
:10BA500032D1002208231146042428786D1C37288F
:10BA600040D014DC32283DD008DC00287ED02528C8
:10BA700022D0302836D0312843D133E0332831D09A
:10BA800034282FD035282DD036283AD12AE0642802
:10BA90002FD008DC382825D0392823D0442826D0B8
:10BAA00058282ED145E0682811D06C2817D0752869
:10BAB00021D0782825D13CE0079900297EDD317816
:10BAC000814235D10798401E761C0790BBE7287845
:10BAD000682801D02143C0E719436D1CBDE7012050
:10BAE0000143BAE70A277A431218303AB5E7012032
:10BAF0000143032003E001230320DB0219430A234F
:10BB00000493079B002B59DD03289CD15C48521EEF
:10BB1000824200D90246521C0520000301430292D2
:10BB200000200EAA01910C920D900146029A77E036
:10BB3000A4E00123DB02032019431023E0E734785B
:10BB4000412C17D00DDC22462B3A1300F6F7A5F84E
:10BB50000F506A4B6A6A3E3E3E3E3E3E3E3E3E3E91
:10BB60006A00612C1AD015DC224600E081E0423ADE
:10BB7000042A57D8049A0A2A54DD0523019A1B0384
:10BB80009A430192049AD317EBF70CFFE20F362386
:10BB9000DB4312E02246623A042A43D8049A0A2A76
:10BBA00040DD0523019A1B039A430192049AD3179F
:10BBB000EBF7F8FEE20F5623DB4300E056E00027E8
:10BBC000FF43E3187A41C01851411BE00523019A55
:10BBD0001B039A430192049AD317EBF7E3FEE20F9B
:10BBE0002F23DB43E9E7019A920401D401220D924D
:10BBF000019AD20416D50123019A1B039A435B00D4
:10BC00001A4301920C9A14700C9A521C0C92079AC7
:10BC1000521E0792002A05DD029A521E761C0292DD
:10BC2000002A8CD10199490428D40C9900220A7069
:10BC30000D99002900D040420199C90703D092997B
:10BC40000A6810600CE00199490703D592990A68C7
:10BC5000108005E001990907F1D592990A681070E2
:10BC6000091D09989291401C0990ECE6099800285A
:10BC700001D10020C0437FB014B0F0BD0998FAE7AD
:10BC8000FF010000F8B520A0006800251F4C2E46DB
:10BC900000906D1CEDB26B46022201214820F5F7A1
:10BCA000D3F8012824D08220EEF7E0FD00256D1C9A
:10BCB000EDB26B46022200214820F4F7B9FF0128BB
:10BCC0001CD00120207068460088062540BA00B2CA
:10BCD000ED43ECF7BFFB2A46ECF79AFBECF742FC8E
:10BCE0000B49884202DC0B49884200D92670F8BD16
:10BCF0001420EEF7BBFD042DCBD3F7E71420EEF7AD
:10BD0000B5FD042DD3D3F1E70C2000005400002032
:10BD10000000164300005CC2F0B50446FE4887B040
:10BD20000078002813D005252D0720212846EFF79D
:10BD300017F8012805D040212846EFF711F801280F
:10BD400005D13220EEF792FDF4A0F5F753FF042160
:10BD5000606CECF7D2F8F44D0020E86221464031E7
:10BD6000286300910881F14800224078A0712021C9
:10BD7000EF48EEF7FEFF28464038808AFF30F53066
:10BD8000EEF774FDF9F7D4F9A086EEF7F9FF014656
:10BD9000A28EE8A0F5F72EFF606CECF7F0F8616C6E
:10BDA00066224018EBA1F5F735FF0027EA4E08E0C0
:10BDB000ECF7E5F8616CF25D4018E6A1F5F72AFFB3
:10BDC0007F1CE548ECF7DBF8B842606CF0D8ECF784
:10BDD000D6F8616C66224018DEA1F5F71BFF00273C
:10BDE0003046103001900AE0ECF7C9F8616C401859
:10BDF000F1190A7CD7A1F5F70DFF7F1C0198ECF72C
:10BE0000BEF8B842606CEFD8ECF7B9F8616C4C2220
:10BE10004018D2A1F5F7FEFEFFF7E4FD0646606C80
:10BE2000ECF7ADF8616C32464018CCA1F5F7F2FEA4
:10BE3000606CECF7A4F8616CA28E4018C9A1F5F70C
:10BE4000E9FE606CECF79BF8616CA2794018C3A125
:10BE5000F5F7E0FE606CECF792F8616CB24E4018BA
:10BE6000403E727ABDA1F5F7D5FE707ABF4F183EFD
:10BE7000012812D002287BD003287AD0042879D058
:10BE8000052878D0062877D0072876D0082875D0DE
:10BE9000092874D00A2873D0FEE30120EDF79CFA3C
:10BEA0003946ECF7A8F8ECF7F7FA2062B048ECF75F
:10BEB000D3FFE086F1F7B0FD3078012802D00228E8
:10BEC00003D004E0FEF7E8FE01E0FFF715F8A9480B
:10BED000EFF760FA1420EEF7C9FC606CECF74FF84E
:10BEE000616C4018216A002901DB302200E0462203
:10BEF00098A1F5F78FFE606CECF741F8616C226A4F
:10BF00004018002A00DA52429BA1F5F783FE052073
:10BF100010210007EEF724FF0646606CECF72FF8BF
:10BF2000616C324640188DA1F5F774FE606CECF739
:10BF300026F8616C2278401888A1F5F76BFE606CDA
:10BF4000ECF71DF8616C6278401884A1F5F762FE89
:10BF5000606CECF714F8616CE28E401881A1F5F783
:10BF600059FE606CECF70BF80146606C0818FDE3B5
:10BF70001DE0A2E05CE1F1E173E27AE229E3F6E39D
:10BF8000F6E374A1F5F746FE606CEBF7F8FF616C21
:10BF9000226B4018002A00DA524277A1F5F73AFEE8
:10BFA000606CEBF7ECFF616CE26A401883E0012003
:10BFB000EDF712FA3946ECF71EF8ECF76DFA20624D
:10BFC0006B48ECF749FFE086707801280FD0022813
:10BFD00014D003281AD00020A087606CEBF7CFFFA5
:10BFE000616C4018216A002925DB302224E0F1F73A
:10BFF0005FFBA0875F48EFF7CDF9EEE7F5F7E6FBCB
:10C00000A887EEF711F8EEF74BF8E6E7F5F7D0FB67
:10C01000F1F766FD00F090FE012259495948F0F70A
:10C0200043FD6420EEF722FCF5F766FC00F0A6FE67
:10C03000F5F79AFBD0E7462246A1F5F7EBFD606CD9
:10C04000EBF79DFF616C226A4018002A00DA524229
:10C0500049A1F5F7DFFD052010210007EEF780FE6E
:10C060000646606CEBF78BFF616C324640183BA1D3
:10C07000F5F7D0FD606CEBF782FF616C2278401819
:10C0800036A1F5F7C7FD606CEBF779FF616C62785C
:10C09000401832A1F5F7BEFD606CEBF770FF616CE4
:10C0A000E28E40182FA1F5F7B5FD606CEBF767FF46
:10C0B000616CA28F40182BA117E32D48ECF7CCFE42
:10C0C000E0863148ECF7C8FE20870120ECF7C4FE7B
:10C0D0006087F1F7A1FC3078012802D0022803D054
:10C0E00004E0FEF7D9FD01E0FEF706FF2148EFF777
:10C0F00051F91420EEF7BAFB606CEBF740FF616C6E
:10C10000E28E401817A1F5F785FD052010210007E4
:10C11000EEF726FE064639E01C00002041542B5065
:10C1200057524D320D0A0000A80000208401002063
:10C13000000400505B25645D72656D61696E696E17
:10C14000672062617474657279203D2564206D7684
:10C150000D0A0000256300008E150020252E327880
:10C1600000000000252E347800000000000020416F
:10C1700010000010A0040020252E337800000000DD
:10C18000030000208005002002000004606CEBF733
:10C19000F6FE616C32464018FE49F5F73BFD606CD7
:10C1A000EBF7EDFE616C22784018FA49F5F732FDA5
:10C1B000606CEBF7E4FE616C62784018F549F5F7C6
:10C1C00029FD606CEBF7DBFE616C228F4018F149B2
:10C1D0000831F5F71FFD606CEBF7D1FE616C40187C
:10C1E000216B002901DB302200E04622EAA1F5F7AD
:10C1F00011FD606CEBF7C3FE0146606C226B081802
:10C20000002A00DA5242E3491C31F5F703FD606C65
:10C21000EBF7B5FE616CE26A4018DE490831F5F7CC
:10C22000F9FC606CEBF7ABFE616C628F401842E783
:10C23000DA48ECF711FEE0860120EDF7CDF839463B
:10C24000EBF7D9FEECF728F920620120EDF772F93F
:10C250000220EDF7C1F83946EBF7CDFEECF71CF9FB
:10C2600060620220EDF766F90320EDF7B5F8394674
:10C27000EBF7C1FEECF710F9A0620320EDF75AF9D5
:10C28000606CEBF77CFE616C4018216A002901DBD1
:10C29000302200E04622C0A1F5F7BCFC606CEBF751
:10C2A0006EFE616C226A4018002A00DA5242B949D7
:10C2B0001C31F5F7AFFC606CEBF761FE616CE28E50
:10C2C0004018B4490831F5F7A5FC052010210007F6
:10C2D000EEF746FD0646606CEBF751FE616C3246A8
:10C2E0004018AC49F5F796FC606CEBF748FE616CC2
:10C2F00022784018A749F5F78DFC606CEBF73FFEFC
:10C30000616C62784018A3493CE1302200E046228B
:10C31000A1A1F5F77FFC606CEBF731FE616C626AFE
:10C320004018002A00DA52429A491C31F5F772FC93
:10C33000606CEBF724FE616C4018A16A00297DDB7C
:10C34000302295A1F5F766FC606CEBF718FE616C86
:10C35000A26A4018A8E28F491C31C6E1B0780028D3
:10C3600011D1F5F71FFCF5F7EFFBEDF717FFFF20F5
:10C37000F530EEF77BFAEDF711FFF5F703FCF5F773
:10C38000D3FB0120B0700120EDF726F83946EBF71A
:10C3900032FEECF781F820628048ECF75DFDE08624
:10C3A000F5F700FCF5F7D0FBEDF700FF0646F5F7D3
:10C3B000E9FBF5F7B9FBEEF7E3FC0146324678A05E
:10C3C000F5F718FC606CEBF7DAFD616C4018216A38
:10C3D000002901DB302200E046226FA1F5F71AFCAC
:10C3E000606CEBF7CCFD616C226A4018002A00DA21
:10C3F000524268491C31F5F70DFC606CEBF7BFFD4C
:10C40000616CE28E401863490831F5F703FC0520A2
:10C4100010210007EEF7A4FC0746606CEBF7AFFDB8
:10C42000616C3A4640185B49F5F7F4FB606CEBF73A
:10C43000A6FD616C22784018564900E0C7E0F5F788
:10C44000E9FB606CEBF79BFD616C62784018514929
:10C45000F5F7E0FB606CEBF792FD616C324640183B
:10C4600005E0606CEBF78BFD616CAA68401852A187
:10C470003BE14A48ECF7F0FCE0865148ECF7ECFC75
:10C4800020870120ECF7E8FC60870120ECF7A4FF8F
:10C490003946EBF7B0FDEBF7FFFF20620120EDF727
:10C4A00049F80220ECF798FF3946EBF7A4FDEBF7CB
:10C4B000F3FF60620220EDF73DF80320ECF78CFFFC
:10C4C0003946EBF798FDEBF7E7FFA0620320EDF7A5
:10C4D00031F8052010210007EEF742FC0646606C9B
:10C4E000EBF74DFD616C324640182A49F5F792FB97
:10C4F000606CEBF744FD616C227840182549F5F734
:10C5000089FB606CEBF73BFD616C62784018214958
:10C51000F5F780FB606CEBF732FD0146606CE28E54
:10C5200008181C490831F5F775FB606CEBF727FD1F
:10C53000616C228F401817490831F5F76BFB606C6E
:10C54000EBF71DFD616C628F401812490831F5F759
:10C5500061FB606CEBF713FD616C4018216A0029E8
:10C5600001DB302200E046220BA1F5F753FB606CA3
:10C57000EBF705FD616C226A4018002A00DA52428E
:10C5800004491C31F5F746FB606CEBF7F8FC616C75
:10C59000401817E05CC1010825630000100000107E
:10C5A0005B25645D5765696768742069732025643D
:10C5B00020670D0A00000000252E387800000000DA
:10C5C00002000004616A002900DAA0E69DE6462226
:10C5D000B7E6287D012822D0FC48ECF73DFC2087F7
:10C5E000606CEBF7CCFC616C228F4018F849F5F7D2
:10C5F00011FB0120ECF7F0FE3946EBF7FCFCEBF702
:10C600004BFF20620120ECF795FF606CEBF7B7FC65
:10C61000616C4018216A00291ADB302219E0606C35
:10C62000EBF7ADFC616CAA684018EA49F5F7F2FA3D
:10C63000606CEBF7A4FC616CEA684018E549F5F71B
:10C64000E9FA606CEBF79BFC616C2A6940180EE715
:10C650004622E1A1F5F7DEFA606CEBF790FC616C25
:10C66000226A4018002A00DA5242D9491431F5F7FB
:10C67000D1FA606CEBF783FC616C22784018D449E6
:10C680000839F5F7C7FA606CEBF779FC616C6278F2
:10C690004018CF49083900E029E0F5F7BBFA606C93
:10C6A000EBF76DFC616CA2784018C9490839F5F7C1
:10C6B000B1FA606CEBF763FC616CE2784018C44936
:10C6C0000839F5F7A7FA606CEBF759FC616C227931
:10C6D0004018BF490839F5F79DFA606CEBF74FFC3D
:10C6E000616C62794018BA490839F5F793FA606CC1
:10C6F000EBF745FC616C4018B8498A69B549F5F714
:10C7000089FAB74D00222B46616D206DEBF7A0FD35
:10C71000EBF7F0FE0646606CEBF731FC616C3246DD
:10C720004018AC49F5F776FA00222B46E16DA06D72
:10C73000EBF78EFDEBF7DEFE0546606CEBF71FFCBA
:10C74000616C2A464018A349F5F764FA606CEBF770
:10C7500016FC0146606CE26908189E49F5F75AFA22
:10C760009E4800274038C67F203002E034E002E0D7
:10C770003AE004902FE2F1F74FF93078012802D027
:10C78000022803D004E0FEF787FA01E0FEF7B4FBCD
:10C790009448EEF7FFFD1420EEF768F8052010210D
:10C7A0000007EEF7DDFA0646606CEBF7E8FB616C1C
:10C7B0003246401886490839F5F72CFA606CEBF7D9
:10C7C000DEFB616C2A6940188249F5F723FA606C38
:10C7D000EBF7D5FB616C4018216B002902DB30229E
:10C7E000FFF7CFFB4622FBE7F4F7B2F9F8F7C8FDF5
:10C7F0007D48ECF731FBE0860120ECF7EDFD394692
:10C80000EBF7F9FBEBF748FE20620120ECF792FE14
:10C81000606CEBF7B4FB616C4018216A002901DB06
:10C82000302200E046226CA1F5F7F4F9606CEBF7DA
:10C83000A6FB616C226A4018002A00DA5242644961
:10C840001431F5F7E7F9606CEBF799FB616CE28E58
:10C8500040185F49F5F7DEF9606CEBF790FB616C0F
:10C86000227840185A490839F5F7D4F9606CEBF78B
:10C8700086FB616C6278401855490839F5F7CAF9AA
:10C88000606CEBF77CFB616C4018216B002901DBCD
:10C89000302200E0462250A1F5F7BCF9606CEBF7BE
:10C8A0006EFB616C226B4018002A00DB53E552429C
:10C8B00051E5761E00D520364C48B5002818806C0E
:10C8C000039046484038407A06287DD008287CD01E
:10C8D000092825D04648281801690191606CEBF7BA
:10C8E0004EFB616C401801990A0C3949F5F792F931
:10C8F0003A484038407A032812D0606CEBF73FFB8F
:10C90000616C401801998AB23149F5F783F93348CF
:10C910004038407A012803D0032801D009281AD1D1
:10C9200032488038281800680190606CEBF727FBCC
:10C93000616C431801982649020C1846F5F76AF90C
:10C94000606CEBF71CFB616C43180198204982B2C4
:10C950001846F5F75FF921484038407A02280DD192
:10C9600024482818016A0191606CEBF708FB616CA0
:10C97000401801998AB21649F5F74CF91748403822
:10C98000407A032818D11B4880302818816E019105
:10C99000606CEBF7F4FA616C401801990A0C0C49D1
:10C9A000F5F738F9606CEBF7EAFA616C4018019919
:10C9B0008AB20749F5F72EF908484038407A04282A
:10C9C00033D10B48803017E044E08DE002000004D2
:10C9D00064C10108B8C5010825630000A800002053
:10C9E00080842E41A004002010000010800C080854
:10C9F000800D0808000F08082818806D0190606CF1
:10CA0000EBF7BDFA616C431801988749020C184690
:10CA1000F5F700F9606CEBF7B2FA616C4318019816
:10CA2000814982B21846F5F7F5F88048407A052822
:10CA30000CD17F482818006B0190606CEBF79FFACF
:10CA4000616C019A40187B49F5F7E4F87748407A21
:10CA500006280DD1764880302818806F0190606CD0
:10CA6000EBF78DFA616C019A40187249F5F7D2F82C
:10CA70006E48407A072833D16F482818806D02909D
:10CA80006E482818806E0190606CEBF778FA616C44
:10CA9000431801986449020C1846F5F7BBF8606C1E
:10CAA000EBF76DFA616C431801985F4982B2184642
:10CAB000F5F7B0F8606CEBF762FA616C4318029816
:10CAC0005949020C1846F5F7A5F8606CEBF757FAD0
:10CAD000616C43180298544982B21846F5F79AF8E7
:10CAE0005248407A082821D150484030007D012822
:10CAF00021D052482818816E4F480291803828185A
:10CB000001690191606CEBF73AFA616C4018029987
:10CB10000A0C4549F5F77EF8606CEBF730FA616C6A
:10CB2000401801998AB24049F5F774F83F48407AB5
:10CB3000092827D033E03E4880302818806F0590C0
:10CB40003F482818006C02903E48281880680190E1
:10CB5000606CEBF714FA616C059A40183549F5F7EB
:10CB600059F8606CEBF70BFA616C029A4018314986
:10CB7000F5F750F8606CEBF702FA616C019A401817
:10CB80002C49D1E72F48281880680190606CEBF79A
:10CB9000F6F9616C019A40182649F5F73BF82348ED
:10CBA000407A0A280BD1284828180568606CEBF7F2
:10CBB000E6F9616C2A0C40181B49F5F72BF8606CFC
:10CBC000EBF7DDF9616C039A40181A49F5F722F882
:10CBD0007F1C0498FFB20078B84200D969E6606C07
:10CBE000EBF7CDF90099114D0881287E032801D07B
:10CBF00001280AD1606CEBF7C2F9616C1A220A5461
:10CC0000009800990089401C08810020A871E871F3
:10CC10002872012220210D48EEF7ABF80C48EEF700
:10CC20001BFC07B0F0BD000064C1010868000020D3
:10CC300080100808B8C50108000E0808800F080811
:10CC40000012080800130808000C0808000400502F
:10CC5000EC04002070B50446EEF792F80146A28E6F
:10CC600018A0F4F7C7FFF8F763FAA086F8F782FA7E
:10CC70001C4D687A2C464034062806D1EEF780F821
:10CC8000014619A0A268F4F7B5FF687A082817D101
:10CC9000207D012814D1EEF773F8014617A0A26891
:10CCA000F4F7A8FFEEF76CF8014619A0E268F4F774
:10CCB000A1FFEEF765F801461AA02269F4F79AFF82
:10CCC00070BD00005B25645D72656D61696E696EA3
:10CCD000672062617474657279203D2564206D76E9
:10CCE0000D0A0000680000205B25645D636F756EAF
:10CCF00074206973202564200D0A00005B25645DA3
:10CD0000636F756E7431206973202564200D0A00ED
:10CD10005B25645D636F756E7432206973202564D2
:10CD2000200D0A005B25645D636F756E74332069A6
:10CD300073202564200D0A0000B587B014216846D1
:10CD4000EBF7DBF80C48C26A01210A43C262C06AF1
:10CD500002910840059003204002009002200190BB
:10CD60000320039004200490052069460007EDF796
:10CD700035FF07B000BD00000010024000B587B0CD
:10CD800014216846EBF7B9F80A48C16A0122114339
:10CD9000C162C06A694610400590032040020090BD
:10CDA000032001900020029005200007EDF716FFF8
:10CDB00007B000BD00100240F0B5854C87B0607D23
:10CDC00001287DD100256575E07B012600280BD167
:10CDD000E67380498048F4F772F880497E48F4F79A
:10CDE000D5F87D48F4F7E4F8207A0122401C20723F
:10CDF00091037B48EDF7BDFFF4F74FF8794F0090B2
:10CE000025E00098F4F74FF87D21C900884206D349
:10CE10000098F4F748F8B84201D2267417E0009859
:10CE2000F4F741F8B84212D31120ECF78DFF2572C8
:10CE30000027012189036A48EDF797FF6420EDF789
:10CE400015FD7F1C0A2FF4DB0320207406E005206B
:10CE500080210007EDF784FF0028D2D001210022B5
:10CE600089035F48EDF785FF207A052802D12572F6
:10CE700002202074207C5C4F012806D0022851D06B
:10CE800003284DD12574F4F737FF25741421684623
:10CE9000EBF733F85548C16A3143C162C06A69464D
:10CEA000C007C00F059001200003009005200196E7
:10CEB00002950007EDF792FE00220121090300E030
:10CEC0002EE005200007EDF754FFC820EDF7CEFC5B
:10CED0000122052011030007EDF74BFF3E484449AE
:10CEE0002838F4F753F83C482838F4F761F82577E8
:10CEF000A07F002814D13F48C078042810D13648BC
:10CF00003C38F4F78DF87D203969C0004143324840
:10CF10003C38F4F73BF830483C38F4F749F866728F
:10CF200007B0F0BDBD72FD723D730020ECF7D8FD77
:10CF30000020ECF7ADFE0020ECF750FEA677A8200D
:10CF4000ECF702FF24482838F4F76AF822483C3806
:10CF5000F4F766F820485030F4F762F81E48643061
:10CF6000F4F75EF81C482830F4F75AF81A483C30B9
:10CF7000F4F756F85120A0711548801DF0F76EFEA9
:10CF8000FF20F530EDF772FC13481B491438F3F716
:10CF900096FF114811491438F3F7F8FF01225103A5
:10CFA0000F48EDF7E6FE0C481438F4F701F8657702
:10CFB00026773220EDF75AFC10A0F4F71BFE642010
:10CFC000EDF754FC10A0F4F715FE2574A8E7000057
:10CFD000000000201D060108CC030020881300007B
:10CFE00000040050B80B0000680000200010024050
:10CFF00060EA0000840100203906010841542B50EA
:10D0000057524D320D0A0000534C4545500D0A0051
:10D01000F0B5054685B016A00024006803AE0127D0
:10D0200003901DE0012D02D0022D03D005E0632CFA
:10D030001AD802E00F48844216D87D20C000012390
:10D0400002901A46C521019700960B48EEF752F858
:10D050006846007BC107C90F6846641C0173A4B20F
:10D060006846007B0028DDD1204605B0F0BD0000F9
:10D0700001000000E7030000A0040020A4FD010857
:10D08000ACFD0108B8FD0108DCFD0108F0FD010858
:10D09000CCFD01081F1C1F1E1F1E1F1F1E1F1E1F51
:10D0A0001F1D1F1E1F1E1F1F1E1F1E1FD002020836
:10D0B0000600000069320108113701081137010824
:10D0C000A4060208600402080100000011370108EC
:10D0D0001137010801370108300402080C02020868
:10D0E00007000000A5300108E130010811370108F0
:10D0F000C8060208C0020208050000006D290108E8
:10D10000A529010811370108AC0102083C020208F8
:10D1100006000000D5340108113501081137010857
:10D120006405020818000208050000001137010814
:10D1300011370108B12B01088C0702082C030208E3
:10D14000040000001137010811370108492C0108BB
:10D15000A808020894020208040000001137010820
:10D160001137010849270108DC07020820030208DB
:10D17000090000006D370108E53701081137010883
:10D180007C080208E0030208070000007927010874
:10D19000B127010811370108D40102085002020822
:10D1A00006000000513A0108893A010811370108C8
:10D1B000C0050208480202080400000059340108B2
:10D1C0008D3401081137010838050208940102085E
:10D1D00009000000D5330108113401081137010896
:10D1E000B4040208A001020809000000DD380108AB
:10D1F0001939010811370108E40402088401020802
:10D20000040000006139010899390108113701084B
:10D21000440702082402020807000000CD2E01087E
:10D22000192F01081137010888FF0108FC020208C4
:10D2300004000000A9260108DD26010811370108B5
:10D24000DC02020820040208040000005526010840
:10D250008D2601081137010810070208040302088F
:10D2600004000000093301084533010811370108A3
:10D2700044FF0108C8020208050000001537010834
:10D280005137010811370108140602082804020862
:10D2900004000000F12A0108392B010811370108A8
:10D2A000400602080C0302080400000011370108C0
:10D2B0002F270108252701088C040208780102089D
:10D2C0000600000055300108113701081137010828
:10D2D00064040208800202080F00000011370108F0
:10D2E0007D2D010811370108DC0802089C020208A4
:10D2F00007000000ED290108252A0108113701085F
:10D30000EC0602085C020208080000000D29010872
:10D3100049290108113701080CFF010834030208EC
:10D3200005000000ED2C0108292D01081137010826
:10D330009CFE01081802020807000000C539010818
:10D34000013A010811370108BCFE01081403020864
:10D3500006000000613801089D38010811370108F6
:10D36000E4FE01083C03020805000000AD3201089C
:10D37000E132010811370108F803020868020208C7
:10D3800007000000F92F01082D30010811370108AE
:10D39000FC0002081000020807000000D13A010852
:10D3A000093B010811370108ECFF0108440002089D
:10D3B00007000000513B0108893B010811370108B3
:10D3C000200002087000020807000000D13B01089D
:10D3D000093C0108113701084C0002089C000208B2
:10D3E00007000000513C0108893C01081137010881
:10D3F00078000208C800020807000000D13C0108BC
:10D40000093D010811370108A4000208F4000208D0
:10D4100007000000513D0108893D0108113701084E
:10D42000D00002084401020807000000D13D0108B5
:10D43000093E0108113701082001020870010208A5
:10D4400007000000513E0108893E0108113701081C
:10D450004C010208580402080400000011370108BA
:10D46000113701084136010890050208EC03020853
:10D4700006000000AD2D0108E12D0108113701085B
:10D480006C0302086403020804000000112E010866
:10D49000412E010811370108440302088C010208DB
:10D4A00005000000652E0108A12E010811370108B2
:10D4B00064060208B40202080700000011370108E0
:10D4C000592D01084D2D0108FC070208A802020889
:10D4D0000B000000F92701084D2801081137010849
:10D4E000EC0502080002020808000000B53501083A
:10D4F000ED35010811370108140502083002020851
:10D5000009000000992F0108D52F010811370108E3
:10D510009803020874020208090000006D2A01083D
:10D52000A92A01081137010820080208080B02087F
:10D5300000000000000000002C010000F58401083C
:10D54000B18B0108B18B0108080B02080C0B020813
:10D55000010000002C010000C1850108B18B010809
:10D56000B18B0108080B02080C0B02080300000035
:10D570002C010000B18B0108B18B010881890108E1
:10D58000080B02080C0B0208020000002C0100002E
:10D59000B18B0108B18B0108F9890108080B020859
:10D5A0000C0B020804000000F4010000AD9101081A
:10D5B000DD910108A1910108080B02080C0B02087B
:10D5C000050000002C01000035890108B18B01081D
:10D5D000CD880108080B02080C0B020806000000A9
:10D5E000F4010000C18B0108F18B0108B58B010823
:10D5F000080B02080C0B020807000000F4010000F1
:10D60000318B0108618B0108258B0108080B02088A
:10D610000C0B0208080000002C010000E98701083B
:10D62000B18B01082D870108080B02080C0B0208BA
:10D63000090000002C010000D5860108B18B01080B
:10D64000F9850108080B02080C0B02080A0000000B
:10D650002C0100004D8801087D88010841880108DF
:10D66000080B02080C0B02080B0000002C01000044
:10D67000D18E0108158F0108B18B0108080B020833
:10D680000C0B02080C0000002C010000B18B0108FB
:10D69000B18B0108718A0108080B02080C0B020803
:10D6A0000D0000002C0100002D940108B18B010831
:10D6B000A5930108080B02080C0B02080E000000DD
:10D6C000F401000065920108959201085992010841
:10D6D000080B02080C0B02080F000000F401000008
:10D6E00039930108699301082D930108080B02087A
:10D6F0000C0B020810000000F40100003591010835
:10D700006591010829910108080B02080C0B020819
:10D71000110000002C010000398E01087D8E0108E7
:10D72000B18B0108080B02080C0B02081200000064
:10D73000D00700007D8D0108B58D01083D8C0108E2
:10D74000080B02080C0B020813000000E80300009D
:10D7500065900108B18B01084D8F0108080B020884
:10D760000C0B020814000000F4010000BD90010839
:10D77000ED900108B18B0108080B02080C0B0208A0
:10D7800015000000F4010000D162010811630108D6
:10D79000C5620108080B02080C0B02081600000005
:10D7A000F4010000E163010821640108D563010868
:10D7B000080B02080C0B020817000000F40100001F
:10D7C00059630108996301084D630108080B0208B9
:10D7D0000C0B020818000000F4010000E9640108C5
:10D7E00015650108DD640108080B02080C0B02082E
:10D7F00019000000F401000089650108B565010801
:10D800007D650108080B02080C0B02081A000000D5
:10D81000F401000029660108556601081D6601082B
:10D82000080B02080C0B02081B000000F4010000AA
:10D83000C9660108F5660108BD660108080B020803
:10D840000C0B02081C000000F401000069670108CD
:10D85000956701085D670108080B02080C0B0208B8
:10D860001D000000F4010000096801083568010886
:10D87000FD670108080B02080C0B02081E000000DF
:10D88000F4010000A9680108D56801089D68010835
:10D89000080B02080C0B02081F000000F401000036
:10D8A00049690108756901083D690108040B02080E
:10D8B0000C0B020820000000F4010000E56A0108DA
:10D8C000156B0108B18B0108080B02080C0B02084C
:10D8D00021000000E8030000756B0108A56B01083A
:10D8E000B18B0108080B02080C0B02082200000093
:10D8F000F4010000C56A0108B18B0108DD69010867
:10D90000080B02080C0B020823000000F4010000C1
:10D91000516201089162010845620108000000009F
:10D92000000000002400000000000000FD6B010862
:10D93000B18B0108B18B0108F40A02080C0B020834
:10D9400025000000DC050000697F0108957F0108C3
:10D95000B18B0108040B02080C0B02082600000022
:10D96000E8030000D1820108FD820108B18B0108A3
:10D97000080B02080C0B020827000000E803000057
:10D980000D7F01083D7F0108B18B0108080B0208DB
:10D990000C0B020828000000E8030000E1830108E6
:10D9A0000D840108B18B0108080B02080C0B02085A
:10D9B00029000000E8030000E5800108118101084A
:10D9C000B18B0108080B02080C0B02082A000000AA
:10D9D000F4010000B1820108B18B010881810108C6
:10D9E000080B02080C0B02082B000000F4010000D9
:10D9F000A17E0108017F0108B18B01080000000031
:10DA0000000000002C000000000000008D840108D0
:10DA1000B18B0108B18B0108080B02080C0B02083E
:10DA20002D0000002C010000A1780108CD7801082C
:10DA3000B18B0108080B02080C0B02082E00000035
:10DA40002C0100002578010851780108B18B0108EC
:10DA5000080B02080C0B02082F0000002C0100002C
:10DA600099600108C5600108B18B0108080B020824
:10DA70000C0B0208300000002C0100002561010899
:10DA800051610108B18B0108080B02080C0B020858
:10DA9000310000002C010000B5610108E1610108BE
:10DAA000B18B0108080B02080C0B020832000000C1
:10DAB000C8000000B18B0108C16C0108B18B0108DE
:10DAC000080B02080C0B020833000000B004000031
:10DAD000556F0108816F0108B18B0108080B02081E
:10DAE0000C0B020834000000F4010000296D01084D
:10DAF000556D0108B18B0108080B02080C0B0208D8
:10DB000035000000F401000079750108A9750108CD
:10DB1000B18B0108040B02080C0B02083600000050
:10DB2000F4010000F173010821740108B18B0108B0
:10DB3000040B02080C0B020837000000F40100007F
:10DB40004570010875700108B18B0108040B0208CB
:10DB50000C0B020838000000F401000059710108A4
:10DB600089710108B18B0108040B02080C0B020833
:10DB700039000000F40100003572010865720108E7
:10DB8000B18B0108040B02080C0B02083A000000DC
:10DB9000F40100001573010845730108B18B0108F9
:10DBA000080B02080C0B02083B000000E803000011
:10DBB000CD740108FD740108B18B0108080B02083F
:10DBC0000C0B02083C000000F4010000056E010887
:10DBD000116E0108B18B0108080B02080C0B02083A
:10DBE0003D000000F4010000E96E0108496F0108E2
:10DBF000B18B0108080B02080C0B02083E00000064
:10DC0000F4010000556C0108B56C0108B18B0108E6
:10DC100000000000000000003F00000000000000C5
:10DC2000B9760108B18B0108B18B0108F40A02082A
:10DC30000C0B020840000000DC050000097A010816
:10DC4000357A0108B18B0108040B02080C0B02089D
:10DC500041000000E8030000D57C0108157D0108A3
:10DC6000B18B0108080B02080C0B020842000000EF
:10DC7000E8030000AD790108DD790108B18B0108E6
:10DC8000080B02080C0B020843000000E803000028
:10DC9000917D0108BD7D0108B18B0108080B0208C8
:10DCA0000C0B020844000000E8030000017B01089F
:10DCB0002D7B0108B18B0108080B02080C0B020830
:10DCC00045000000F4010000B57C0108B18B01089B
:10DCD000817B0108080B02080C0B020846000000BB
:10DCE000A00F000041790108A1790108B18B01085A
:10DCF00000000000000000004700000000000000DD
:10DD0000397E0108B18B0108B18B0108080B0208AC
:10DD100000000000000000002C010000F584010854
:10DD2000B18B0108B18B0108080B02080C0B02082B
:10DD3000010000002C010000C1850108B18B010821
:10DD4000B18B0108080B02080C0B0208030000004D
:10DD50002C010000B18B0108B18B010881890108F9
:10DD6000080B02080C0B0208020000002C01000046
:10DD7000B18B0108B18B0108F9890108080B020871
:10DD80000C0B020804000000F4010000AD91010832
:10DD9000DD910108A1910108080B02080C0B020893
:10DDA000050000002C01000035890108B18B010835
:10DDB000CD880108080B02080C0B020806000000C1
:10DDC000F4010000C18B0108F18B0108B58B01083B
:10DDD000080B02080C0B020807000000F401000009
:10DDE000318B0108618B0108258B0108080B0208A3
:10DDF0000C0B0208080000002C010000E987010854
:10DE0000B18B01082D870108080B02080C0B0208D2
:10DE1000090000002C010000D5860108B18B010823
:10DE2000F9850108080B02080C0B02080A00000023
:10DE30002C0100004D8801087D88010841880108F7
:10DE4000080B02080C0B02080B0000002C0100005C
:10DE5000D18E0108158F0108B18B0108080B02084B
:10DE60000C0B02080C0000002C010000B18B010813
:10DE7000B18B0108718A0108080B02080C0B02081B
:10DE80000D0000002C0100002D940108B18B010849
:10DE9000A5930108080B02080C0B02080E000000F5
:10DEA000F401000065920108959201085992010859
:10DEB000080B02080C0B02080F000000F401000020
:10DEC00039930108699301082D930108080B020892
:10DED0000C0B020810000000F4010000359101084D
:10DEE0006591010829910108080B02080C0B020832
:10DEF000110000002C010000398E01087D8E010800
:10DF0000B18B0108080B02080C0B0208120000007C
:10DF1000D00700007D8D0108B58D01083D8C0108FA
:10DF2000080B02080C0B020813000000E8030000B5
:10DF300065900108B18B01084D8F0108080B02089C
:10DF40000C0B020814000000F4010000BD90010851
:10DF5000ED900108B18B0108080B02080C0B0208B8
:10DF600015000000F4010000D162010811630108EE
:10DF7000C5620108080B02080C0B0208160000001D
:10DF8000F4010000E163010821640108D563010880
:10DF9000080B02080C0B020817000000F401000037
:10DFA00059630108996301084D630108080B0208D1
:10DFB0000C0B020818000000F4010000E9640108DD
:10DFC00015650108DD640108080B02080C0B020846
:10DFD00019000000F401000089650108B565010819
:10DFE0007D650108080B02080C0B02081A000000EE
:10DFF000F401000029660108556601081D66010844
:10E00000080B02080C0B02081B000000F4010000C2
:10E01000C9660108F5660108BD660108080B02081B
:10E020000C0B02081C000000F401000069670108E5
:10E03000956701085D670108080B02080C0B0208D0
:10E040001D000000F401000009680108356801089E
:10E05000FD670108080B02080C0B02081E000000F7
:10E06000F4010000A9680108D56801089D6801084D
:10E07000080B02080C0B02081F000000F40100004E
:10E0800049690108756901083D690108040B020826
:10E090000C0B020820000000F4010000E56A0108F2
:10E0A000156B0108B18B0108080B02080C0B020864
:10E0B00021000000E8030000756B0108A56B010852
:10E0C000B18B0108080B02080C0B020822000000AB
:10E0D000F4010000C56A0108B18B0108DD6901087F
:10E0E000080B02080C0B020823000000F4010000DA
:10E0F00051620108916201084562010800000000B8
:10E10000000000002400000000000000FD6B01087A
:10E11000B18B0108B18B0108F40A02080C0B02084C
:10E1200025000000DC050000697F0108957F0108DB
:10E13000B18B0108040B02080C0B0208260000003A
:10E14000E8030000D1820108FD820108B18B0108BB
:10E15000080B02080C0B020827000000E80300006F
:10E160000D7F01083D7F0108B18B0108080B0208F3
:10E170000C0B020828000000E8030000E1830108FE
:10E180000D840108B18B0108080B02080C0B020872
:10E1900029000000E8030000E58001081181010862
:10E1A000B18B0108080B02080C0B02082A000000C2
:10E1B000F4010000B1820108B18B010881810108DE
:10E1C000080B02080C0B02082B000000F4010000F1
:10E1D000A17E0108017F0108B18B01080000000049
:10E1E000000000002C000000000000008D840108E9
:10E1F000B18B0108B18B0108080B02080C0B020857
:10E200002D0000002C010000A1780108CD78010844
:10E21000B18B0108080B02080C0B02082E0000004D
:10E220002C0100002578010851780108B18B010804
:10E23000080B02080C0B02082F0000002C01000044
:10E2400099600108C5600108B18B0108080B02083C
:10E250000C0B0208300000002C01000025610108B1
:10E2600051610108B18B0108080B02080C0B020870
:10E27000310000002C010000B5610108E1610108D6
:10E28000B18B0108080B02080C0B020832000000D9
:10E29000C8000000B18B0108C16C0108B18B0108F6
:10E2A000080B02080C0B020833000000B004000049
:10E2B000556F0108816F0108B18B0108080B020836
:10E2C0000C0B020834000000F4010000296D010865
:10E2D000556D0108B18B0108080B02080C0B0208F0
:10E2E00035000000F401000079750108A9750108E6
:10E2F000B18B0108040B02080C0B02083600000069
:10E30000F4010000F173010821740108B18B0108C8
:10E31000040B02080C0B020837000000F401000097
:10E320004570010875700108B18B0108040B0208E3
:10E330000C0B020838000000F401000059710108BC
:10E3400089710108B18B0108040B02080C0B02084B
:10E3500039000000F40100003572010865720108FF
:10E36000B18B0108040B02080C0B02083A000000F4
:10E37000F40100001573010845730108B18B010811
:10E38000080B02080C0B02083B000000E803000029
:10E39000CD740108FD740108B18B0108080B020857
:10E3A0000C0B02083C000000F4010000056E01089F
:10E3B000116E0108B18B0108080B02080C0B020852
:10E3C0003D000000F4010000E96E0108496F0108FA
:10E3D000B18B0108080B02080C0B02083E0000007C
:10E3E000F4010000556C0108B56C0108B18B0108FF
:10E3F00000000000000000003F00000000000000DE
:10E40000B9760108B18B0108B18B0108F40A020842
:10E410000C0B020840000000DC050000097A01082E
:10E42000357A0108B18B0108040B02080C0B0208B5
:10E4300041000000E8030000D57C0108157D0108BB
:10E44000B18B0108080B02080C0B02084200000007
:10E45000E8030000AD790108DD790108B18B0108FE
:10E46000080B02080C0B020843000000E803000040
:10E47000917D0108BD7D0108B18B0108080B0208E0
:10E480000C0B020844000000E8030000017B0108B7
:10E490002D7B0108B18B0108080B02080C0B020848
:10E4A00045000000F4010000B57C0108B18B0108B3
:10E4B000817B0108080B02080C0B020846000000D3
:10E4C000A00F000041790108A1790108B18B010872
:10E4D00000000000000000004700000000000000F5
:10E4E000397E0108B18B0108B18B0108080B0208C5
:10E4F00000000000000000002C010000F58401086D
:10E50000B18B0108B18B0108080B02080C0B020843
:10E51000010000002C010000C1850108B18B010839
:10E52000B18B0108080B02080C0B02080300000065
:10E530002C010000B18B0108B18B01088189010811
:10E54000080B02080C0B0208020000002C0100005E
:10E55000B18B0108B18B0108F9890108080B020889
:10E560000C0B020804000000F4010000AD9101084A
:10E57000DD910108A1910108080B02080C0B0208AB
:10E58000050000002C01000035890108B18B01084D
:10E59000CD880108080B02080C0B020806000000D9
:10E5A000F4010000C18B0108F18B0108B58B010853
:10E5B000080B02080C0B020807000000F401000021
:10E5C000318B0108618B0108258B0108080B0208BB
:10E5D0000C0B0208080000002C010000E98701086C
:10E5E000B18B01082D870108080B02080C0B0208EB
:10E5F000090000002C010000D5860108B18B01083C
:10E60000F9850108080B02080C0B02080A0000003B
:10E610002C0100004D8801087D880108418801080F
:10E62000080B02080C0B02080B0000002C01000074
:10E63000D18E0108158F0108B18B0108080B020863
:10E640000C0B02080C0000002C010000B18B01082B
:10E65000B18B0108718A0108080B02080C0B020833
:10E660000D0000002C0100002D940108B18B010861
:10E67000A5930108080B02080C0B02080E0000000D
:10E68000F401000065920108959201085992010871
:10E69000080B02080C0B02080F000000F401000038
:10E6A00039930108699301082D930108080B0208AA
:10E6B0000C0B020810000000F40100003591010865
:10E6C0006591010829910108080B02080C0B02084A
:10E6D000110000002C010000398E01087D8E010818
:10E6E000B18B0108080B02080C0B02081200000095
:10E6F000D00700007D8D0108B58D01083D8C010813
:10E70000080B02080C0B020813000000E8030000CD
:10E7100065900108B18B01084D8F0108080B0208B4
:10E720000C0B020814000000F4010000BD90010869
:10E73000ED900108B18B0108080B02080C0B0208D0
:10E7400015000000F4010000D16201081163010806
:10E75000C5620108080B02080C0B02081600000035
:10E76000F4010000E163010821640108D563010898
:10E77000080B02080C0B020817000000F40100004F
:10E7800059630108996301084D630108080B0208E9
:10E790000C0B020818000000F4010000E9640108F5
:10E7A00015650108DD640108080B02080C0B02085E
:10E7B00019000000F401000089650108B565010831
:10E7C0007D650108080B02080C0B02081A00000006
:10E7D000F401000029660108556601081D6601085C
:10E7E000080B02080C0B02081B000000F4010000DB
:10E7F000C9660108F5660108BD660108080B020834
:10E800000C0B02081C000000F401000069670108FD
:10E81000956701085D670108080B02080C0B0208E8
:10E820001D000000F40100000968010835680108B6
:10E83000FD670108080B02080C0B02081E0000000F
:10E84000F4010000A9680108D56801089D68010865
:10E85000080B02080C0B02081F000000F401000066
:10E8600049690108756901083D690108040B02083E
:10E870000C0B020820000000F4010000E56A01080A
:10E88000156B0108B18B0108080B02080C0B02087C
:10E8900021000000E8030000756B0108A56B01086A
:10E8A000B18B0108080B02080C0B020822000000C3
:10E8B000F4010000C56A0108B18B0108DD69010897
:10E8C000080B02080C0B020823000000F4010000F2
:10E8D00051620108916201084562010800000000D0
:10E8E000000000002400000000000000FD6B010893
:10E8F000B18B0108B18B0108F40A02080C0B020865
:10E9000025000000DC050000697F0108957F0108F3
:10E91000B18B0108040B02080C0B02082600000052
:10E92000E8030000D1820108FD820108B18B0108D3
:10E93000080B02080C0B020827000000E803000087
:10E940000D7F01083D7F0108B18B0108080B02080B
:10E950000C0B020828000000E8030000E183010816
:10E960000D840108B18B0108080B02080C0B02088A
:10E9700029000000E8030000E5800108118101087A
:10E98000B18B0108080B02080C0B02082A000000DA
:10E99000F4010000B1820108B18B010881810108F6
:10E9A000080B02080C0B02082B000000F401000009
:10E9B000A17E0108017F0108B18B01080000000061
:10E9C000000000002C000000000000008D84010801
:10E9D000B18B0108B18B0108080B02080C0B02086F
:10E9E0002D0000002C010000A1780108CD7801085D
:10E9F000B18B0108080B02080C0B02082E00000066
:10EA00002C0100002578010851780108B18B01081C
:10EA1000080B02080C0B02082F0000002C0100005C
:10EA200099600108C5600108B18B0108080B020854
:10EA30000C0B0208300000002C01000025610108C9
:10EA400051610108B18B0108080B02080C0B020888
:10EA5000310000002C010000B5610108E1610108EE
:10EA6000B18B0108080B02080C0B020832000000F1
:10EA7000C8000000B18B0108C16C0108B18B01080E
:10EA8000080B02080C0B020833000000B004000061
:10EA9000556F0108816F0108B18B0108080B02084E
:10EAA0000C0B020834000000F4010000296D01087D
:10EAB000556D0108B18B0108080B02080C0B020808
:10EAC00035000000F401000079750108A9750108FE
:10EAD000B18B0108040B02080C0B02083600000081
:10EAE000F4010000F173010821740108B18B0108E1
:10EAF000040B02080C0B020837000000F4010000B0
:10EB00004570010875700108B18B0108040B0208FB
:10EB10000C0B020838000000F401000059710108D4
:10EB200089710108B18B0108040B02080C0B020863
:10EB300039000000F4010000357201086572010817
:10EB4000B18B0108040B02080C0B02083A0000000C
:10EB5000F40100001573010845730108B18B010829
:10EB6000080B02080C0B02083B000000E803000041
:10EB7000CD740108FD740108B18B0108080B02086F
:10EB80000C0B02083C000000F4010000056E0108B7
:10EB9000116E0108B18B0108080B02080C0B02086A
:10EBA0003D000000F4010000E96E0108496F010812
:10EBB000B18B0108080B02080C0B02083E00000094
:10EBC000F4010000556C0108B56C0108B18B010817
:10EBD00000000000000000003F00000000000000F6
:10EBE000B9760108B18B0108B18B0108F40A02085B
:10EBF0000C0B020840000000DC050000097A010847
:10EC0000357A0108B18B0108040B02080C0B0208CD
:10EC100041000000E8030000D57C0108157D0108D3
:10EC2000B18B0108080B02080C0B0208420000001F
:10EC3000E8030000AD790108DD790108B18B010816
:10EC4000080B02080C0B020843000000E803000058
:10EC5000917D0108BD7D0108B18B0108080B0208F8
:10EC60000C0B020844000000E8030000017B0108CF
:10EC70002D7B0108B18B0108080B02080C0B020860
:10EC800045000000F4010000B57C0108B18B0108CB
:10EC9000817B0108080B02080C0B020846000000EB
:10ECA000A00F000041790108A1790108B18B01088A
:10ECB000000000000000000047000000000000000D
:10ECC000397E0108B18B0108B18B0108080B0208DD
:10ECD00000000000000000002C010000F584010885
:10ECE000B18B0108B18B0108080B02080C0B02085C
:10ECF000010000002C010000C1850108B18B010852
:10ED0000B18B0108080B02080C0B0208030000007D
:10ED10002C010000B18B0108B18B01088189010829
:10ED2000080B02080C0B0208020000002C01000076
:10ED3000B18B0108B18B0108F9890108080B0208A1
:10ED40000C0B020804000000F4010000AD91010862
:10ED5000DD910108A1910108080B02080C0B0208C3
:10ED6000050000002C01000035890108B18B010865
:10ED7000CD880108080B02080C0B020806000000F1
:10ED8000F4010000C18B0108F18B0108B58B01086B
:10ED9000080B02080C0B020807000000F401000039
:10EDA000318B0108618B0108258B0108080B0208D3
:10EDB0000C0B0208080000002C010000E987010884
:10EDC000B18B01082D870108080B02080C0B020803
:10EDD000090000002C010000D5860108B18B010854
:10EDE000F9850108080B02080C0B02080A00000054
:10EDF0002C0100004D8801087D8801084188010828
:10EE0000080B02080C0B02080B0000002C0100008C
:10EE1000D18E0108158F0108B18B0108080B02087B
:10EE20000C0B02080C0000002C010000B18B010843
:10EE3000B18B0108718A0108080B02080C0B02084B
:10EE40000D0000002C0100002D940108B18B010879
:10EE5000A5930108080B02080C0B02080E00000025
:10EE6000F401000065920108959201085992010889
:10EE7000080B02080C0B02080F000000F401000050
:10EE800039930108699301082D930108080B0208C2
:10EE90000C0B020810000000F4010000359101087D
:10EEA0006591010829910108080B02080C0B020862
:10EEB000110000002C010000398E01087D8E010830
:10EEC000B18B0108080B02080C0B020812000000AD
:10EED000D00700007D8D0108B58D01083D8C01082B
:10EEE000080B02080C0B020813000000E8030000E6
:10EEF00065900108B18B01084D8F0108080B0208CD
:10EF00000C0B020814000000F4010000BD90010881
:10EF1000ED900108B18B0108080B02080C0B0208E8
:10EF200015000000F4010000D1620108116301081E
:10EF3000C5620108080B02080C0B0208160000004D
:10EF4000F4010000E163010821640108D5630108B0
:10EF5000080B02080C0B020817000000F401000067
:10EF600059630108996301084D630108080B020801
:10EF70000C0B020818000000F4010000E96401080D
:10EF800015650108DD640108080B02080C0B020876
:10EF900019000000F401000089650108B565010849
:10EFA0007D650108080B02080C0B02081A0000001E
:10EFB000F401000029660108556601081D66010874
:10EFC000080B02080C0B02081B000000F4010000F3
:10EFD000C9660108F5660108BD660108080B02084C
:10EFE0000C0B02081C000000F40100006967010816
:10EFF000956701085D670108080B02080C0B020801
:10F000001D000000F40100000968010835680108CE
:10F01000FD670108080B02080C0B02081E00000027
:10F02000F4010000A9680108D56801089D6801087D
:10F03000080B02080C0B02081F000000F40100007E
:10F0400049690108756901083D690108040B020856
:10F050000C0B020820000000F4010000E56A010822
:10F06000156B0108B18B0108080B02080C0B020894
:10F0700021000000E8030000756B0108A56B010882
:10F08000B18B0108080B02080C0B020822000000DB
:10F09000F4010000C56A0108B18B0108DD690108AF
:10F0A000080B02080C0B020823000000F40100000A
:10F0B00051620108916201084562010800000000E8
:10F0C000000000002400000000000000FD6B0108AB
:10F0D000B18B0108B18B0108F40A02080C0B02087D
:10F0E00025000000DC050000697F0108957F01080C
:10F0F000B18B0108040B02080C0B0208260000006B
:10F10000E8030000D1820108FD820108B18B0108EB
:10F11000080B02080C0B020827000000E80300009F
:10F120000D7F01083D7F0108B18B0108080B020823
:10F130000C0B020828000000E8030000E18301082E
:10F140000D840108B18B0108080B02080C0B0208A2
:10F1500029000000E8030000E58001081181010892
:10F16000B18B0108080B02080C0B02082A000000F2
:10F17000F4010000B1820108B18B0108818101080E
:10F18000080B02080C0B02082B000000F401000021
:10F19000A17E0108017F0108B18B01080000000079
:10F1A000000000002C000000000000008D84010819
:10F1B000B18B0108B18B0108080B02080C0B020887
:10F1C0002D0000002C010000A1780108CD78010875
:10F1D000B18B0108080B02080C0B02082E0000007E
:10F1E0002C0100002578010851780108B18B010835
:10F1F000080B02080C0B02082F0000002C01000075
:10F2000099600108C5600108B18B0108080B02086C
:10F210000C0B0208300000002C01000025610108E1
:10F2200051610108B18B0108080B02080C0B0208A0
:10F23000310000002C010000B5610108E161010806
:10F24000B18B0108080B02080C0B02083200000009
:10F25000C8000000B18B0108C16C0108B18B010826
:10F26000080B02080C0B020833000000B004000079
:10F27000556F0108816F0108B18B0108080B020866
:10F280000C0B020834000000F4010000296D010895
:10F29000556D0108B18B0108080B02080C0B020820
:10F2A00035000000F401000079750108A975010816
:10F2B000B18B0108040B02080C0B02083600000099
:10F2C000F4010000F173010821740108B18B0108F9
:10F2D000040B02080C0B020837000000F4010000C8
:10F2E0004570010875700108B18B0108040B020814
:10F2F0000C0B020838000000F401000059710108ED
:10F3000089710108B18B0108040B02080C0B02087B
:10F3100039000000F401000035720108657201082F
:10F32000B18B0108040B02080C0B02083A00000024
:10F33000F40100001573010845730108B18B010841
:10F34000080B02080C0B02083B000000E803000059
:10F35000CD740108FD740108B18B0108080B020887
:10F360000C0B02083C000000F4010000056E0108CF
:10F37000116E0108B18B0108080B02080C0B020882
:10F380003D000000F4010000E96E0108496F01082A
:10F39000B18B0108080B02080C0B02083E000000AC
:10F3A000F4010000556C0108B56C0108B18B01082F
:10F3B00000000000000000003F000000000000000E
:10F3C000B9760108B18B0108B18B0108F40A020873
:10F3D0000C0B020840000000DC050000097A01085F
:10F3E000357A0108B18B0108040B02080C0B0208E6
:10F3F00041000000E8030000D57C0108157D0108EC
:10F40000B18B0108080B02080C0B02084200000037
:10F41000E8030000AD790108DD790108B18B01082E
:10F42000080B02080C0B020843000000E803000070
:10F43000917D0108BD7D0108B18B0108080B020810
:10F440000C0B020844000000E8030000017B0108E7
:10F450002D7B0108B18B0108080B02080C0B020878
:10F4600045000000F4010000B57C0108B18B0108E3
:10F47000817B0108080B02080C0B02084600000003
:10F48000A00F000041790108A1790108B18B0108A2
:10F490000000000000000000470000000000000025
:10F4A000397E0108B18B0108B18B0108080B0208F5
:10F4B00000000000000000002C010000F58401089D
:10F4C000B18B0108B18B0108080B02080C0B020874
:10F4D000010000002C010000C1850108B18B01086A
:10F4E000B18B0108080B02080C0B02080300000096
:10F4F0002C010000B18B0108B18B01088189010842
:10F50000080B02080C0B0208020000002C0100008E
:10F51000B18B0108B18B0108F9890108080B0208B9
:10F520000C0B020804000000F4010000AD9101087A
:10F53000DD910108A1910108080B02080C0B0208DB
:10F54000050000002C01000035890108B18B01087D
:10F55000CD880108080B02080C0B02080600000009
:10F56000F4010000C18B0108F18B0108B58B010883
:10F57000080B02080C0B020807000000F401000051
:10F58000318B0108618B0108258B0108080B0208EB
:10F590000C0B0208080000002C010000E98701089C
:10F5A000B18B01082D870108080B02080C0B02081B
:10F5B000090000002C010000D5860108B18B01086C
:10F5C000F9850108080B02080C0B02080A0000006C
:10F5D0002C0100004D8801087D8801084188010840
:10F5E000080B02080C0B02080B0000002C010000A5
:10F5F000D18E0108158F0108B18B0108080B020894
:10F600000C0B02080C0000002C010000B18B01085B
:10F61000B18B0108718A0108080B02080C0B020863
:10F620000D0000002C0100002D940108B18B010891
:10F63000A5930108080B02080C0B02080E0000003D
:10F64000F4010000659201089592010859920108A1
:10F65000080B02080C0B02080F000000F401000068
:10F6600039930108699301082D930108080B0208DA
:10F670000C0B020810000000F40100003591010895
:10F680006591010829910108080B02080C0B02087A
:10F69000110000002C010000398E01087D8E010848
:10F6A000B18B0108080B02080C0B020812000000C5
:10F6B000D00700007D8D0108B58D01083D8C010843
:10F6C000080B02080C0B020813000000E8030000FE
:10F6D00065900108B18B01084D8F0108080B0208E5
:10F6E0000C0B020814000000F4010000BD9001089A
:10F6F000ED900108B18B0108080B02080C0B020801
:10F7000015000000F4010000D16201081163010836
:10F71000C5620108080B02080C0B02081600000065
:10F72000F4010000E163010821640108D5630108C8
:10F73000080B02080C0B020817000000F40100007F
:10F7400059630108996301084D630108080B020819
:10F750000C0B020818000000F4010000E964010825
:10F7600015650108DD640108080B02080C0B02088E
:10F7700019000000F401000089650108B565010861
:10F780007D650108080B02080C0B02081A00000036
:10F79000F401000029660108556601081D6601088C
:10F7A000080B02080C0B02081B000000F40100000B
:10F7B000C9660108F5660108BD660108080B020864
:10F7C0000C0B02081C000000F4010000696701082E
:10F7D000956701085D670108080B02080C0B020819
:10F7E0001D000000F40100000968010835680108E7
:10F7F000FD670108080B02080C0B02081E00000040
:10F80000F4010000A9680108D56801089D68010895
:10F81000080B02080C0B02081F000000F401000096
:10F8200049690108756901083D690108040B02086E
:10F830000C0B020820000000F4010000E56A01083A
:10F84000156B0108B18B0108080B02080C0B0208AC
:10F8500021000000E8030000756B0108A56B01089A
:10F86000B18B0108080B02080C0B020822000000F3
:10F87000F4010000C56A0108B18B0108DD690108C7
:10F88000080B02080C0B020823000000F401000022
:10F890005162010891620108456201080000000000
:10F8A000000000002400000000000000FD6B0108C3
:10F8B000B18B0108B18B0108F40A02080C0B020895
:10F8C00025000000DC050000697F0108957F010824
:10F8D000B18B0108040B02080C0B02082600000083
:10F8E000E8030000D1820108FD820108B18B010804
:10F8F000080B02080C0B020827000000E8030000B8
:10F900000D7F01083D7F0108B18B0108080B02083B
:10F910000C0B020828000000E8030000E183010846
:10F920000D840108B18B0108080B02080C0B0208BA
:10F9300029000000E8030000E580010811810108AA
:10F94000B18B0108080B02080C0B02082A0000000A
:10F95000F4010000B1820108B18B01088181010826
:10F96000080B02080C0B02082B000000F401000039
:10F97000A17E0108017F0108B18B01080000000091
:10F98000000000002C000000000000008D84010831
:10F99000B18B0108B18B0108080B02080C0B02089F
:10F9A0002D0000002C010000A1780108CD7801088D
:10F9B000B18B0108080B02080C0B02082E00000096
:10F9C0002C0100002578010851780108B18B01084D
:10F9D000080B02080C0B02082F0000002C0100008D
:10F9E00099600108C5600108B18B0108080B020885
:10F9F0000C0B0208300000002C01000025610108FA
:10FA000051610108B18B0108080B02080C0B0208B8
:10FA1000310000002C010000B5610108E16101081E
:10FA2000B18B0108080B02080C0B02083200000021
:10FA3000C8000000B18B0108C16C0108B18B01083E
:10FA4000080B02080C0B020833000000B004000091
:10FA5000556F0108816F0108B18B0108080B02087E
:10FA60000C0B020834000000F4010000296D0108AD
:10FA7000556D0108B18B0108080B02080C0B020838
:10FA800035000000F401000079750108A97501082E
:10FA9000B18B0108040B02080C0B020836000000B1
:10FAA000F4010000F173010821740108B18B010811
:10FAB000040B02080C0B020837000000F4010000E0
:10FAC0004570010875700108B18B0108040B02082C
:10FAD0000C0B020838000000F40100005971010805
:10FAE00089710108B18B0108040B02080C0B020894
:10FAF00039000000F4010000357201086572010848
:10FB0000B18B0108040B02080C0B02083A0000003C
:10FB1000F40100001573010845730108B18B010859
:10FB2000080B02080C0B02083B000000E803000071
:10FB3000CD740108FD740108B18B0108080B02089F
:10FB40000C0B02083C000000F4010000056E0108E7
:10FB5000116E0108B18B0108080B02080C0B02089A
:10FB60003D000000F4010000E96E0108496F010842
:10FB7000B18B0108080B02080C0B02083E000000C4
:10FB8000F4010000556C0108B56C0108B18B010847
:10FB900000000000000000003F0000000000000026
:10FBA000B9760108B18B0108B18B0108F40A02088B
:10FBB0000C0B020840000000DC050000097A010877
:10FBC000357A0108B18B0108040B02080C0B0208FE
:10FBD00041000000E8030000D57C0108157D010804
:10FBE000B18B0108080B02080C0B02084200000050
:10FBF000E8030000AD790108DD790108B18B010847
:10FC0000080B02080C0B020843000000E803000088
:10FC1000917D0108BD7D0108B18B0108080B020828
:10FC20000C0B020844000000E8030000017B0108FF
:10FC30002D7B0108B18B0108080B02080C0B020890
:10FC400045000000F4010000B57C0108B18B0108FB
:10FC5000817B0108080B02080C0B0208460000001B
:10FC6000A00F000041790108A1790108B18B0108BA
:10FC7000000000000000000047000000000000003D
:10FC8000397E0108B18B0108B18B0108000000002A
:10FC90000000000001020304060708090304060827
:10FCA0000C10182030000000000102030400404046
:10FCB000404040404040404141414141404040403F
:10FCC00040404040404040404040404040400502AD
:10FCD00002020202020202020202020202022020C8
:10FCE0002020202020202020020202020202029076
:10FCF0009090909090101010101010101010101084
:10FD000010101010101010101002020202020288CF
:10FD100088888888880808080808080808080808E3
:10FD20000808080808080808080202020240000043
:10FD3000AEFC01081F1C1F1E1F1E1F1F1E1F1E1FA3
:10FD40004A616E7561727900466562727561727999
:10FD5000004D6172636800417072696C004D617999
:10FD6000004A756E65004A756C7900417567757358
:10FD7000740053657074656D626572004F63746FD3
:10FD8000626572004E6F76656D62657200446563F0
:10FD9000656D626572001F1D1F1E1F1E1F1F1E1F27
:10FDA0001E1F00000D0A4F4B0D0A00000D0A4552A0
:10FDB000524F520D0A0000000D0A41545F5041524B
:10FDC000414D5F4552524F520D0A00000D0A4154F9
:10FDD0005F52585F4552524F520D0A000D0A41546E
:10FDE0005F425553595F4552524F520D0A00000071
:10FDF0000D0A41545F544553545F504152414D5F89
:10FE00004F564552464C4F570D0A00005B25645D26
:10FE10000D0A41542B3C434D443E3F2020202020DE
:10FE20002020203A2048656C70206F6E203C434DA6
:10FE3000443E0D0A41542B3C434D443E202020209B
:10FE400020202020203A2052756E203C434D443E15
:10FE50000D0A41542B3C434D443E3D3C76616C754C
:10FE6000653E203A20536574207468652076616C85
:10FE700075650D0A41542B3C434D443E3D3F2020C7
:10FE800020202020203A2047657420746865207661
:10FE9000616C75650D0A0D0A0000000041542B4786
:10FEA000444E5320203A20476574206F72205365DA
:10FEB000742074686520444E5320000041542B5434
:10FEC0004C534D4F4420203A20476574206F7220D8
:10FED0005365742074686520544C53206D6F6465BD
:10FEE0002000000041542B534C45455020203A201F
:10FEF000476574206F7220536574207468652073A1
:10FF00006C656570206D6F646520000041542B4363
:10FF1000535154494D4520203A20476574206F7253
:10FF200020536574207468652074696D6520746F52
:10FF3000206A6F696E20746865206E6574776F72D1
:10FF40006B20000041542B50524F20202020203A9B
:10FF500020476574206F7220536574207573616744
:10FF6000652061677265656D656E742028313A435E
:10FF70004F41502C323A5544502C333A4D51545441
:10FF80002C343A544350290041542B494E544D4F80
:10FF90004420203A20476574206F722053657420F6
:10FFA000746865207472696767657220696E74652C
:10FFB0007272757074206D6F64652028303A696EB6
:10FFC0007075742C313A66616C6C696E67206F7263
:10FFD00020726973696E672C323A66616C6C696E67
:10FFE000672C333A726973696E67290041542B5547
:10FFF0005249313A20476574206F7220736574202E
:020000040802F0
:10000000436F4150206F7074696F6E2031000000A3
:1000100041542B555249310041542B464452310032
:1000200041542B555249323A20476574206F722053
:1000300073657420436F4150206F7074696F6E2038
:100040003200000041542B555249320041542B5587
:100050005249333A20476574206F722073657420CB
:10006000436F4150206F7074696F6E203300000041
:1000700041542B555249330041542B555249343A7F
:1000800020476574206F722073657420436F415060
:10009000206F7074696F6E203400000041542B553E
:1000A0005249340041542B555249353A2047657422
:1000B000206F722073657420436F4150206F7074FD
:1000C000696F6E203500000041542B5552493500B0
:1000D00041542B555249363A20476574206F72209F
:1000E00073657420436F4150206F7074696F6E2088
:1000F0003600000041542B555249360041542B49DB
:10010000505459504520203A205365742074686536
:100110002049507634206F72204950763600000016
:1001200041542B555249373A20476574206F72204D
:1001300073657420436F4150206F7074696F6E2037
:100140003700000041542B555249370041542B557C
:100150005249383A20476574206F722073657420C5
:10016000436F4150206F7074696F6E20380000003B
:1001700041542B555249380041542B4C4441544171
:100180000000000041542B544443000041542B47CD
:100190005444430041542B505542544F504943005E
:1001A00041542B535542544F5049430041542B4422
:1001B000455549202020203A20476574206F722041
:1001C00073657420746865204465766963652049A9
:1001D0004400000041542B434C49454E5420203AE2
:1001E00020476574206F7220536574207468652001
:1001F0004D51545420636C69656E7449440000008D
:1002000041542B5142414E440000000041542B43C5
:1002100046474D4F4400000041542B544C534D4F22
:100220004400000041542B494E544D4F44000000FF
:1002300041542B494F544D4F4400000041542B5022
:10024000574F52440000000041542B5057440000C7
:1002500041542B554E414D450000000041542B4365
:10026000535154494D45000041542B495054595065
:100270004500000041542B444F574E5445000000A8
:1002800041542B47455453454E534F5256414C55BC
:100290004500000041542B434647000041542B4485
:1002A0004E5343464700000041542B434C4F434BB1
:1002B0004C4F470041542B4745544C4F47000000DA
:1002C00041542B444555490041542B5258444C004D
:1002D00041542B4D4F44454C0000000041542B41EC
:1002E000504E20202020203A20476574206F722035
:1002F000736574207468652041504E0041542B4151
:10030000504E000041542B50524F000041542B439B
:100310004450000041542B534C4545500000000010
:1003200041542B53455256414444520041542B46AC
:100330004452000041542B47444E530041542B4D2E
:10034000514F530041542B47505320203A205475AD
:10035000726E206F666620616E64206F6E2047505B
:100360005300000041542B475053000041542B4789
:100370004E53535420203A20457874656E6420749F
:1003800068652074696D6520746F207475726E20C5
:100390006F6E20474E53530041542B494F544D4FDD
:1003A000443A20436F6E666967757265204E6574C6
:1003B000776F726B2043617465676F727920746F19
:1003C00020626520536561726368656420666F72A0
:1003D00020756E646572204C5445205241540000D3
:1003E00041542B434C49454E5400000041542B4787
:1003F0004E5353540000000041542B4D514F532095
:10040000203A205365742074686520516F53206C26
:100410006576656C206F66204D51545400000000D5
:1004200041542B355654000041542B45585400007C
:1004300041545A20202020202020203A2054726944
:10044000672061207265736574206F66207468652B
:10045000204D43550000000041542B5153570000DC
:1004600041545A0041542B4C444154412020203ADD
:100470002047657420746865206C61737420757002
:100480006C6F6164206461746100000041542B430F
:10049000445020202020203A2052656164206F7251
:1004A00020436C65617220636163686564206461E8
:1004B0007461000041542B505542544F5049433A07
:1004C00020476574206F7220736574204D51545419
:1004D000207075626C697368696E6720746F7069EB
:1004E0006300000041542B535542544F5049433A46
:1004F00020476574206F7220736574204D515454E9
:1005000020737562736372697074696F6E20746FA3
:100510007069630041542B5142414E443A20476573
:1005200074206F7220736574204672657175656EF4
:1005300063792042616E640041542B50574420205F
:100540002020203A20476574206F72205365742064
:10055000746865204D5154542070617373776F72C5
:100560006400000041542B50574F52442020203A41
:1005700020476574206F722073657420746865204D
:1005800053797374656D2070617373776F72640053
:1005900041542B51535720203A20506F77657220D9
:1005A0006F6E20616E6420706F776572206F666673
:1005B0002042473935206D6F64756C65000000007E
:1005C00041542B554E414D452020203A204765741B
:1005D000206F722053657420746865204D51545407
:1005E00020557365726E616D6500000041542B43A8
:1005F0004C4F434B4C4F473A20476574206F722055
:1006000073657420534854207265636F726420745C
:10061000696D650041542B5258444C202020203AEB
:1006200020476574206F72205365742074686520BC
:10063000726563656976696E672074696D6500002F
:1006400041542B45585420202020203A20476574DF
:10065000206F722053657420436F756E742076612D
:100660006C75650041542B475444432020202020C2
:100670003A20476574206F72207365742047505389
:1006800020706F736974696F6E696E6720696E742C
:10069000657276616C20696E20756E697473206F67
:1006A0006620680041542B4D4F44454C2020203A91
:1006B00020476574206D6F64756C6520696E666F88
:1006C000726D6174696F6E0041542B4346474D4F04
:1006D0004420203A20576F726B696E67206D6F64FB
:1006E000652073656C656374696F6E0041542B44BB
:1006F0004E5343464720203A20476574206F7220AE
:1007000053657420444E5320536572766572000021
:1007100041542B35565420202020203A2047657420
:10072000206F722053657420657874656E64207440
:1007300068652074696D65206F6620355620706F7E
:100740007765720041542B54444320202020203AE6
:1007500020476574206F722073657420746865206B
:100760006170706C69636174696F6E20646174613B
:10077000207472616E736D697373696F6E20696E38
:1007800074657276616C20696E20730041542B464B
:1007900044523120202020203A2052657365742075
:1007A000706172616D657465727320746F2066612B
:1007B00063746F72792064656661756C742076610C
:1007C0006C7565732065786365707420666F722040
:1007D00070617373776F72647300000041542B4330
:1007E000464720202020203A205072696E742061F4
:1007F0006C6C2073657474696E67730041542B4789
:1008000045544C4F4720203A205072696E74207333
:10081000657269616C20706F7274206C6F67730011
:1008200041542B444F574E54453A20476574206F2E
:1008300072207365742074686520636F6E766572CC
:1008400073696F6E206265747765656E2074686584
:10085000207374616E646172642076657273696F6F
:100860006E20616E642031542076657273696F6EFC
:1008700020646F776E6C696E6B73000041542B536C
:10088000455256414444523A20476574206F7220C5
:1008900053657420746865205365727665722061B3
:1008A000646472657373000041542B4644522020E7
:1008B0002020203A20526573657420506172616D6A
:1008C000657465727320746F20466163746F72790A
:1008D0002044656661756C740000000041542B472C
:1008E000455453454E534F5256414C5545202020B8
:1008F00020203A2052657475726E732074686520EA
:1009000063757272656E742073656E736F72206D9D
:100910006561737572656D656E7400006D6F643727
:100920003A6164313A2564206164323A2564206179
:1009300064333A256420647331386232305F313A6F
:10094000252E316620647331386232305F323A25A9
:100950002E316620647331386232305F333A252E8F
:1009600031662020000000000D0A44524147494EE4
:100970004F20534E353056332D4353204E422D4990
:100980006F542053656E736F72204E6F64650D0A4D
:10099000496D6167652056657273696F6E3A20769E
:1009A000312E312E300D0A4E422D496F5420537492
:1009B00061636B203A20442D424739352D30303267
:1009C0000D0A50726F746F636F6C20696E205573DF
:1009D00065643A20000000007B22494D4549223AD7
:1009E000222573222C22494D5349223A2225732273
:1009F0002C224D6F64656C223A22534E35305633AB
:100A00002D4342222C226D6F64223A25642C2262EF
:100A1000617474657279223A252E32662C227369CC
:100A2000676E616C223A25642C2274696D65223AE6
:100A3000222573222C226C61746974756465223AD4
:100A400025662C226C6F6E676974756465223A2581
:100A5000662C226770735F74696D65223A22257374
:100A6000222C00005B25645D436F6E6669677572BA
:100A700065204E6574776F726B2043617465676F94
:100A8000727920746F2062652053656172636865B6
:100A90006420666F7220756E646572204C54452028
:100AA0005241542E0D0A00005B25645D536574208D
:100AB00074686520436F4150206D6573736167658D
:100AC00020494420746F203132333420616E642019
:100AD0006175746F6D61746963616C6C79206765B1
:100AE0006E6572617465206120746F6B656E0D0AAE
:100AF000000000002B51494F50454E3A20302C3019
:100B0000000000003E0000004F4B00004552524FD5
:100B100052000000340B020800000020D801000041
:100B2000008E00085C0B0208D8010020B0310000E4
:100B3000701D01086102614B130C100280200A2510
:100B40001684321F5A1C08DA1E08091214014202C8
:0C0B500031044B7021CCBA013E89DF005B
:04000005080078C1B6
:00000001FF
